manufacturer,series,model,fan_type,arrangement,motor_type,impeller_diameter_mm,wheel_width_mm,blade_count,blade_family,airflow_m3h,static_pressure_pa,total_pressure_pa,rpm,input_power_w,shaft_power_w,efficiency_pct,noise_dba,voltage_v,frequency_hz,current_a,material,ip_rating,insulation_class,control,operating_temp,width_mm,height_mm,depth_mm,weight_kg,source_file,source_page,data_status,notes
Airtek Power,Airtek Power V.2024 - EC Backward Curved Centrifugal Fans,B23E133H54-72-00,Backward curved / plug fan,Plenum / unhoused,EC,133.0,54.0,,,450.0,,,5220.0,88.0,,,68.0,230.0,50/60,,PA66+GF,IP 54,F,0-10VDC/PWM (Control input 4-20mA),-25~+60℃,,,,,Airtek Power Catalog (AC _ EC).pdf,7,Airtek V.2024 parsed - exact source page embedded,Original Airtek V.2024 PDF page 7. Published numeric Pa / m3/h / rpm / W curve-table points are stored separately when present. D2 and H are decoded from Airtek model nomenclature; the catalogue model-code key identifies impeller diameter and H as impeller height.
Airtek Power,Airtek Power V.2024 - EC Backward Curved Centrifugal Fans,B23E155H54-72-A0,Backward curved / plug fan,Plenum / unhoused,EC,155.0,54.0,,,428.0,,,3570.0,40.0,,,63.0,230.0,50/60,,PA66+GF,IP 54,F,0-10VDC/PWM (Control input 4-20mA),-25~+60℃,,,,,Airtek Power Catalog (AC _ EC).pdf,8,Airtek V.2024 parsed - exact source page embedded,Original Airtek V.2024 PDF page 8. Published numeric Pa / m3/h / rpm / W curve-table points are stored separately when present. D2 and H are decoded from Airtek model nomenclature; the catalogue model-code key identifies impeller diameter and H as impeller height.
Airtek Power,Airtek Power V.2024 - EC Backward Curved Centrifugal Fans,B23E175H62-72-A0,Backward curved / plug fan,Plenum / unhoused,EC,175.0,62.0,,,670.0,,,3650.0,80.0,,,74.0,230.0,50/60,,PA66+GF,IP 54,F,0-10VDC/PWM (Control input 4-20mA),-25~+60℃,,,,,Airtek Power Catalog (AC _ EC).pdf,9,Airtek V.2024 parsed - exact source page embedded,Original Airtek V.2024 PDF page 9. Published numeric Pa / m3/h / rpm / W curve-table points are stored separately when present. D2 and H are decoded from Airtek model nomenclature; the catalogue model-code key identifies impeller diameter and H as impeller height.
Airtek Power,Airtek Power V.2024 - EC Backward Curved Centrifugal Fans,B23E175H63-72-00,Backward curved / plug fan,Plenum / unhoused,EC,175.0,63.0,,,880.0,,,5030.0,166.0,,,68.0,230.0,50/60,,PA66+GF,IP 54,F,0-10VDC/PWM (Control input 4-20mA),-25~+60℃,,,,,Airtek Power Catalog (AC _ EC).pdf,10,Airtek V.2024 parsed - exact source page embedded,Original Airtek V.2024 PDF page 10. Published numeric Pa / m3/h / rpm / W curve-table points are stored separately when present. D2 and H are decoded from Airtek model nomenclature; the catalogue model-code key identifies impeller diameter and H as impeller height.
Airtek Power,Airtek Power V.2024 - EC Backward Curved Centrifugal Fans,B23E190H63-72-A0,Backward curved / plug fan,Plenum / unhoused,EC,190.0,63.0,,,750.0,,,3570.0,95.0,,,76.0,230.0,50/60,,PA66+GF,IP 54,F,0-10VDC/PWM (Control input 4-20mA),-25~+60℃,,,,,Airtek Power Catalog (AC _ EC).pdf,11,Airtek V.2024 parsed - exact source page embedded,Original Airtek V.2024 PDF page 11. Published numeric Pa / m3/h / rpm / W curve-table points are stored separately when present. D2 and H are decoded from Airtek model nomenclature; the catalogue model-code key identifies impeller diameter and H as impeller height.
Airtek Power,Airtek Power V.2024 - EC Backward Curved Centrifugal Fans,B23E190H63-72-00,Backward curved / plug fan,Plenum / unhoused,EC,190.0,63.0,,,810.0,,,4230.0,150.0,,,70.0,230.0,50/60,,PA66+GF,IP 54,F,0-10VDC/PWM (Control input 4-20mA),-25~+60℃,,,,,Airtek Power Catalog (AC _ EC).pdf,12,Airtek V.2024 parsed - exact source page embedded,Original Airtek V.2024 PDF page 12. Published numeric Pa / m3/h / rpm / W curve-table points are stored separately when present. D2 and H are decoded from Airtek model nomenclature; the catalogue model-code key identifies impeller diameter and H as impeller height.
Airtek Power,Airtek Power V.2024 - EC Backward Curved Centrifugal Fans,B23E220H64-72-A0,Backward curved / plug fan,Plenum / unhoused,EC,220.0,64.0,,,850.0,,,2600.0,75.0,,,71.0,230.0,50/60,,PA66+GF,IP 54,F,0-10VDC/PWM (Control input 4-20mA),-25~+60℃,,,,,Airtek Power Catalog (AC _ EC).pdf,13,Airtek V.2024 parsed - exact source page embedded,Original Airtek V.2024 PDF page 13. Published numeric Pa / m3/h / rpm / W curve-table points are stored separately when present. D2 and H are decoded from Airtek model nomenclature; the catalogue model-code key identifies impeller diameter and H as impeller height.
Airtek Power,Airtek Power V.2024 - EC Backward Curved Centrifugal Fans,B23E220H64-92-A1,Backward curved / plug fan,Plenum / unhoused,EC,220.0,64.0,,,970.0,,,3310.0,145.0,,,74.0,230.0,50/60,,PA66+GF,IP 54,F,0-10VDC/PWM (Control input 4-20mA),-25~+60℃,,,,,Airtek Power Catalog (AC _ EC).pdf,14,Airtek V.2024 parsed - exact source page embedded,Original Airtek V.2024 PDF page 14. Published numeric Pa / m3/h / rpm / W curve-table points are stored separately when present. D2 and H are decoded from Airtek model nomenclature; the catalogue model-code key identifies impeller diameter and H as impeller height.
Airtek Power,Airtek Power V.2024 - EC Backward Curved Centrifugal Fans,B23E225H81-72-A0,Backward curved / plug fan,Plenum / unhoused,EC,225.0,81.0,,,1200.0,,,2200.0,80.0,,,65.0,230.0,50/60,,PA66+GF,IP 54,F,0-10VDC/PWM (Control input 4-20mA),-25~+60℃,,,,,Airtek Power Catalog (AC _ EC).pdf,15,Airtek V.2024 parsed - exact source page embedded,Original Airtek V.2024 PDF page 15. Published numeric Pa / m3/h / rpm / W curve-table points are stored separately when present. D2 and H are decoded from Airtek model nomenclature; the catalogue model-code key identifies impeller diameter and H as impeller height.
Airtek Power,Airtek Power V.2024 - EC Backward Curved Centrifugal Fans,B23E225H89-92-00,Backward curved / plug fan,Plenum / unhoused,EC,225.0,89.0,,,1455.0,,,3060.0,215.0,,,71.0,230.0,50/60,,PA66+GF,IP 54,F,0-10VDC/PWM (Control input 4-20mA),-25~+60℃,,,,,Airtek Power Catalog (AC _ EC).pdf,16,Airtek V.2024 parsed - exact source page embedded,Original Airtek V.2024 PDF page 16. Published numeric Pa / m3/h / rpm / W curve-table points are stored separately when present. D2 and H are decoded from Airtek model nomenclature; the catalogue model-code key identifies impeller diameter and H as impeller height.
Airtek Power,Airtek Power V.2024 - EC Backward Curved Centrifugal Fans,B23E250H73-72-A0,Backward curved / plug fan,Plenum / unhoused,EC,250.0,73.0,,,1230.0,,,2150.0,90.0,,,68.0,230.0,50/60,,PA66+GF,IP 54,F,0-10VDC/PWM (Control input 4-20mA),-25~+60℃,,,,,Airtek Power Catalog (AC _ EC).pdf,17,Airtek V.2024 parsed - exact source page embedded,Original Airtek V.2024 PDF page 17. Published numeric Pa / m3/h / rpm / W curve-table points are stored separately when present. D2 and H are decoded from Airtek model nomenclature; the catalogue model-code key identifies impeller diameter and H as impeller height.
Airtek Power,Airtek Power V.2024 - EC Backward Curved Centrifugal Fans,B23E250H85-92-00,Backward curved / plug fan,Plenum / unhoused,EC,250.0,85.0,,,1505.0,,,3170.0,295.0,,,73.0,230.0,50/60,,PA66+GF,IP 54,F,0-10VDC/PWM (Control input 4-20mA),-25~+60℃,,,,,Airtek Power Catalog (AC _ EC).pdf,18,Airtek V.2024 parsed - exact source page embedded,Original Airtek V.2024 PDF page 18. Published numeric Pa / m3/h / rpm / W curve-table points are stored separately when present. D2 and H are decoded from Airtek model nomenclature; the catalogue model-code key identifies impeller diameter and H as impeller height.
Airtek Power,Airtek Power V.2024 - EC Backward Curved Centrifugal Fans,B23E250H87-102-00,Backward curved / plug fan,Plenum / unhoused,EC,250.0,87.0,,,2166.0,,,3920.0,618.0,,,75.0,230.0,50/60,,Aluminum alloy 5052,IP 54,F,"0-10VDC/PWM (Control input 4-20mA), RS485",-25~+60℃,,,,,Airtek Power Catalog (AC _ EC).pdf,19,Airtek V.2024 parsed - exact source page embedded,Original Airtek V.2024 PDF page 19. Published numeric Pa / m3/h / rpm / W curve-table points are stored separately when present. D2 and H are decoded from Airtek model nomenclature; the catalogue model-code key identifies impeller diameter and H as impeller height.
Airtek Power,Airtek Power V.2024 - EC Backward Curved Centrifugal Fans,B23E280H81-92-00,Backward curved / plug fan,Plenum / unhoused,EC,280.0,81.0,,,1660.0,,,2220.0,195.0,,,69.0,230.0,50/60,,Galvanized sheet steel,IP 54,F,0-10VDC/PWM (Control input 4-20mA),-25~+60℃,,,,,Airtek Power Catalog (AC _ EC).pdf,20,Airtek V.2024 parsed - exact source page embedded,Original Airtek V.2024 PDF page 20. Published numeric Pa / m3/h / rpm / W curve-table points are stored separately when present. D2 and H are decoded from Airtek model nomenclature; the catalogue model-code key identifies impeller diameter and H as impeller height.
Airtek Power,Airtek Power V.2024 - EC Backward Curved Centrifugal Fans,B23E280H128-92-B0,Backward curved / plug fan,Plenum / unhoused,EC,280.0,128.0,,,2517.0,,,1950.0,195.0,,,71.5,230.0,50/60,,PA66+GF,IP 54,F,0-10VDC/PWM (Control input 4-20mA),-25~+60℃,,,,,Airtek Power Catalog (AC _ EC).pdf,21,Airtek V.2024 parsed - exact source page embedded,Original Airtek V.2024 PDF page 21. Published numeric Pa / m3/h / rpm / W curve-table points are stored separately when present. D2 and H are decoded from Airtek model nomenclature; the catalogue model-code key identifies impeller diameter and H as impeller height.
Airtek Power,Airtek Power V.2024 - EC Backward Curved Centrifugal Fans,B23E280H128-102-B0,Backward curved / plug fan,Plenum / unhoused,EC,280.0,128.0,,,3290.0,,,2500.0,370.0,,,78.0,230.0,50/60,,PA66+GF,IP 54,F,0-10VDC/PWM (Control input 4-20mA),-25~+60℃,,,,,Airtek Power Catalog (AC _ EC).pdf,22,Airtek V.2024 parsed - exact source page embedded,Original Airtek V.2024 PDF page 22. Published numeric Pa / m3/h / rpm / W curve-table points are stored separately when present. D2 and H are decoded from Airtek model nomenclature; the catalogue model-code key identifies impeller diameter and H as impeller height.
Airtek Power,Airtek Power V.2024 - EC Backward Curved Centrifugal Fans,B23E280H128-102-B1,Backward curved / plug fan,Plenum / unhoused,EC,280.0,128.0,,,3642.0,,,2750.0,500.0,,,80.0,230.0,50/60,,PA66+GF,IP 54,F,0-10VDC/PWM (Control input 4-20mA),-25~+60℃,,,,,Airtek Power Catalog (AC _ EC).pdf,23,Airtek V.2024 parsed - exact source page embedded,Original Airtek V.2024 PDF page 23. Published numeric Pa / m3/h / rpm / W curve-table points are stored separately when present. D2 and H are decoded from Airtek model nomenclature; the catalogue model-code key identifies impeller diameter and H as impeller height.
Airtek Power,Airtek Power V.2024 - EC Backward Curved Centrifugal Fans,B23E280H133-102-00,Backward curved / plug fan,Plenum / unhoused,EC,280.0,133.0,,,3916.0,,,3100.0,732.0,,,76.0,230.0,50/60,,Aluminum alloy 5052,IP 54,F,"0-10VDC/PWM (Control input 4-20mA), RS485",-25~+60℃,,,,,Airtek Power Catalog (AC _ EC).pdf,24,Airtek V.2024 parsed - exact source page embedded,Original Airtek V.2024 PDF page 24. Published numeric Pa / m3/h / rpm / W curve-table points are stored separately when present. D2 and H are decoded from Airtek model nomenclature; the catalogue model-code key identifies impeller diameter and H as impeller height.
Airtek Power,Airtek Power V.2024 - EC Backward Curved Centrifugal Fans,B38E280H133-138-00,Backward curved / plug fan,Plenum / unhoused,EC,280.0,133.0,,,4075.0,,,3450.0,1450.0,,,79.0,380.0,50/60,,Aluminum alloy 5052,IP 54,F,"0-10VDC/PWM (Control input 4-20mA), RS485",-25~+60℃,,,,,Airtek Power Catalog (AC _ EC).pdf,25,Airtek V.2024 parsed - exact source page embedded,Original Airtek V.2024 PDF page 25. Published numeric Pa / m3/h / rpm / W curve-table points are stored separately when present. D2 and H are decoded from Airtek model nomenclature; the catalogue model-code key identifies impeller diameter and H as impeller height.
Airtek Power,Airtek Power V.2024 - EC Backward Curved Centrifugal Fans,B23E320H134-102-00,Backward curved / plug fan,Plenum / unhoused,EC,320.0,134.0,,,2730.0,,,2150.0,355.0,,,72.0,230.0,50/60,,Aluminum alloy 5052,IP 54,F,0-10VDC/PWM (Control input 4-20mA),-25~+60℃,,,,,Airtek Power Catalog (AC _ EC).pdf,26,Airtek V.2024 parsed - exact source page embedded,Original Airtek V.2024 PDF page 26. Published numeric Pa / m3/h / rpm / W curve-table points are stored separately when present. D2 and H are decoded from Airtek model nomenclature; the catalogue model-code key identifies impeller diameter and H as impeller height.
Airtek Power,Airtek Power V.2024 - EC Backward Curved Centrifugal Fans,B23E320H134-102-01,Backward curved / plug fan,Plenum / unhoused,EC,320.0,134.0,,,3250.0,,,2600.0,655.0,,,77.0,230.0,50/60,,Aluminum alloy 5052,IP 54,F,0-10VDC/PWM (Control input 4-20mA),-25~+60℃,,,,,Airtek Power Catalog (AC _ EC).pdf,27,Airtek V.2024 parsed - exact source page embedded,Original Airtek V.2024 PDF page 27. Published numeric Pa / m3/h / rpm / W curve-table points are stored separately when present. D2 and H are decoded from Airtek model nomenclature; the catalogue model-code key identifies impeller diameter and H as impeller height.
Airtek Power,Airtek Power V.2024 - EC Backward Curved Centrifugal Fans,B23E320H134-102-02,Backward curved / plug fan,Plenum / unhoused,EC,320.0,134.0,,,2860.0,,,2300.0,445.0,,,70.0,230.0,50/60,,Aluminum alloy 5052,IP 54,F,0-10VDC/PWM (Control input 4-20mA),-25~+60℃,,,,,Airtek Power Catalog (AC _ EC).pdf,28,Airtek V.2024 parsed - exact source page embedded,Original Airtek V.2024 PDF page 28. Published numeric Pa / m3/h / rpm / W curve-table points are stored separately when present. D2 and H are decoded from Airtek model nomenclature; the catalogue model-code key identifies impeller diameter and H as impeller height.
Airtek Power,Airtek Power V.2024 - EC Backward Curved Centrifugal Fans,B23E320H105-102-00,Backward curved / plug fan,Plenum / unhoused,EC,320.0,105.0,,,3332.0,,,2500.0,594.0,,,75.0,230.0,50/60,,Aluminum alloy 5052,IP 54,F,0-10VDC/PWM (Control input 4-20mA),-25~+60℃,,,,,Airtek Power Catalog (AC _ EC).pdf,29,Airtek V.2024 parsed - exact source page embedded,Original Airtek V.2024 PDF page 29. Published numeric Pa / m3/h / rpm / W curve-table points are stored separately when present. D2 and H are decoded from Airtek model nomenclature; the catalogue model-code key identifies impeller diameter and H as impeller height.
Airtek Power,Airtek Power V.2024 - EC Backward Curved Centrifugal Fans,B23E320H76-102-00,Backward curved / plug fan,Plenum / unhoused,EC,320.0,76.0,,,2541.0,,,2480.0,484.0,,,70.0,230.0,50/60,,Aluminum alloy 5052,IP 54,F,0-10VDC/PWM (Control input 4-20mA),-25~+60℃,,,,,Airtek Power Catalog (AC _ EC).pdf,30,Airtek V.2024 parsed - exact source page embedded,Original Airtek V.2024 PDF page 30. Published numeric Pa / m3/h / rpm / W curve-table points are stored separately when present. D2 and H are decoded from Airtek model nomenclature; the catalogue model-code key identifies impeller diameter and H as impeller height.
Airtek Power,Airtek Power V.2024 - EC Backward Curved Centrifugal Fans,B23E320H128-102-00,Backward curved / plug fan,Plenum / unhoused,EC,320.0,128.0,,,4386.0,,,2860.0,575.0,,,79.0,230.0,50/60,,Aluminum alloy 5052,IP 54,F,0-10VDC/PWM (Control input 4-20mA),-25~+60℃,,,,,Airtek Power Catalog (AC _ EC).pdf,31,Airtek V.2024 parsed - exact source page embedded,Original Airtek V.2024 PDF page 31. Published numeric Pa / m3/h / rpm / W curve-table points are stored separately when present. D2 and H are decoded from Airtek model nomenclature; the catalogue model-code key identifies impeller diameter and H as impeller height.
Airtek Power,Airtek Power V.2024 - EC Backward Curved Centrifugal Fans,B23E320H141-102-B0,Backward curved / plug fan,Plenum / unhoused,EC,320.0,141.0,,,3721.0,,,2360.0,500.0,,,81.0,230.0,50/60,,PA66+GF,IP 54,F,0-10VDC/PWM (Control input 4-20mA),-25~+60℃,,,,,Airtek Power Catalog (AC _ EC).pdf,32,Airtek V.2024 parsed - exact source page embedded,Original Airtek V.2024 PDF page 32. Published numeric Pa / m3/h / rpm / W curve-table points are stored separately when present. D2 and H are decoded from Airtek model nomenclature; the catalogue model-code key identifies impeller diameter and H as impeller height.
Airtek Power,Airtek Power V.2024 - EC Backward Curved Centrifugal Fans,B23E320H141-102-B1,Backward curved / plug fan,Plenum / unhoused,EC,320.0,141.0,,,4000.0,,,2640.0,740.0,,,84.0,230.0,50/60,,PA66+GF,IP 54,F,0-10VDC/PWM (Control input 4-20mA),-25~+60℃,,,,,Airtek Power Catalog (AC _ EC).pdf,33,Airtek V.2024 parsed - exact source page embedded,Original Airtek V.2024 PDF page 33. Published numeric Pa / m3/h / rpm / W curve-table points are stored separately when present. D2 and H are decoded from Airtek model nomenclature; the catalogue model-code key identifies impeller diameter and H as impeller height.
Airtek Power,Airtek Power V.2024 - EC Backward Curved Centrifugal Fans,B38E320H141-102-B0,Backward curved / plug fan,Plenum / unhoused,EC,320.0,141.0,,,4000.0,,,2700.0,790.0,,,84.0,380.0,50/60,,PA66+GF,IP 54,F,0-10VDC/PWM (Control input 4-20mA),-25~+60℃,,,,,Airtek Power Catalog (AC _ EC).pdf,34,Airtek V.2024 parsed - exact source page embedded,Original Airtek V.2024 PDF page 34. Published numeric Pa / m3/h / rpm / W curve-table points are stored separately when present. D2 and H are decoded from Airtek model nomenclature; the catalogue model-code key identifies impeller diameter and H as impeller height.
Airtek Power,Airtek Power V.2024 - EC Backward Curved Centrifugal Fans,B38E320H145-138-00,Backward curved / plug fan,Plenum / unhoused,EC,320.0,145.0,,,5168.0,,,3028.0,1494.0,,,78.0,380.0,50/60,,Aluminum alloy 5052,IP 54,F,0-10VDC/PWM (Control input 4-20mA),-25~+60℃,,,,,Airtek Power Catalog (AC _ EC).pdf,35,Airtek V.2024 parsed - exact source page embedded,Original Airtek V.2024 PDF page 35. Published numeric Pa / m3/h / rpm / W curve-table points are stored separately when present. D2 and H are decoded from Airtek model nomenclature; the catalogue model-code key identifies impeller diameter and H as impeller height.
Airtek Power,Airtek Power V.2024 - EC Backward Curved Centrifugal Fans,B23E355H179-102-C0,Backward curved / plug fan,Plenum / unhoused,EC,355.0,179.0,,,3840.0,,,1720.0,477.0,,,78.0,230.0,50/60,,PA66+GF,IP 54,F,0-10VDC/PWM (Control input 4-20mA),-25~+60℃,,,,,Airtek Power Catalog (AC _ EC).pdf,36,Airtek V.2024 parsed - exact source page embedded,Original Airtek V.2024 PDF page 36. Published numeric Pa / m3/h / rpm / W curve-table points are stored separately when present. D2 and H are decoded from Airtek model nomenclature; the catalogue model-code key identifies impeller diameter and H as impeller height.
Airtek Power,Airtek Power V.2024 - EC Backward Curved Centrifugal Fans,B23E355H147-102-00,Backward curved / plug fan,Plenum / unhoused,EC,355.0,147.0,,,3915.0,,,2055.0,645.0,,,74.0,230.0,50/60,,Aluminum alloy 5052,IP 54,F,0-10VDC/PWM (Control input 4-20mA),-25~+60℃,,,,,Airtek Power Catalog (AC _ EC).pdf,37,Airtek V.2024 parsed - exact source page embedded,Original Airtek V.2024 PDF page 37. Published numeric Pa / m3/h / rpm / W curve-table points are stored separately when present. D2 and H are decoded from Airtek model nomenclature; the catalogue model-code key identifies impeller diameter and H as impeller height.
Airtek Power,Airtek Power V.2024 - EC Backward Curved Centrifugal Fans,B38E355H179-102-C0,Backward curved / plug fan,Plenum / unhoused,EC,355.0,179.0,,,5800.0,,,2400.0,1065.0,,,82.0,380.0,50/60,,PA66+GF,IP 54,F,0-10VDC/PWM (Control input 4-20mA),-25~+60℃,,,,,Airtek Power Catalog (AC _ EC).pdf,38,Airtek V.2024 parsed - exact source page embedded,Original Airtek V.2024 PDF page 38. Published numeric Pa / m3/h / rpm / W curve-table points are stored separately when present. D2 and H are decoded from Airtek model nomenclature; the catalogue model-code key identifies impeller diameter and H as impeller height.
Airtek Power,Airtek Power V.2024 - EC Backward Curved Centrifugal Fans,B38E355H152-138-00,Backward curved / plug fan,Plenum / unhoused,EC,355.0,152.0,,,5935.0,,,2710.0,1510.0,,,77.0,380.0,50/60,,Aluminum alloy 5052,IP 54,F,0-10VDC/PWM (Control input 4-20mA),-25~+60℃,,,,,Airtek Power Catalog (AC _ EC).pdf,39,Airtek V.2024 parsed - exact source page embedded,Original Airtek V.2024 PDF page 39. Published numeric Pa / m3/h / rpm / W curve-table points are stored separately when present. D2 and H are decoded from Airtek model nomenclature; the catalogue model-code key identifies impeller diameter and H as impeller height.
Airtek Power,Airtek Power V.2024 - EC Backward Curved Centrifugal Fans,B23E400H182-102-C1,Backward curved / plug fan,Plenum / unhoused,EC,400.0,182.0,,,5755.0,,,1500.0,500.0,,,80.0,230.0,50/60,,PA66+GF,IP 54,F,0-10VDC/PWM (Control input 4-20mA),-25~+60℃,,,,,Airtek Power Catalog (AC _ EC).pdf,40,Airtek V.2024 parsed - exact source page embedded,Original Airtek V.2024 PDF page 40. Published numeric Pa / m3/h / rpm / W curve-table points are stored separately when present. D2 and H are decoded from Airtek model nomenclature; the catalogue model-code key identifies impeller diameter and H as impeller height.
Airtek Power,Airtek Power V.2024 - EC Backward Curved Centrifugal Fans,B23E400H181-102-00,Backward curved / plug fan,Plenum / unhoused,EC,400.0,181.0,,,5215.0,,,1520.0,650.0,,,75.0,230.0,50/60,,Aluminum alloy 5052,IP 54,F,0-10VDC/PWM (Control input 4-20mA),-25~+60℃,,,,,Airtek Power Catalog (AC _ EC).pdf,41,Airtek V.2024 parsed - exact source page embedded,Original Airtek V.2024 PDF page 41. Published numeric Pa / m3/h / rpm / W curve-table points are stored separately when present. D2 and H are decoded from Airtek model nomenclature; the catalogue model-code key identifies impeller diameter and H as impeller height.
Airtek Power,Airtek Power V.2024 - EC Backward Curved Centrifugal Fans,B23E400H182-102-C0,Backward curved / plug fan,Plenum / unhoused,EC,400.0,182.0,,,5500.0,,,1920.0,770.0,,,81.0,230.0,50/60,,PA66+GF,IP 54,F,0-10VDC/PWM (Control input 4-20mA),-25~+60℃,,,,,Airtek Power Catalog (AC _ EC).pdf,42,Airtek V.2024 parsed - exact source page embedded,Original Airtek V.2024 PDF page 42. Published numeric Pa / m3/h / rpm / W curve-table points are stored separately when present. D2 and H are decoded from Airtek model nomenclature; the catalogue model-code key identifies impeller diameter and H as impeller height.
Airtek Power,Airtek Power V.2024 - EC Backward Curved Centrifugal Fans,B38E400H182-102-B0,Backward curved / plug fan,Plenum / unhoused,EC,400.0,182.0,,,6950.0,,,2060.0,1320.0,,,89.0,380.0,50/60,,PA66+GF,IP 54,F,0-10VDC/PWM (Control input 4-20mA),-25~+60℃,,,,,Airtek Power Catalog (AC _ EC).pdf,43,Airtek V.2024 parsed - exact source page embedded,Original Airtek V.2024 PDF page 43. Published numeric Pa / m3/h / rpm / W curve-table points are stored separately when present. D2 and H are decoded from Airtek model nomenclature; the catalogue model-code key identifies impeller diameter and H as impeller height.
Airtek Power,Airtek Power V.2024 - EC Backward Curved Centrifugal Fans,B38E400H181-138-00,Backward curved / plug fan,Plenum / unhoused,EC,400.0,181.0,,,6700.0,,,2060.0,1480.0,,,77.0,380.0,50/60,,Aluminum alloy 5052,IP 54,F,0-10VDC/PWM (Control input 4-20mA),-25~+60℃,,,,,Airtek Power Catalog (AC _ EC).pdf,44,Airtek V.2024 parsed - exact source page embedded,Original Airtek V.2024 PDF page 44. Published numeric Pa / m3/h / rpm / W curve-table points are stored separately when present. D2 and H are decoded from Airtek model nomenclature; the catalogue model-code key identifies impeller diameter and H as impeller height.
Airtek Power,Airtek Power V.2024 - EC Backward Curved Centrifugal Fans,B38E400H245-188-00,Backward curved / plug fan,Plenum / unhoused,EC,400.0,245.0,,,7485.0,,,2405.0,2700.0,,,81.0,380.0,50/60,,Aluminum alloy 5052,IP 54,F,0-10VDC/PWM (Control input 4-20mA),-25~+60℃,,,,,Airtek Power Catalog (AC _ EC).pdf,45,Airtek V.2024 parsed - exact source page embedded,Original Airtek V.2024 PDF page 45. Published numeric Pa / m3/h / rpm / W curve-table points are stored separately when present. D2 and H are decoded from Airtek model nomenclature; the catalogue model-code key identifies impeller diameter and H as impeller height.
Airtek Power,Airtek Power V.2024 - EC Backward Curved Centrifugal Fans,B38E400H245-188-01,Backward curved / plug fan,Plenum / unhoused,EC,400.0,245.0,,,8305.0,,,2745.0,3585.0,,,85.0,380.0,50/60,,Aluminum alloy 5052,IP 54,F,0-10VDC/PWM (Control input 4-20mA),-25~+60℃,,,,,Airtek Power Catalog (AC _ EC).pdf,46,Airtek V.2024 parsed - exact source page embedded,Original Airtek V.2024 PDF page 46. Published numeric Pa / m3/h / rpm / W curve-table points are stored separately when present. D2 and H are decoded from Airtek model nomenclature; the catalogue model-code key identifies impeller diameter and H as impeller height.
Airtek Power,Airtek Power V.2024 - EC Backward Curved Centrifugal Fans,B38E450H206-138-00,Backward curved / plug fan,Plenum / unhoused,EC,450.0,206.0,,,7455.0,,,1725.0,1340.0,,,79.0,380.0,50/60,,Aluminum alloy 5052,IP 54,F,0-10VDC/PWM (Control input 4-20mA),-25~+60℃,,,,,Airtek Power Catalog (AC _ EC).pdf,47,Airtek V.2024 parsed - exact source page embedded,Original Airtek V.2024 PDF page 47. Published numeric Pa / m3/h / rpm / W curve-table points are stored separately when present. D2 and H are decoded from Airtek model nomenclature; the catalogue model-code key identifies impeller diameter and H as impeller height.
Airtek Power,Airtek Power V.2024 - EC Backward Curved Centrifugal Fans,B38E520H225-188-00,Backward curved / plug fan,Plenum / unhoused,EC,520.0,225.0,,,9815.0,,,1700.0,2400.0,,,84.0,380.0,50/60,,Aluminum alloy 5052,IP 54,F,0-10VDC/PWM (Control input 4-20mA),-25~+60℃,,,,,Airtek Power Catalog (AC _ EC).pdf,48,Airtek V.2024 parsed - exact source page embedded,Original Airtek V.2024 PDF page 48. Published numeric Pa / m3/h / rpm / W curve-table points are stored separately when present. D2 and H are decoded from Airtek model nomenclature; the catalogue model-code key identifies impeller diameter and H as impeller height.
Airtek Power,Airtek Power V.2024 - EC Backward Curved Centrifugal Fans,B38E520H225-188-01,Backward curved / plug fan,Plenum / unhoused,EC,520.0,225.0,,,12830.0,,,2200.0,4260.0,,,88.0,380.0,50/60,,Aluminum alloy 5052,IP 54,F,0-10VDC/PWM (Control input 4-20mA),-25~+60℃,,,,,Airtek Power Catalog (AC _ EC).pdf,49,Airtek V.2024 parsed - exact source page embedded,Original Airtek V.2024 PDF page 49. Published numeric Pa / m3/h / rpm / W curve-table points are stored separately when present. D2 and H are decoded from Airtek model nomenclature; the catalogue model-code key identifies impeller diameter and H as impeller height.
Airtek Power,Airtek Power V.2024 - EC Backward Curved Centrifugal Fans,B38E520H225-188-02,Backward curved / plug fan,Plenum / unhoused,EC,520.0,225.0,,,13304.0,,,2200.0,5623.0,,,93.0,380.0,50/60,,Aluminum alloy 5052,IP 54,F,0-10VDC/PWM (Control input 4-20mA),-25~+60℃,,,,,Airtek Power Catalog (AC _ EC).pdf,50,Airtek V.2024 parsed - exact source page embedded,Original Airtek V.2024 PDF page 50. Published numeric Pa / m3/h / rpm / W curve-table points are stored separately when present. D2 and H are decoded from Airtek model nomenclature; the catalogue model-code key identifies impeller diameter and H as impeller height.
Airtek Power,Airtek Power V.2024 - EC Backward Curved Centrifugal Fans,B38E560H258-188-00,Backward curved / plug fan,Plenum / unhoused,EC,560.0,258.0,,,14170.0,,,1500.0,2990.0,,,83.0,380.0,50/60,,Aluminum alloy 5052,IP 54,F,0-10VDC/PWM (Control input 4-20mA),-25~+60℃,,,,,Airtek Power Catalog (AC _ EC).pdf,51,Airtek V.2024 parsed - exact source page embedded,Original Airtek V.2024 PDF page 51. Published numeric Pa / m3/h / rpm / W curve-table points are stored separately when present. D2 and H are decoded from Airtek model nomenclature; the catalogue model-code key identifies impeller diameter and H as impeller height.
Airtek Power,Airtek Power V.2024 - EC Backward Curved Centrifugal Fans,B38E560H258-188-01,Backward curved / plug fan,Plenum / unhoused,EC,560.0,258.0,,,15275.0,,,1620.0,3660.0,,,87.0,380.0,50/60,,Aluminum alloy 5052,IP 54,F,0-10VDC/PWM (Control input 4-20mA),-25~+60℃,,,,,Airtek Power Catalog (AC _ EC).pdf,52,Airtek V.2024 parsed - exact source page embedded,Original Airtek V.2024 PDF page 52. Published numeric Pa / m3/h / rpm / W curve-table points are stored separately when present. D2 and H are decoded from Airtek model nomenclature; the catalogue model-code key identifies impeller diameter and H as impeller height.
Airtek Power,Airtek Power V.2024 - EC Backward Curved Centrifugal Fans,B38E560H311-188-00,Backward curved / plug fan,Plenum / unhoused,EC,560.0,311.0,,,20710.0,,,1770.0,5570.0,,,87.0,380.0,50/60,,Aluminum alloy 5052,IP 54,F,0-10VDC/PWM (Control input 4-20mA),-25~+60℃,,,,,Airtek Power Catalog (AC _ EC).pdf,53,Airtek V.2024 parsed - exact source page embedded,Original Airtek V.2024 PDF page 53. Published numeric Pa / m3/h / rpm / W curve-table points are stored separately when present. D2 and H are decoded from Airtek model nomenclature; the catalogue model-code key identifies impeller diameter and H as impeller height.
Airtek Power,Airtek Power V.2024 - EC Backward Curved Centrifugal Fans,B38E630H293-188-00,Backward curved / plug fan,Plenum / unhoused,EC,630.0,293.0,,,18330.0,,,1260.0,2970.0,,,84.0,380.0,50/60,,Aluminum alloy 5052,IP 54,F,0-10VDC/PWM (Control input 4-20mA),-25~+60℃,,,,,Airtek Power Catalog (AC _ EC).pdf,54,Airtek V.2024 parsed - exact source page embedded,Original Airtek V.2024 PDF page 54. Published numeric Pa / m3/h / rpm / W curve-table points are stored separately when present. D2 and H are decoded from Airtek model nomenclature; the catalogue model-code key identifies impeller diameter and H as impeller height.
Airtek Power,Airtek Power V.2024 - EC Backward Curved Centrifugal Fans,B38E630H293-188-01,Backward curved / plug fan,Plenum / unhoused,EC,630.0,293.0,,,20100.0,,,1380.0,3850.0,,,88.0,380.0,50/60,,Aluminum alloy 5052,IP 54,F,0-10VDC/PWM (Control input 4-20mA),-25~+60℃,,,,,Airtek Power Catalog (AC _ EC).pdf,55,Airtek V.2024 parsed - exact source page embedded,Original Airtek V.2024 PDF page 55. Published numeric Pa / m3/h / rpm / W curve-table points are stored separately when present. D2 and H are decoded from Airtek model nomenclature; the catalogue model-code key identifies impeller diameter and H as impeller height.
Airtek Power,Airtek Power V.2024 - AC Backward Curved Centrifugal Fans,B23A133H54-72-00,Backward curved / plug fan,Plenum / unhoused,AC,133.0,54.0,,,249.0,,,2904.0,33.0,,,57.0,230.0,50,,PA66+GF,IP 54,F,Motor wiring speed regulation,-40~+60℃,,,,,Airtek Power Catalog (AC _ EC).pdf,57,Airtek V.2024 parsed - exact source page embedded,Multiple AC frequency/speed ratings are printed on the source page; 50 Hz is preferred as the database summary when available. Original Airtek V.2024 PDF page 57. Published numeric Pa / m3/h / rpm / W curve-table points are stored separately when present. D2 and H are decoded from Airtek model nomenclature; the catalogue model-code key identifies impeller diameter and H as impeller height.
Airtek Power,Airtek Power V.2024 - AC Backward Curved Centrifugal Fans,B23A155H75-92-A0,Backward curved / plug fan,Plenum / unhoused,AC,155.0,75.0,,,440.0,,,2650.0,32.0,,,61.0,230.0,50,,PA66+GF,IP 54,F,Motor wiring speed regulation,-40~+65℃,,,,,Airtek Power Catalog (AC _ EC).pdf,58,Airtek V.2024 parsed - exact source page embedded,Multiple AC frequency/speed ratings are printed on the source page; 50 Hz is preferred as the database summary when available. Original Airtek V.2024 PDF page 58. Published numeric Pa / m3/h / rpm / W curve-table points are stored separately when present. D2 and H are decoded from Airtek model nomenclature; the catalogue model-code key identifies impeller diameter and H as impeller height.
Airtek Power,Airtek Power V.2024 - AC Backward Curved Centrifugal Fans,B23A175H62-72-00,Backward curved / plug fan,Plenum / unhoused,AC,175.0,62.0,,,480.0,,,2775.0,43.0,,,60.0,230.0,50,,PA66+GF,IP 54,F,Motor wiring speed regulation,-40~+65℃,,,,,Airtek Power Catalog (AC _ EC).pdf,59,Airtek V.2024 parsed - exact source page embedded,Original Airtek V.2024 PDF page 59. Published numeric Pa / m3/h / rpm / W curve-table points are stored separately when present. D2 and H are decoded from Airtek model nomenclature; the catalogue model-code key identifies impeller diameter and H as impeller height.
Airtek Power,Airtek Power V.2024 - AC Backward Curved Centrifugal Fans,B23A175H62-72-01,Backward curved / plug fan,Plenum / unhoused,AC,175.0,62.0,,,508.0,,,2770.0,46.0,,,63.0,230.0,50,,PA66+GF,IP 54,F,Motor wiring speed regulation,-40~+65℃,,,,,Airtek Power Catalog (AC _ EC).pdf,60,Airtek V.2024 parsed - exact source page embedded,Original Airtek V.2024 PDF page 60. Published numeric Pa / m3/h / rpm / W curve-table points are stored separately when present. D2 and H are decoded from Airtek model nomenclature; the catalogue model-code key identifies impeller diameter and H as impeller height.
Airtek Power,Airtek Power V.2024 - AC Backward Curved Centrifugal Fans,B23A175H63-72-A0,Backward curved / plug fan,Plenum / unhoused,AC,175.0,63.0,,,430.0,,,2500.0,52.0,,,64.0,230.0,50,,PA66+GF,IP 54,F,Motor wiring speed regulation,-40~+65℃,,,,,Airtek Power Catalog (AC _ EC).pdf,61,Airtek V.2024 parsed - exact source page embedded,Multiple AC frequency/speed ratings are printed on the source page; 50 Hz is preferred as the database summary when available. Original Airtek V.2024 PDF page 61. Published numeric Pa / m3/h / rpm / W curve-table points are stored separately when present. D2 and H are decoded from Airtek model nomenclature; the catalogue model-code key identifies impeller diameter and H as impeller height.
Airtek Power,Airtek Power V.2024 - AC Backward Curved Centrifugal Fans,B23A175H63-72-A1,Backward curved / plug fan,Plenum / unhoused,AC,175.0,63.0,,,430.0,,,2530.0,52.0,,,64.0,230.0,50,,PA66+GF,IP 54,F,Motor wiring speed regulation,-40~+65℃,,,,,Airtek Power Catalog (AC _ EC).pdf,62,Airtek V.2024 parsed - exact source page embedded,Multiple AC frequency/speed ratings are printed on the source page; 50 Hz is preferred as the database summary when available. Original Airtek V.2024 PDF page 62. Published numeric Pa / m3/h / rpm / W curve-table points are stored separately when present. D2 and H are decoded from Airtek model nomenclature; the catalogue model-code key identifies impeller diameter and H as impeller height.
Airtek Power,Airtek Power V.2024 - AC Backward Curved Centrifugal Fans,B23A180H49-92-A0,Backward curved / plug fan,Plenum / unhoused,AC,180.0,49.0,,,480.0,,,2850.0,66.0,,,66.0,230.0,60,,PA66+GF,IP 54,F,Motor wiring speed regulation,-40~+65℃,,,,,Airtek Power Catalog (AC _ EC).pdf,63,Airtek V.2024 parsed - exact source page embedded,Original Airtek V.2024 PDF page 63. Published numeric Pa / m3/h / rpm / W curve-table points are stored separately when present. D2 and H are decoded from Airtek model nomenclature; the catalogue model-code key identifies impeller diameter and H as impeller height.
Airtek Power,Airtek Power V.2024 - AC Backward Curved Centrifugal Fans,B23A180H49-92-A1,Backward curved / plug fan,Plenum / unhoused,AC,180.0,49.0,,,430.0,,,2560.0,52.0,,,63.0,230.0,50,,PA66+GF,IP 54,F,Motor wiring speed regulation,-40~+65℃,,,,,Airtek Power Catalog (AC _ EC).pdf,64,Airtek V.2024 parsed - exact source page embedded,Multiple AC frequency/speed ratings are printed on the source page; 50 Hz is preferred as the database summary when available. Original Airtek V.2024 PDF page 64. Published numeric Pa / m3/h / rpm / W curve-table points are stored separately when present. D2 and H are decoded from Airtek model nomenclature; the catalogue model-code key identifies impeller diameter and H as impeller height.
Airtek Power,Airtek Power V.2024 - AC Backward Curved Centrifugal Fans,B23A190H63-72-00,Backward curved / plug fan,Plenum / unhoused,AC,190.0,63.0,,,541.0,,,2782.0,61.0,,,64.0,230.0,50,,PA66+GF,IP 54,F,Motor wiring speed regulation,-40~+65℃,,,,,Airtek Power Catalog (AC _ EC).pdf,65,Airtek V.2024 parsed - exact source page embedded,Original Airtek V.2024 PDF page 65. Published numeric Pa / m3/h / rpm / W curve-table points are stored separately when present. D2 and H are decoded from Airtek model nomenclature; the catalogue model-code key identifies impeller diameter and H as impeller height.
Airtek Power,Airtek Power V.2024 - AC Backward Curved Centrifugal Fans,B23A190H63-92-00,Backward curved / plug fan,Plenum / unhoused,AC,190.0,63.0,,,570.0,,,2920.0,70.0,,,70.0,230.0,60,,PA66+GF,IP 54,F,Motor wiring speed regulation,-40~+65℃,,,,,Airtek Power Catalog (AC _ EC).pdf,66,Airtek V.2024 parsed - exact source page embedded,Original Airtek V.2024 PDF page 66. Published numeric Pa / m3/h / rpm / W curve-table points are stored separately when present. D2 and H are decoded from Airtek model nomenclature; the catalogue model-code key identifies impeller diameter and H as impeller height.
Airtek Power,Airtek Power V.2024 - AC Backward Curved Centrifugal Fans,B23A190H62-92-00,Backward curved / plug fan,Plenum / unhoused,AC,190.0,62.0,,,438.0,,,2700.0,64.0,,,65.0,230.0,50,,PA66+GF,IP 54,F,Motor wiring speed regulation,-40~+65℃,,,,,Airtek Power Catalog (AC _ EC).pdf,67,Airtek V.2024 parsed - exact source page embedded,Original Airtek V.2024 PDF page 67. Published numeric Pa / m3/h / rpm / W curve-table points are stored separately when present. D2 and H are decoded from Airtek model nomenclature; the catalogue model-code key identifies impeller diameter and H as impeller height.
Airtek Power,Airtek Power V.2024 - AC Backward Curved Centrifugal Fans,B23A190H63-92-A0,Backward curved / plug fan,Plenum / unhoused,AC,190.0,63.0,,,580.0,,,2700.0,76.0,,,68.0,230.0,60,,PA66+GF,IP 54,F,Motor wiring speed regulation,-40~+65℃,,,,,Airtek Power Catalog (AC _ EC).pdf,68,Airtek V.2024 parsed - exact source page embedded,Original Airtek V.2024 PDF page 68. Published numeric Pa / m3/h / rpm / W curve-table points are stored separately when present. D2 and H are decoded from Airtek model nomenclature; the catalogue model-code key identifies impeller diameter and H as impeller height.
Airtek Power,Airtek Power V.2024 - AC Backward Curved Centrifugal Fans,B23A190H63-92-A1,Backward curved / plug fan,Plenum / unhoused,AC,190.0,63.0,,,480.0,,,2500.0,60.0,,,65.0,230.0,50,,PA66+GF,IP 54,F,Motor wiring speed regulation,-40~+65℃,,,,,Airtek Power Catalog (AC _ EC).pdf,69,Airtek V.2024 parsed - exact source page embedded,Multiple AC frequency/speed ratings are printed on the source page; 50 Hz is preferred as the database summary when available. Original Airtek V.2024 PDF page 69. Published numeric Pa / m3/h / rpm / W curve-table points are stored separately when present. D2 and H are decoded from Airtek model nomenclature; the catalogue model-code key identifies impeller diameter and H as impeller height.
Airtek Power,Airtek Power V.2024 - AC Backward Curved Centrifugal Fans,B23A220H64-92-00,Backward curved / plug fan,Plenum / unhoused,AC,220.0,64.0,,,900.0,,,2530.0,112.0,,,66.0,230.0,50,,PA66+GF,IP 54,F,Motor wiring speed regulation,-40~+65℃,,,,,Airtek Power Catalog (AC _ EC).pdf,70,Airtek V.2024 parsed - exact source page embedded,Multiple AC frequency/speed ratings are printed on the source page; 50 Hz is preferred as the database summary when available. Original Airtek V.2024 PDF page 70. Published numeric Pa / m3/h / rpm / W curve-table points are stored separately when present. D2 and H are decoded from Airtek model nomenclature; the catalogue model-code key identifies impeller diameter and H as impeller height.
Airtek Power,Airtek Power V.2024 - AC Backward Curved Centrifugal Fans,B23A220H64-92-A1,Backward curved / plug fan,Plenum / unhoused,AC,220.0,64.0,,,800.0,,,2500.0,95.0,,,70.0,230.0,50,,PA66+GF,IP 54,F,Motor wiring speed regulation,-40~+65℃,,,,,Airtek Power Catalog (AC _ EC).pdf,71,Airtek V.2024 parsed - exact source page embedded,Multiple AC frequency/speed ratings are printed on the source page; 50 Hz is preferred as the database summary when available. Original Airtek V.2024 PDF page 71. Published numeric Pa / m3/h / rpm / W curve-table points are stored separately when present. D2 and H are decoded from Airtek model nomenclature; the catalogue model-code key identifies impeller diameter and H as impeller height.
Airtek Power,Airtek Power V.2024 - AC Backward Curved Centrifugal Fans,B23A225H89-92-00,Backward curved / plug fan,Plenum / unhoused,AC,225.0,89.0,,,1110.0,,,2655.0,148.0,,,68.0,230.0,50,,PA66+GF,IP 54,F,Motor wiring speed regulation,-40~+65℃,,,,,Airtek Power Catalog (AC _ EC).pdf,72,Airtek V.2024 parsed - exact source page embedded,Original Airtek V.2024 PDF page 72. Published numeric Pa / m3/h / rpm / W curve-table points are stored separately when present. D2 and H are decoded from Airtek model nomenclature; the catalogue model-code key identifies impeller diameter and H as impeller height.
Airtek Power,Airtek Power V.2024 - AC Backward Curved Centrifugal Fans,B23A225H90-92-00,Backward curved / plug fan,Plenum / unhoused,AC,225.0,90.0,,,1293.0,,,2925.0,227.0,,,71.0,230.0,60,,PA66+GF,IP 54,F,Motor wiring speed regulation,-40~+65℃,,,,,Airtek Power Catalog (AC _ EC).pdf,73,Airtek V.2024 parsed - exact source page embedded,Original Airtek V.2024 PDF page 73. Published numeric Pa / m3/h / rpm / W curve-table points are stored separately when present. D2 and H are decoded from Airtek model nomenclature; the catalogue model-code key identifies impeller diameter and H as impeller height.
Airtek Power,Airtek Power V.2024 - AC Backward Curved Centrifugal Fans,B23A225H89-92-A0,Backward curved / plug fan,Plenum / unhoused,AC,225.0,89.0,,,1100.0,,,2600.0,135.0,,,70.0,230.0,50,,PA66+GF,IP 54,F,Motor wiring speed regulation,-40~+65℃,,,,,Airtek Power Catalog (AC _ EC).pdf,74,Airtek V.2024 parsed - exact source page embedded,Multiple AC frequency/speed ratings are printed on the source page; 50 Hz is preferred as the database summary when available. Original Airtek V.2024 PDF page 74. Published numeric Pa / m3/h / rpm / W curve-table points are stored separately when present. D2 and H are decoded from Airtek model nomenclature; the catalogue model-code key identifies impeller diameter and H as impeller height.
Airtek Power,Airtek Power V.2024 - AC Backward Curved Centrifugal Fans,B38A225H89-92-00,Backward curved / plug fan,Plenum / unhoused,AC,225.0,89.0,,,1142.0,,,2658.0,143.0,,,68.0,380.0,50,,PA66+GF,IP 54,F,Motor wiring speed regulation,-40~+65℃,,,,,Airtek Power Catalog (AC _ EC).pdf,75,Airtek V.2024 parsed - exact source page embedded,Multiple AC frequency/speed ratings are printed on the source page; 50 Hz is preferred as the database summary when available. Original Airtek V.2024 PDF page 75. Published numeric Pa / m3/h / rpm / W curve-table points are stored separately when present. D2 and H are decoded from Airtek model nomenclature; the catalogue model-code key identifies impeller diameter and H as impeller height.
Airtek Power,Airtek Power V.2024 - AC Backward Curved Centrifugal Fans,B23A225H89-92-A1,Backward curved / plug fan,Plenum / unhoused,AC,225.0,89.0,,,1100.0,,,2650.0,125.0,,,70.0,230.0,50,,PA66+GF,IP 54,F,Motor wiring speed regulation,-40~+65℃,,,,,Airtek Power Catalog (AC _ EC).pdf,76,Airtek V.2024 parsed - exact source page embedded,Multiple AC frequency/speed ratings are printed on the source page; 50 Hz is preferred as the database summary when available. Original Airtek V.2024 PDF page 76. Published numeric Pa / m3/h / rpm / W curve-table points are stored separately when present. D2 and H are decoded from Airtek model nomenclature; the catalogue model-code key identifies impeller diameter and H as impeller height.
Airtek Power,Airtek Power V.2024 - AC Backward Curved Centrifugal Fans,B23A250H85-92-00,Backward curved / plug fan,Plenum / unhoused,AC,250.0,85.0,,,1400.0,,,2700.0,200.0,,,72.0,230.0,50,,PA66+GF,IP 54,F,Motor wiring speed regulation,-40~+65℃,,,,,Airtek Power Catalog (AC _ EC).pdf,77,Airtek V.2024 parsed - exact source page embedded,Original Airtek V.2024 PDF page 77. Published numeric Pa / m3/h / rpm / W curve-table points are stored separately when present. D2 and H are decoded from Airtek model nomenclature; the catalogue model-code key identifies impeller diameter and H as impeller height.
Airtek Power,Airtek Power V.2024 - AC Backward Curved Centrifugal Fans,B38A250H85-92-00,Backward curved / plug fan,Plenum / unhoused,AC,250.0,85.0,,,1402.0,,,2700.0,198.0,,,72.0,380.0,50,,PA66+GF,IP 54,F,Motor wiring speed regulation,-40~+65℃,,,,,Airtek Power Catalog (AC _ EC).pdf,78,Airtek V.2024 parsed - exact source page embedded,Original Airtek V.2024 PDF page 78. Published numeric Pa / m3/h / rpm / W curve-table points are stored separately when present. D2 and H are decoded from Airtek model nomenclature; the catalogue model-code key identifies impeller diameter and H as impeller height.
Airtek Power,Airtek Power V.2024 - AC Backward Curved Centrifugal Fans,B23A250H77-92-A0,Backward curved / plug fan,Plenum / unhoused,AC,250.0,77.0,,,1250.0,,,2450.0,135.0,,,74.0,230.0,50,,PA66+GF,IP 54,F,Motor wiring speed regulation,-40~+65℃,,,,,Airtek Power Catalog (AC _ EC).pdf,79,Airtek V.2024 parsed - exact source page embedded,Multiple AC frequency/speed ratings are printed on the source page; 50 Hz is preferred as the database summary when available. Original Airtek V.2024 PDF page 79. Published numeric Pa / m3/h / rpm / W curve-table points are stored separately when present. D2 and H are decoded from Airtek model nomenclature; the catalogue model-code key identifies impeller diameter and H as impeller height.
Airtek Power,Airtek Power V.2024 - AC Backward Curved Centrifugal Fans,B38A250H77-92-A0,Backward curved / plug fan,Plenum / unhoused,AC,250.0,77.0,,,1250.0,,,2450.0,135.0,,,74.0,380.0,50,,PA66+GF,IP 54,F,Motor wiring speed regulation,-40~+65℃,,,,,Airtek Power Catalog (AC _ EC).pdf,80,Airtek V.2024 parsed - exact source page embedded,Multiple AC frequency/speed ratings are printed on the source page; 50 Hz is preferred as the database summary when available. Original Airtek V.2024 PDF page 80. Published numeric Pa / m3/h / rpm / W curve-table points are stored separately when present. D2 and H are decoded from Airtek model nomenclature; the catalogue model-code key identifies impeller diameter and H as impeller height.
Airtek Power,Airtek Power V.2024 - AC Backward Curved Centrifugal Fans,B23A250H77-92-A1,Backward curved / plug fan,Plenum / unhoused,AC,250.0,77.0,,,1150.0,,,2650.0,130.0,,,68.0,230.0,50,,PA66+GF,IP 54,F,Motor wiring speed regulation,-40~+65℃,,,,,Airtek Power Catalog (AC _ EC).pdf,81,Airtek V.2024 parsed - exact source page embedded,Multiple AC frequency/speed ratings are printed on the source page; 50 Hz is preferred as the database summary when available. Original Airtek V.2024 PDF page 81. Published numeric Pa / m3/h / rpm / W curve-table points are stored separately when present. D2 and H are decoded from Airtek model nomenclature; the catalogue model-code key identifies impeller diameter and H as impeller height.
Airtek Power,Airtek Power V.2024 - AC Backward Curved Centrifugal Fans,B23A250H84-92-A0,Backward curved / plug fan,Plenum / unhoused,AC,250.0,84.0,,,1520.0,,,2600.0,192.0,,,74.0,230.0,50,,Galvanized sheet steel,IP 54,F,Motor wiring speed regulation,-40~+65℃,,,,,Airtek Power Catalog (AC _ EC).pdf,82,Airtek V.2024 parsed - exact source page embedded,Multiple AC frequency/speed ratings are printed on the source page; 50 Hz is preferred as the database summary when available. Original Airtek V.2024 PDF page 82. Published numeric Pa / m3/h / rpm / W curve-table points are stored separately when present. D2 and H are decoded from Airtek model nomenclature; the catalogue model-code key identifies impeller diameter and H as impeller height.
Airtek Power,Airtek Power V.2024 - AC Backward Curved Centrifugal Fans,B23A250H100-92-A0,Backward curved / plug fan,Plenum / unhoused,AC,250.0,100.0,,,1700.0,,,2800.0,290.0,,,76.0,230.0,50,,Aluminum alloy 5052,IP 54,F,Motor wiring speed regulation,-40~+65℃,,,,,Airtek Power Catalog (AC _ EC).pdf,83,Airtek V.2024 parsed - exact source page embedded,Original Airtek V.2024 PDF page 83. Published numeric Pa / m3/h / rpm / W curve-table points are stored separately when present. D2 and H are decoded from Airtek model nomenclature; the catalogue model-code key identifies impeller diameter and H as impeller height.
Airtek Power,Airtek Power V.2024 - AC Backward Curved Centrifugal Fans,B38A250H100-92-A0,Backward curved / plug fan,Plenum / unhoused,AC,250.0,100.0,,,1700.0,,,2800.0,290.0,,,77.0,380.0,50,,Aluminum alloy 5052,IP 54,F,Motor wiring speed regulation,-40~+65℃,,,,,Airtek Power Catalog (AC _ EC).pdf,83,Airtek V.2024 parsed - exact source page embedded,Original Airtek V.2024 PDF page 83. Published numeric Pa / m3/h / rpm / W curve-table points are stored separately when present. D2 and H are decoded from Airtek model nomenclature; the catalogue model-code key identifies impeller diameter and H as impeller height.
Airtek Power,Airtek Power V.2024 - AC Backward Curved Centrifugal Fans,B23A280H81-92-00,Backward curved / plug fan,Plenum / unhoused,AC,280.0,81.0,,,1770.0,,,2575.0,270.0,,,74.7,230.0,50,,Aluminum alloy 5052,IP 54,F,Motor wiring speed regulation,-40~+65℃,,,,,Airtek Power Catalog (AC _ EC).pdf,84,Airtek V.2024 parsed - exact source page embedded,Original Airtek V.2024 PDF page 84. Published numeric Pa / m3/h / rpm / W curve-table points are stored separately when present. D2 and H are decoded from Airtek model nomenclature; the catalogue model-code key identifies impeller diameter and H as impeller height.
Airtek Power,Airtek Power V.2024 - AC Backward Curved Centrifugal Fans,B23A280H71-92-A0,Backward curved / plug fan,Plenum / unhoused,AC,280.0,71.0,,,1650.0,,,2450.0,230.0,,,78.0,230.0,50,,Galvanized sheet steel,IP 54,F,Motor wiring speed regulation,-40~+65℃,,,,,Airtek Power Catalog (AC _ EC).pdf,85,Airtek V.2024 parsed - exact source page embedded,Original Airtek V.2024 PDF page 85. Published numeric Pa / m3/h / rpm / W curve-table points are stored separately when present. D2 and H are decoded from Airtek model nomenclature; the catalogue model-code key identifies impeller diameter and H as impeller height.
Airtek Power,Airtek Power V.2024 - AC Backward Curved Centrifugal Fans,B38A280H71-92-A0,Backward curved / plug fan,Plenum / unhoused,AC,280.0,71.0,,,1650.0,,,2500.0,200.0,,,79.0,380.0,50,,Galvanized sheet steel,IP 54,F,Motor wiring speed regulation,-40~+65℃,,,,,Airtek Power Catalog (AC _ EC).pdf,85,Airtek V.2024 parsed - exact source page embedded,Original Airtek V.2024 PDF page 85. Published numeric Pa / m3/h / rpm / W curve-table points are stored separately when present. D2 and H are decoded from Airtek model nomenclature; the catalogue model-code key identifies impeller diameter and H as impeller height.
Airtek Power,Airtek Power V.2024 - AC Backward Curved Centrifugal Fans,B23A280H81-92-A0,Backward curved / plug fan,Plenum / unhoused,AC,280.0,81.0,,,1780.0,,,2700.0,300.0,,,80.0,230.0,50,,Galvanized sheet steel,IP 54,F,Motor wiring speed regulation,-40~+65℃,,,,,Airtek Power Catalog (AC _ EC).pdf,86,Airtek V.2024 parsed - exact source page embedded,Original Airtek V.2024 PDF page 86. Published numeric Pa / m3/h / rpm / W curve-table points are stored separately when present. D2 and H are decoded from Airtek model nomenclature; the catalogue model-code key identifies impeller diameter and H as impeller height.
Airtek Power,Airtek Power V.2024 - AC Backward Curved Centrifugal Fans,B38A280H81-92-A0,Backward curved / plug fan,Plenum / unhoused,AC,280.0,81.0,,,1780.0,,,2650.0,250.0,,,80.0,380.0,50,,Galvanized sheet steel,IP 54,F,Motor wiring speed regulation,-40~+65℃,,,,,Airtek Power Catalog (AC _ EC).pdf,86,Airtek V.2024 parsed - exact source page embedded,Original Airtek V.2024 PDF page 86. Published numeric Pa / m3/h / rpm / W curve-table points are stored separately when present. D2 and H are decoded from Airtek model nomenclature; the catalogue model-code key identifies impeller diameter and H as impeller height.
Airtek Power,Airtek Power V.2024 - AC Backward Curved Centrifugal Fans,B23A280H92-92-A0,Backward curved / plug fan,Plenum / unhoused,AC,280.0,92.0,,,2100.0,,,2700.0,330.0,,,80.0,230.0,50,,Galvanized sheet steel,IP 54,F,Motor wiring speed regulation,-40~+65℃,,,,,Airtek Power Catalog (AC _ EC).pdf,87,Airtek V.2024 parsed - exact source page embedded,Original Airtek V.2024 PDF page 87. Published numeric Pa / m3/h / rpm / W curve-table points are stored separately when present. D2 and H are decoded from Airtek model nomenclature; the catalogue model-code key identifies impeller diameter and H as impeller height.
Airtek Power,Airtek Power V.2024 - AC Backward Curved Centrifugal Fans,B38A280H92-92-A0,Backward curved / plug fan,Plenum / unhoused,AC,280.0,92.0,,,2100.0,,,2700.0,330.0,,,80.0,380.0,50,,Galvanized sheet steel,IP 54,F,Motor wiring speed regulation,-40~+65℃,,,,,Airtek Power Catalog (AC _ EC).pdf,87,Airtek V.2024 parsed - exact source page embedded,Original Airtek V.2024 PDF page 87. Published numeric Pa / m3/h / rpm / W curve-table points are stored separately when present. D2 and H are decoded from Airtek model nomenclature; the catalogue model-code key identifies impeller diameter and H as impeller height.
Airtek Power,Airtek Power V.2024 - AC Backward Curved Centrifugal Fans,B38A280H115-102-A0,Backward curved / plug fan,Plenum / unhoused,AC,280.0,115.0,,,2400.0,,,2750.0,500.0,,,82.0,380.0,50,,Aluminum alloy 5052,IP 54,F,Motor wiring speed regulation,-40~+65℃,,,,,Airtek Power Catalog (AC _ EC).pdf,88,Airtek V.2024 parsed - exact source page embedded,Multiple AC frequency/speed ratings are printed on the source page; 50 Hz is preferred as the database summary when available. Original Airtek V.2024 PDF page 88. Published numeric Pa / m3/h / rpm / W curve-table points are stored separately when present. D2 and H are decoded from Airtek model nomenclature; the catalogue model-code key identifies impeller diameter and H as impeller height.
Airtek Power,Airtek Power V.2024 - AC Backward Curved Centrifugal Fans,B38A280H135-102-A0,Backward curved / plug fan,Plenum / unhoused,AC,280.0,135.0,,,2600.0,,,2750.0,500.0,,,78.0,380.0,50,,Aluminum alloy 5052,IP 54,F,Motor wiring speed regulation,-40~+65℃,,,,,Airtek Power Catalog (AC _ EC).pdf,89,Airtek V.2024 parsed - exact source page embedded,Original Airtek V.2024 PDF page 89. Published numeric Pa / m3/h / rpm / W curve-table points are stored separately when present. D2 and H are decoded from Airtek model nomenclature; the catalogue model-code key identifies impeller diameter and H as impeller height.
Airtek Power,Airtek Power V.2024 - AC Backward Curved Centrifugal Fans,B23A320H134-102-00,Backward curved / plug fan,Plenum / unhoused,AC,320.0,134.0,,,1770.0,,,1390.0,130.0,,,67.0,230.0,50,,Aluminum alloy 5052,IP 54,F,Motor wiring speed regulation,-40~+65℃,,,,,Airtek Power Catalog (AC _ EC).pdf,90,Airtek V.2024 parsed - exact source page embedded,Multiple AC frequency/speed ratings are printed on the source page; 50 Hz is preferred as the database summary when available. Original Airtek V.2024 PDF page 90. Published numeric Pa / m3/h / rpm / W curve-table points are stored separately when present. D2 and H are decoded from Airtek model nomenclature; the catalogue model-code key identifies impeller diameter and H as impeller height.
Airtek Power,Airtek Power V.2024 - AC Backward Curved Centrifugal Fans,B24A320H137-102-00,Backward curved / plug fan,Plenum / unhoused,AC,320.0,137.0,,,996.0,,,1370.0,137.0,,,66.0,240.0,50,,Aluminum alloy 5052,IP 54,F,Motor wiring speed regulation,-40~+65℃,,,,,Airtek Power Catalog (AC _ EC).pdf,91,Airtek V.2024 parsed - exact source page embedded,Original Airtek V.2024 PDF page 91. Published numeric Pa / m3/h / rpm / W curve-table points are stored separately when present. D2 and H are decoded from Airtek model nomenclature; the catalogue model-code key identifies impeller diameter and H as impeller height.
Airtek Power,Airtek Power V.2024 - AC Backward Curved Centrifugal Fans,B24A320H137-102-01,Backward curved / plug fan,Plenum / unhoused,AC,320.0,137.0,,,1278.0,,,1550.0,169.0,,,69.0,240.0,50,,Aluminum alloy 5052,IP 54,F,Motor wiring speed regulation,-40~+65℃,,,,,Airtek Power Catalog (AC _ EC).pdf,92,Airtek V.2024 parsed - exact source page embedded,Original Airtek V.2024 PDF page 92. Published numeric Pa / m3/h / rpm / W curve-table points are stored separately when present. D2 and H are decoded from Airtek model nomenclature; the catalogue model-code key identifies impeller diameter and H as impeller height.
Airtek Power,Airtek Power V.2024 - AC Backward Curved Centrifugal Fans,B23A320H87-102-A0,Backward curved / plug fan,Plenum / unhoused,AC,320.0,87.0,,,1350.0,,,1400.0,95.0,,,56.0,230.0,50,,Aluminum alloy 5052,IP 54,F,Motor wiring speed regulation,-40~+65℃,,,,,Airtek Power Catalog (AC _ EC).pdf,93,Airtek V.2024 parsed - exact source page embedded,Multiple AC frequency/speed ratings are printed on the source page; 50 Hz is preferred as the database summary when available. Original Airtek V.2024 PDF page 93. Published numeric Pa / m3/h / rpm / W curve-table points are stored separately when present. D2 and H are decoded from Airtek model nomenclature; the catalogue model-code key identifies impeller diameter and H as impeller height.
Airtek Power,Airtek Power V.2024 - AC Backward Curved Centrifugal Fans,B23A320H107-102-A0,Backward curved / plug fan,Plenum / unhoused,AC,320.0,107.0,,,1650.0,,,1400.0,105.0,,,60.0,230.0,50,,Aluminum alloy 5052,IP 54,F,Motor wiring speed regulation,-40~+65℃,,,,,Airtek Power Catalog (AC _ EC).pdf,94,Airtek V.2024 parsed - exact source page embedded,Multiple AC frequency/speed ratings are printed on the source page; 50 Hz is preferred as the database summary when available. Original Airtek V.2024 PDF page 94. Published numeric Pa / m3/h / rpm / W curve-table points are stored separately when present. D2 and H are decoded from Airtek model nomenclature; the catalogue model-code key identifies impeller diameter and H as impeller height.
Airtek Power,Airtek Power V.2024 - AC Backward Curved Centrifugal Fans,B23A320H135-102-A0,Backward curved / plug fan,Plenum / unhoused,AC,320.0,135.0,,,1900.0,,,1400.0,135.0,,,63.0,230.0,50,,Aluminum alloy 5052,IP 54,F,Motor wiring speed regulation,-40~+65℃,,,,,Airtek Power Catalog (AC _ EC).pdf,95,Airtek V.2024 parsed - exact source page embedded,Multiple AC frequency/speed ratings are printed on the source page; 50 Hz is preferred as the database summary when available. Original Airtek V.2024 PDF page 95. Published numeric Pa / m3/h / rpm / W curve-table points are stored separately when present. D2 and H are decoded from Airtek model nomenclature; the catalogue model-code key identifies impeller diameter and H as impeller height.
Airtek Power,Airtek Power V.2024 - AC Backward Curved Centrifugal Fans,B23A320H135-102-A1,Backward curved / plug fan,Plenum / unhoused,AC,320.0,135.0,,,1000.0,,,940.0,75.0,,,58.0,230.0,50,,Aluminum alloy 5052,IP 54,F,Motor wiring speed regulation,-40~+65℃,,,,,Airtek Power Catalog (AC _ EC).pdf,96,Airtek V.2024 parsed - exact source page embedded,Multiple AC frequency/speed ratings are printed on the source page; 50 Hz is preferred as the database summary when available. Original Airtek V.2024 PDF page 96. Published numeric Pa / m3/h / rpm / W curve-table points are stored separately when present. D2 and H are decoded from Airtek model nomenclature; the catalogue model-code key identifies impeller diameter and H as impeller height.
Airtek Power,Airtek Power V.2024 - AC Backward Curved Centrifugal Fans,B38A320H135-102-A0,Backward curved / plug fan,Plenum / unhoused,AC,320.0,135.0,,,1900.0,,,1400.0,135.0,,,63.0,380.0,50,,Aluminum alloy 5052,IP 54,F,Motor wiring speed regulation,-40~+65℃,,,,,Airtek Power Catalog (AC _ EC).pdf,97,Airtek V.2024 parsed - exact source page embedded,Multiple AC frequency/speed ratings are printed on the source page; 50 Hz is preferred as the database summary when available. Original Airtek V.2024 PDF page 97. Published numeric Pa / m3/h / rpm / W curve-table points are stored separately when present. D2 and H are decoded from Airtek model nomenclature; the catalogue model-code key identifies impeller diameter and H as impeller height.
Airtek Power,Airtek Power V.2024 - AC Backward Curved Centrifugal Fans,B23A320H135-102-A2,Backward curved / plug fan,Plenum / unhoused,AC,320.0,135.0,,,1850.0,,,1350.0,115.0,,,63.0,230.0,50,,Aluminum alloy 5052,IP 54,F,Motor wiring speed regulation,-40~+65℃,,,,,Airtek Power Catalog (AC _ EC).pdf,98,Airtek V.2024 parsed - exact source page embedded,Multiple AC frequency/speed ratings are printed on the source page; 50 Hz is preferred as the database summary when available. Original Airtek V.2024 PDF page 98. Published numeric Pa / m3/h / rpm / W curve-table points are stored separately when present. D2 and H are decoded from Airtek model nomenclature; the catalogue model-code key identifies impeller diameter and H as impeller height.
Airtek Power,Airtek Power V.2024 - AC Backward Curved Centrifugal Fans,B23A320H146-102-A0,Backward curved / plug fan,Plenum / unhoused,AC,320.0,146.0,,,2250.0,,,1450.0,220.0,,,63.0,230.0,50,,Aluminum alloy 5052,IP 54,F,Motor wiring speed regulation,-40~+65℃,,,,,Airtek Power Catalog (AC _ EC).pdf,99,Airtek V.2024 parsed - exact source page embedded,Multiple AC frequency/speed ratings are printed on the source page; 50 Hz is preferred as the database summary when available. Original Airtek V.2024 PDF page 99. Published numeric Pa / m3/h / rpm / W curve-table points are stored separately when present. D2 and H are decoded from Airtek model nomenclature; the catalogue model-code key identifies impeller diameter and H as impeller height.
Airtek Power,Airtek Power V.2024 - AC Backward Curved Centrifugal Fans,B38A320H146-102-A0,Backward curved / plug fan,Plenum / unhoused,AC,320.0,146.0,,,2250.0,,,1450.0,220.0,,,63.0,380.0,50,,Aluminum alloy 5052,IP 54,F,Motor wiring speed regulation,-40~+65℃,,,,,Airtek Power Catalog (AC _ EC).pdf,100,Airtek V.2024 parsed - exact source page embedded,Multiple AC frequency/speed ratings are printed on the source page; 50 Hz is preferred as the database summary when available. Original Airtek V.2024 PDF page 100. Published numeric Pa / m3/h / rpm / W curve-table points are stored separately when present. D2 and H are decoded from Airtek model nomenclature; the catalogue model-code key identifies impeller diameter and H as impeller height.
Airtek Power,Airtek Power V.2024 - AC Backward Curved Centrifugal Fans,B38A320H105-137-A0,Backward curved / plug fan,Plenum / unhoused,AC,320.0,105.0,,,2800.0,,,2750.0,900.0,,,84.0,380.0,50,,Aluminum alloy 5052,IP 54,F,Motor wiring speed regulation,-40~+65℃,,,,,Airtek Power Catalog (AC _ EC).pdf,101,Airtek V.2024 parsed - exact source page embedded,Multiple AC frequency/speed ratings are printed on the source page; 50 Hz is preferred as the database summary when available. Original Airtek V.2024 PDF page 101. Published numeric Pa / m3/h / rpm / W curve-table points are stored separately when present. D2 and H are decoded from Airtek model nomenclature; the catalogue model-code key identifies impeller diameter and H as impeller height.
Airtek Power,Airtek Power V.2024 - AC Backward Curved Centrifugal Fans,B38A320H118-137-A0,Backward curved / plug fan,Plenum / unhoused,AC,320.0,118.0,,,3300.0,,,2750.0,800.0,,,84.0,380.0,50,,Aluminum alloy 5052,IP 54,F,Motor wiring speed regulation,-40~+65℃,,,,,Airtek Power Catalog (AC _ EC).pdf,102,Airtek V.2024 parsed - exact source page embedded,Original Airtek V.2024 PDF page 102. Published numeric Pa / m3/h / rpm / W curve-table points are stored separately when present. D2 and H are decoded from Airtek model nomenclature; the catalogue model-code key identifies impeller diameter and H as impeller height.
Airtek Power,Airtek Power V.2024 - AC Backward Curved Centrifugal Fans,B38A320H146-137-A0,Backward curved / plug fan,Plenum / unhoused,AC,320.0,146.0,,,4000.0,,,2650.0,1300.0,,,85.0,380.0,50,,Aluminum alloy 5052,IP 54,F,Motor wiring speed regulation,-40~+65℃,,,,,Airtek Power Catalog (AC _ EC).pdf,103,Airtek V.2024 parsed - exact source page embedded,Original Airtek V.2024 PDF page 103. Published numeric Pa / m3/h / rpm / W curve-table points are stored separately when present. D2 and H are decoded from Airtek model nomenclature; the catalogue model-code key identifies impeller diameter and H as impeller height.
Airtek Power,Airtek Power V.2024 - AC Backward Curved Centrifugal Fans,B38A355H119-102-00,Backward curved / plug fan,Plenum / unhoused,AC,355.0,119.0,,,2892.0,,,1420.0,294.0,,,70.0,380.0,50,,Aluminum alloy 5052,IP 54,F,Motor wiring speed regulation,-40~+65℃,,,,,Airtek Power Catalog (AC _ EC).pdf,104,Airtek V.2024 parsed - exact source page embedded,Multiple AC frequency/speed ratings are printed on the source page; 50 Hz is preferred as the database summary when available. Original Airtek V.2024 PDF page 104. Published numeric Pa / m3/h / rpm / W curve-table points are stored separately when present. D2 and H are decoded from Airtek model nomenclature; the catalogue model-code key identifies impeller diameter and H as impeller height.
Airtek Power,Airtek Power V.2024 - AC Backward Curved Centrifugal Fans,B23A355H145-102-A0,Backward curved / plug fan,Plenum / unhoused,AC,355.0,145.0,,,2450.0,,,1420.0,165.0,,,63.0,230.0,50,,Aluminum alloy 5052,IP 54,F,Motor wiring speed regulation,-40~+65℃,,,,,Airtek Power Catalog (AC _ EC).pdf,105,Airtek V.2024 parsed - exact source page embedded,Multiple AC frequency/speed ratings are printed on the source page; 50 Hz is preferred as the database summary when available. Original Airtek V.2024 PDF page 105. Published numeric Pa / m3/h / rpm / W curve-table points are stored separately when present. D2 and H are decoded from Airtek model nomenclature; the catalogue model-code key identifies impeller diameter and H as impeller height.
Airtek Power,Airtek Power V.2024 - AC Backward Curved Centrifugal Fans,B23A355H145-102-A1,Backward curved / plug fan,Plenum / unhoused,AC,355.0,145.0,,,1220.0,,,930.0,100.0,,,60.0,230.0,50,,Aluminum alloy 5052,IP 54,F,Motor wiring speed regulation,-40~+65℃,,,,,Airtek Power Catalog (AC _ EC).pdf,106,Airtek V.2024 parsed - exact source page embedded,Multiple AC frequency/speed ratings are printed on the source page; 50 Hz is preferred as the database summary when available. Original Airtek V.2024 PDF page 106. Published numeric Pa / m3/h / rpm / W curve-table points are stored separately when present. D2 and H are decoded from Airtek model nomenclature; the catalogue model-code key identifies impeller diameter and H as impeller height.
Airtek Power,Airtek Power V.2024 - AC Backward Curved Centrifugal Fans,B38A355H145-102-A0,Backward curved / plug fan,Plenum / unhoused,AC,355.0,145.0,,,2450.0,,,1420.0,165.0,,,63.0,380.0,50,,Aluminum alloy 5052,IP 54,F,Motor wiring speed regulation,-40~+65℃,,,,,Airtek Power Catalog (AC _ EC).pdf,107,Airtek V.2024 parsed - exact source page embedded,Multiple AC frequency/speed ratings are printed on the source page; 50 Hz is preferred as the database summary when available. Original Airtek V.2024 PDF page 107. Published numeric Pa / m3/h / rpm / W curve-table points are stored separately when present. D2 and H are decoded from Airtek model nomenclature; the catalogue model-code key identifies impeller diameter and H as impeller height.
Airtek Power,Airtek Power V.2024 - AC Backward Curved Centrifugal Fans,B23A355H147-102-00,Backward curved / plug fan,Plenum / unhoused,AC,355.0,147.0,,,2510.0,,,1425.0,255.0,,,69.0,230.0,50,,Aluminum alloy 5052,IP 54,F,Motor wiring speed regulation,-40~+65℃,,,,,Airtek Power Catalog (AC _ EC).pdf,108,Airtek V.2024 parsed - exact source page embedded,Multiple AC frequency/speed ratings are printed on the source page; 50 Hz is preferred as the database summary when available. Original Airtek V.2024 PDF page 108. Published numeric Pa / m3/h / rpm / W curve-table points are stored separately when present. D2 and H are decoded from Airtek model nomenclature; the catalogue model-code key identifies impeller diameter and H as impeller height.
Airtek Power,Airtek Power V.2024 - AC Backward Curved Centrifugal Fans,B38A355H147-102-00,Backward curved / plug fan,Plenum / unhoused,AC,355.0,147.0,,,2535.0,,,1405.0,235.0,,,70.0,380.0,50,,Aluminum alloy 5052,IP 54,F,Motor wiring speed regulation,-40~+65℃,,,,,Airtek Power Catalog (AC _ EC).pdf,109,Airtek V.2024 parsed - exact source page embedded,Original Airtek V.2024 PDF page 109. Published numeric Pa / m3/h / rpm / W curve-table points are stored separately when present. D2 and H are decoded from Airtek model nomenclature; the catalogue model-code key identifies impeller diameter and H as impeller height.
Airtek Power,Airtek Power V.2024 - AC Backward Curved Centrifugal Fans,B23A355H102-138-A0,Backward curved / plug fan,Plenum / unhoused,AC,355.0,102.0,,,3150.0,,,2750.0,800.0,,,82.0,220.0,50,,Aluminum alloy 5052,IP 54,F,Motor wiring speed regulation,-40~+65℃,,,,,Airtek Power Catalog (AC _ EC).pdf,110,Airtek V.2024 parsed - exact source page embedded,Multiple AC frequency/speed ratings are printed on the source page; 50 Hz is preferred as the database summary when available. Original Airtek V.2024 PDF page 110. Published numeric Pa / m3/h / rpm / W curve-table points are stored separately when present. D2 and H are decoded from Airtek model nomenclature; the catalogue model-code key identifies impeller diameter and H as impeller height.
Airtek Power,Airtek Power V.2024 - AC Backward Curved Centrifugal Fans,B38A355H132-137-A0,Backward curved / plug fan,Plenum / unhoused,AC,355.0,132.0,,,4500.0,,,2650.0,1200.0,,,88.0,380.0,50,,Aluminum alloy 5052,IP 54,F,Motor wiring speed regulation,-40~+65℃,,,,,Airtek Power Catalog (AC _ EC).pdf,111,Airtek V.2024 parsed - exact source page embedded,Multiple AC frequency/speed ratings are printed on the source page; 50 Hz is preferred as the database summary when available. Original Airtek V.2024 PDF page 111. Published numeric Pa / m3/h / rpm / W curve-table points are stored separately when present. D2 and H are decoded from Airtek model nomenclature; the catalogue model-code key identifies impeller diameter and H as impeller height.
Airtek Power,Airtek Power V.2024 - AC Backward Curved Centrifugal Fans,B23A355H164-137-A0,Backward curved / plug fan,Plenum / unhoused,AC,355.0,164.0,,,3300.0,,,1400.0,400.0,,,72.0,230.0,50,,Aluminum alloy 5052,IP 54,F,Motor wiring speed regulation,-40~+65℃,,,,,Airtek Power Catalog (AC _ EC).pdf,112,Airtek V.2024 parsed - exact source page embedded,Multiple AC frequency/speed ratings are printed on the source page; 50 Hz is preferred as the database summary when available. Original Airtek V.2024 PDF page 112. Published numeric Pa / m3/h / rpm / W curve-table points are stored separately when present. D2 and H are decoded from Airtek model nomenclature; the catalogue model-code key identifies impeller diameter and H as impeller height.
Airtek Power,Airtek Power V.2024 - AC Backward Curved Centrifugal Fans,B38A355H164-137-A0,Backward curved / plug fan,Plenum / unhoused,AC,355.0,164.0,,,3300.0,,,1400.0,400.0,,,72.0,380.0,50,,Aluminum alloy 5052,IP 54,F,Motor wiring speed regulation,-40~+65℃,,,,,Airtek Power Catalog (AC _ EC).pdf,113,Airtek V.2024 parsed - exact source page embedded,Multiple AC frequency/speed ratings are printed on the source page; 50 Hz is preferred as the database summary when available. Original Airtek V.2024 PDF page 113. Published numeric Pa / m3/h / rpm / W curve-table points are stored separately when present. D2 and H are decoded from Airtek model nomenclature; the catalogue model-code key identifies impeller diameter and H as impeller height.
Airtek Power,Airtek Power V.2024 - AC Backward Curved Centrifugal Fans,B38A355H164-137-A1,Backward curved / plug fan,Plenum / unhoused,AC,355.0,164.0,,,4800.0,,,2700.0,2500.0,,,90.0,380.0,60,,Aluminum alloy 5052,IP 54,F,Motor wiring speed regulation,-40~+65℃,,,,,Airtek Power Catalog (AC _ EC).pdf,114,Airtek V.2024 parsed - exact source page embedded,Original Airtek V.2024 PDF page 114. Published numeric Pa / m3/h / rpm / W curve-table points are stored separately when present. D2 and H are decoded from Airtek model nomenclature; the catalogue model-code key identifies impeller diameter and H as impeller height.
Airtek Power,Airtek Power V.2024 - AC Backward Curved Centrifugal Fans,B23A355H169-137-A0,Backward curved / plug fan,Plenum / unhoused,AC,355.0,169.0,,,2800.0,,,1350.0,210.0,,,65.0,230.0,50,,Aluminum alloy 5052,IP 54,F,Motor wiring speed regulation,-40~+65℃,,,,,Airtek Power Catalog (AC _ EC).pdf,115,Airtek V.2024 parsed - exact source page embedded,Multiple AC frequency/speed ratings are printed on the source page; 50 Hz is preferred as the database summary when available. Original Airtek V.2024 PDF page 115. Published numeric Pa / m3/h / rpm / W curve-table points are stored separately when present. D2 and H are decoded from Airtek model nomenclature; the catalogue model-code key identifies impeller diameter and H as impeller height.
Airtek Power,Airtek Power V.2024 - AC Backward Curved Centrifugal Fans,B38A355H169-137-A0,Backward curved / plug fan,Plenum / unhoused,AC,355.0,169.0,,,2800.0,,,1350.0,210.0,,,65.0,380.0,50,,Aluminum alloy 5052,IP 54,F,Motor wiring speed regulation,-40~+65℃,,,,,Airtek Power Catalog (AC _ EC).pdf,116,Airtek V.2024 parsed - exact source page embedded,Multiple AC frequency/speed ratings are printed on the source page; 50 Hz is preferred as the database summary when available. Original Airtek V.2024 PDF page 116. Published numeric Pa / m3/h / rpm / W curve-table points are stored separately when present. D2 and H are decoded from Airtek model nomenclature; the catalogue model-code key identifies impeller diameter and H as impeller height.
Airtek Power,Airtek Power V.2024 - AC Backward Curved Centrifugal Fans,B23A400H147-137-A0,Backward curved / plug fan,Plenum / unhoused,AC,400.0,147.0,,,2850.0,,,1350.0,260.0,,,64.0,230.0,50,,Aluminum alloy 5052,IP 54,F,Motor wiring speed regulation,-40~+65℃,,,,,Airtek Power Catalog (AC _ EC).pdf,117,Airtek V.2024 parsed - exact source page embedded,Multiple AC frequency/speed ratings are printed on the source page; 50 Hz is preferred as the database summary when available. Original Airtek V.2024 PDF page 117. Published numeric Pa / m3/h / rpm / W curve-table points are stored separately when present. D2 and H are decoded from Airtek model nomenclature; the catalogue model-code key identifies impeller diameter and H as impeller height.
Airtek Power,Airtek Power V.2024 - AC Backward Curved Centrifugal Fans,B23A400H147-137-A1,Backward curved / plug fan,Plenum / unhoused,AC,400.0,147.0,,,2150.0,,,940.0,135.0,,,56.0,230.0,50,,Aluminum alloy 5052,IP 54,F,Motor wiring speed regulation,-40~+65℃,,,,,Airtek Power Catalog (AC _ EC).pdf,118,Airtek V.2024 parsed - exact source page embedded,Multiple AC frequency/speed ratings are printed on the source page; 50 Hz is preferred as the database summary when available. Original Airtek V.2024 PDF page 118. Published numeric Pa / m3/h / rpm / W curve-table points are stored separately when present. D2 and H are decoded from Airtek model nomenclature; the catalogue model-code key identifies impeller diameter and H as impeller height.
Airtek Power,Airtek Power V.2024 - AC Backward Curved Centrifugal Fans,B38A400H147-137-A0,Backward curved / plug fan,Plenum / unhoused,AC,400.0,147.0,,,2850.0,,,1350.0,260.0,,,64.0,380.0,50,,Aluminum alloy 5052,IP 54,F,Motor wiring speed regulation,-40~+65℃,,,,,Airtek Power Catalog (AC _ EC).pdf,119,Airtek V.2024 parsed - exact source page embedded,Multiple AC frequency/speed ratings are printed on the source page; 50 Hz is preferred as the database summary when available. Original Airtek V.2024 PDF page 119. Published numeric Pa / m3/h / rpm / W curve-table points are stored separately when present. D2 and H are decoded from Airtek model nomenclature; the catalogue model-code key identifies impeller diameter and H as impeller height.
Airtek Power,Airtek Power V.2024 - AC Backward Curved Centrifugal Fans,B38A400H170-138-A0,Backward curved / plug fan,Plenum / unhoused,AC,400.0,170.0,,,4200.0,,,1350.0,480.0,,,65.0,380.0,50,,Aluminum alloy 5052,IP 54,F,Motor wiring speed regulation,-40~+65℃,,,,,Airtek Power Catalog (AC _ EC).pdf,120,Airtek V.2024 parsed - exact source page embedded,Original Airtek V.2024 PDF page 120. Published numeric Pa / m3/h / rpm / W curve-table points are stored separately when present. D2 and H are decoded from Airtek model nomenclature; the catalogue model-code key identifies impeller diameter and H as impeller height.
Airtek Power,Airtek Power V.2024 - AC Backward Curved Centrifugal Fans,B23A400H181-138-00,Backward curved / plug fan,Plenum / unhoused,AC,400.0,181.0,,,4430.0,,,1445.0,480.0,,,71.0,230.0,50,,Aluminum alloy 5052,IP 54,F,Motor wiring speed regulation,-40~+65℃,,,,,Airtek Power Catalog (AC _ EC).pdf,121,Airtek V.2024 parsed - exact source page embedded,Original Airtek V.2024 PDF page 121. Published numeric Pa / m3/h / rpm / W curve-table points are stored separately when present. D2 and H are decoded from Airtek model nomenclature; the catalogue model-code key identifies impeller diameter and H as impeller height.
Airtek Power,Airtek Power V.2024 - AC Backward Curved Centrifugal Fans,B38A400H181-138-00,Backward curved / plug fan,Plenum / unhoused,AC,400.0,181.0,,,5034.0,,,1440.0,562.0,,,72.0,380.0,50,,Aluminum alloy 5052,IP 54,F,Motor wiring speed regulation,-40~+65℃,,,,,Airtek Power Catalog (AC _ EC).pdf,122,Airtek V.2024 parsed - exact source page embedded,Original Airtek V.2024 PDF page 122. Published numeric Pa / m3/h / rpm / W curve-table points are stored separately when present. D2 and H are decoded from Airtek model nomenclature; the catalogue model-code key identifies impeller diameter and H as impeller height.
Airtek Power,Airtek Power V.2024 - AC Backward Curved Centrifugal Fans,B23A400H185-137-A0,Backward curved / plug fan,Plenum / unhoused,AC,400.0,185.0,,,4400.0,,,1380.0,510.0,,,69.0,230.0,50,,Aluminum alloy 5052,IP 54,F,Motor wiring speed regulation,-40~+65℃,,,,,Airtek Power Catalog (AC _ EC).pdf,123,Airtek V.2024 parsed - exact source page embedded,Original Airtek V.2024 PDF page 123. Published numeric Pa / m3/h / rpm / W curve-table points are stored separately when present. D2 and H are decoded from Airtek model nomenclature; the catalogue model-code key identifies impeller diameter and H as impeller height.
Airtek Power,Airtek Power V.2024 - AC Backward Curved Centrifugal Fans,B38A400H185-137-A0,Backward curved / plug fan,Plenum / unhoused,AC,400.0,185.0,,,4400.0,,,1370.0,510.0,,,69.0,380.0,50,,Aluminum alloy 5052,IP 54,F,Motor wiring speed regulation,-40~+65℃,,,,,Airtek Power Catalog (AC _ EC).pdf,123,Airtek V.2024 parsed - exact source page embedded,Original Airtek V.2024 PDF page 123. Published numeric Pa / m3/h / rpm / W curve-table points are stored separately when present. D2 and H are decoded from Airtek model nomenclature; the catalogue model-code key identifies impeller diameter and H as impeller height.
Airtek Power,Airtek Power V.2024 - AC Backward Curved Centrifugal Fans,B23A400H188-137-A0,Backward curved / plug fan,Plenum / unhoused,AC,400.0,188.0,,,4400.0,,,1380.0,510.0,,,69.0,230.0,50,,Aluminum alloy 5052,IP 54,F,Motor wiring speed regulation,-40~+65℃,,,,,Airtek Power Catalog (AC _ EC).pdf,124,Airtek V.2024 parsed - exact source page embedded,Original Airtek V.2024 PDF page 124. Published numeric Pa / m3/h / rpm / W curve-table points are stored separately when present. D2 and H are decoded from Airtek model nomenclature; the catalogue model-code key identifies impeller diameter and H as impeller height.
Airtek Power,Airtek Power V.2024 - AC Backward Curved Centrifugal Fans,B38A400H188-137-A0,Backward curved / plug fan,Plenum / unhoused,AC,400.0,188.0,,,4400.0,,,1370.0,510.0,,,69.0,380.0,50,,Aluminum alloy 5052,IP 54,F,Motor wiring speed regulation,-40~+65℃,,,,,Airtek Power Catalog (AC _ EC).pdf,124,Airtek V.2024 parsed - exact source page embedded,Original Airtek V.2024 PDF page 124. Published numeric Pa / m3/h / rpm / W curve-table points are stored separately when present. D2 and H are decoded from Airtek model nomenclature; the catalogue model-code key identifies impeller diameter and H as impeller height.
Airtek Power,Airtek Power V.2024 - AC Backward Curved Centrifugal Fans,B38A450H151-138-A0,Backward curved / plug fan,Plenum / unhoused,AC,450.0,151.0,,,4900.0,,,1400.0,650.0,,,75.0,380.0,50,,Aluminum alloy 5052,IP 54,F,Motor wiring speed regulation,-40~+65℃,,,,,Airtek Power Catalog (AC _ EC).pdf,125,Airtek V.2024 parsed - exact source page embedded,Multiple AC frequency/speed ratings are printed on the source page; 50 Hz is preferred as the database summary when available. Original Airtek V.2024 PDF page 125. Published numeric Pa / m3/h / rpm / W curve-table points are stored separately when present. D2 and H are decoded from Airtek model nomenclature; the catalogue model-code key identifies impeller diameter and H as impeller height.
Airtek Power,Airtek Power V.2024 - AC Backward Curved Centrifugal Fans,B23A450H181-138-A0,Backward curved / plug fan,Plenum / unhoused,AC,450.0,181.0,,,6000.0,,,1350.0,800.0,,,78.0,230.0,50,,Aluminum alloy 5052,IP 54,F,Motor wiring speed regulation,-40~+65℃,,,,,Airtek Power Catalog (AC _ EC).pdf,126,Airtek V.2024 parsed - exact source page embedded,Original Airtek V.2024 PDF page 126. Published numeric Pa / m3/h / rpm / W curve-table points are stored separately when present. D2 and H are decoded from Airtek model nomenclature; the catalogue model-code key identifies impeller diameter and H as impeller height.
Airtek Power,Airtek Power V.2024 - AC Backward Curved Centrifugal Fans,B38A450H181-138-A0,Backward curved / plug fan,Plenum / unhoused,AC,450.0,181.0,,,6000.0,,,1350.0,800.0,,,78.0,380.0,50,,Aluminum alloy 5052,IP 54,F,Motor wiring speed regulation,-40~+65℃,,,,,Airtek Power Catalog (AC _ EC).pdf,126,Airtek V.2024 parsed - exact source page embedded,Original Airtek V.2024 PDF page 126. Published numeric Pa / m3/h / rpm / W curve-table points are stored separately when present. D2 and H are decoded from Airtek model nomenclature; the catalogue model-code key identifies impeller diameter and H as impeller height.
Airtek Power,Airtek Power V.2024 - AC Backward Curved Centrifugal Fans,B38A450H206-138-00,Backward curved / plug fan,Plenum / unhoused,AC,450.0,206.0,,,5867.0,,,1405.0,755.0,,,78.0,380.0,50,,Aluminum alloy 5052,IP 54,F,Motor wiring speed regulation,-40~+65℃,,,,,Airtek Power Catalog (AC _ EC).pdf,127,Airtek V.2024 parsed - exact source page embedded,Original Airtek V.2024 PDF page 127. Published numeric Pa / m3/h / rpm / W curve-table points are stored separately when present. D2 and H are decoded from Airtek model nomenclature; the catalogue model-code key identifies impeller diameter and H as impeller height.
Airtek Power,Airtek Power V.2024 - AC Backward Curved Centrifugal Fans,B23A450H206-138-00,Backward curved / plug fan,Plenum / unhoused,AC,450.0,206.0,,,5900.0,,,1405.0,790.0,,,78.0,230.0,50,,Aluminum alloy 5052,IP 54,F,Motor wiring speed regulation,-40~+65℃,,,,,Airtek Power Catalog (AC _ EC).pdf,128,Airtek V.2024 parsed - exact source page embedded,Original Airtek V.2024 PDF page 128. Published numeric Pa / m3/h / rpm / W curve-table points are stored separately when present. D2 and H are decoded from Airtek model nomenclature; the catalogue model-code key identifies impeller diameter and H as impeller height.
Airtek Power,Airtek Power V.2024 - AC Backward Curved Centrifugal Fans,B38A450H209-138-A0,Backward curved / plug fan,Plenum / unhoused,AC,450.0,209.0,,,6700.0,,,1350.0,800.0,,,79.0,380.0,50,,Aluminum alloy 5052,IP 54,F,Motor wiring speed regulation,-40~+65℃,,,,,Airtek Power Catalog (AC _ EC).pdf,129,Airtek V.2024 parsed - exact source page embedded,Original Airtek V.2024 PDF page 129. Published numeric Pa / m3/h / rpm / W curve-table points are stored separately when present. D2 and H are decoded from Airtek model nomenclature; the catalogue model-code key identifies impeller diameter and H as impeller height.
Airtek Power,Airtek Power V.2024 - AC Backward Curved Centrifugal Fans,B38A450H209-138-A1,Backward curved / plug fan,Plenum / unhoused,AC,450.0,209.0,,,7000.0,,,1400.0,1100.0,,,82.0,380.0,50,,Aluminum alloy 5052,IP 54,F,Motor wiring speed regulation,-40~+65℃,,,,,Airtek Power Catalog (AC _ EC).pdf,130,Airtek V.2024 parsed - exact source page embedded,Original Airtek V.2024 PDF page 130. Published numeric Pa / m3/h / rpm / W curve-table points are stored separately when present. D2 and H are decoded from Airtek model nomenclature; the catalogue model-code key identifies impeller diameter and H as impeller height.
Airtek Power,Airtek Power V.2024 - AC Backward Curved Centrifugal Fans,B23A450H218-138-A0,Backward curved / plug fan,Plenum / unhoused,AC,450.0,218.0,,,3900.0,,,920.0,300.0,,,60.0,380.0,50,,Aluminum alloy 5052,IP 54,F,Motor wiring speed regulation,-40~+65℃,,,,,Airtek Power Catalog (AC _ EC).pdf,131,Airtek V.2024 parsed - exact source page embedded,Multiple AC frequency/speed ratings are printed on the source page; 50 Hz is preferred as the database summary when available. Original Airtek V.2024 PDF page 131. Published numeric Pa / m3/h / rpm / W curve-table points are stored separately when present. D2 and H are decoded from Airtek model nomenclature; the catalogue model-code key identifies impeller diameter and H as impeller height.
Airtek Power,Airtek Power V.2024 - AC Backward Curved Centrifugal Fans,B38A450H218-138-A0,Backward curved / plug fan,Plenum / unhoused,AC,450.0,218.0,,,3900.0,,,920.0,300.0,,,60.0,380.0,50,,Aluminum alloy 5052,IP 54,F,Motor wiring speed regulation,-40~+65℃,,,,,Airtek Power Catalog (AC _ EC).pdf,132,Airtek V.2024 parsed - exact source page embedded,Multiple AC frequency/speed ratings are printed on the source page; 50 Hz is preferred as the database summary when available. Original Airtek V.2024 PDF page 132. Published numeric Pa / m3/h / rpm / W curve-table points are stored separately when present. D2 and H are decoded from Airtek model nomenclature; the catalogue model-code key identifies impeller diameter and H as impeller height.
Airtek Power,Airtek Power V.2024 - AC Backward Curved Centrifugal Fans,B38A520H159-137-A0,Backward curved / plug fan,Plenum / unhoused,AC,520.0,159.0,,,6000.0,,,1400.0,1000.0,,,80.0,380.0,50,,Aluminum alloy 5052,IP 54,F,Motor wiring speed regulation,-40~+65℃,,,,,Airtek Power Catalog (AC _ EC).pdf,133,Airtek V.2024 parsed - exact source page embedded,Multiple AC frequency/speed ratings are printed on the source page; 50 Hz is preferred as the database summary when available. Original Airtek V.2024 PDF page 133. Published numeric Pa / m3/h / rpm / W curve-table points are stored separately when present. D2 and H are decoded from Airtek model nomenclature; the catalogue model-code key identifies impeller diameter and H as impeller height.
Airtek Power,Airtek Power V.2024 - AC Backward Curved Centrifugal Fans,B38A520H202-180-00,Backward curved / plug fan,Plenum / unhoused,AC,520.0,202.0,,,7800.0,,,1350.0,1000.0,,,79.0,380.0,50,,Aluminum alloy 5052,IP 54,F,Motor wiring speed regulation,-40~+65℃,,,,,Airtek Power Catalog (AC _ EC).pdf,134,Airtek V.2024 parsed - exact source page embedded,Original Airtek V.2024 PDF page 134. Published numeric Pa / m3/h / rpm / W curve-table points are stored separately when present. D2 and H are decoded from Airtek model nomenclature; the catalogue model-code key identifies impeller diameter and H as impeller height.
Airtek Power,Airtek Power V.2024 - AC Backward Curved Centrifugal Fans,B38A520H225-180-00,Backward curved / plug fan,Plenum / unhoused,AC,520.0,225.0,,,8300.0,,,1365.0,1485.0,,,80.0,380.0,50,,Aluminum alloy 5052,IP 54,F,Motor wiring speed regulation,-40~+65℃,,,,,Airtek Power Catalog (AC _ EC).pdf,135,Airtek V.2024 parsed - exact source page embedded,Original Airtek V.2024 PDF page 135. Published numeric Pa / m3/h / rpm / W curve-table points are stored separately when present. D2 and H are decoded from Airtek model nomenclature; the catalogue model-code key identifies impeller diameter and H as impeller height.
Airtek Power,Airtek Power V.2024 - AC Backward Curved Centrifugal Fans,B38A520H234-180-A0,Backward curved / plug fan,Plenum / unhoused,AC,520.0,234.0,,,9500.0,,,1400.0,1500.0,,,80.0,380.0,50,,Aluminum alloy 5052,IP 54,F,Motor wiring speed regulation,-40~+65℃,,,,,Airtek Power Catalog (AC _ EC).pdf,136,Airtek V.2024 parsed - exact source page embedded,Original Airtek V.2024 PDF page 136. Published numeric Pa / m3/h / rpm / W curve-table points are stored separately when present. D2 and H are decoded from Airtek model nomenclature; the catalogue model-code key identifies impeller diameter and H as impeller height.
Airtek Power,Airtek Power V.2024 - AC Backward Curved Centrifugal Fans,B38A520H254-180-A0,Backward curved / plug fan,Plenum / unhoused,AC,520.0,254.0,,,5200.0,,,950.0,450.0,,,63.0,380.0,50,,Aluminum alloy 5052,IP 54,F,Motor wiring speed regulation,-40~+65℃,,,,,Airtek Power Catalog (AC _ EC).pdf,137,Airtek V.2024 parsed - exact source page embedded,Multiple AC frequency/speed ratings are printed on the source page; 50 Hz is preferred as the database summary when available. Original Airtek V.2024 PDF page 137. Published numeric Pa / m3/h / rpm / W curve-table points are stored separately when present. D2 and H are decoded from Airtek model nomenclature; the catalogue model-code key identifies impeller diameter and H as impeller height.
Airtek Power,Airtek Power V.2024 - AC Backward Curved Centrifugal Fans,B38A560H198-180-A0,Backward curved / plug fan,Plenum / unhoused,AC,560.0,198.0,,,9900.0,,,1350.0,2000.0,,,85.0,380.0,50,,Aluminum alloy 5052,IP 54,F,Motor wiring speed regulation,-40~+65℃,,,,,Airtek Power Catalog (AC _ EC).pdf,138,Airtek V.2024 parsed - exact source page embedded,Original Airtek V.2024 PDF page 138. Published numeric Pa / m3/h / rpm / W curve-table points are stored separately when present. D2 and H are decoded from Airtek model nomenclature; the catalogue model-code key identifies impeller diameter and H as impeller height.
Airtek Power,Airtek Power V.2024 - AC Backward Curved Centrifugal Fans,B38A560H220-180-A0,Backward curved / plug fan,Plenum / unhoused,AC,560.0,220.0,,,11000.0,,,1350.0,2500.0,,,85.0,380.0,50,,Aluminum alloy 5052,IP 54,F,Motor wiring speed regulation,-40~+65℃,,,,,Airtek Power Catalog (AC _ EC).pdf,139,Airtek V.2024 parsed - exact source page embedded,Original Airtek V.2024 PDF page 139. Published numeric Pa / m3/h / rpm / W curve-table points are stored separately when present. D2 and H are decoded from Airtek model nomenclature; the catalogue model-code key identifies impeller diameter and H as impeller height.
Airtek Power,Airtek Power V.2024 - AC Backward Curved Centrifugal Fans,B38A560H220-180-A1,Backward curved / plug fan,Plenum / unhoused,AC,560.0,220.0,,,8000.0,,,910.0,900.0,,,73.0,380.0,50,,Aluminum alloy 5052,IP 54,F,Motor wiring speed regulation,-40~+65℃,,,,,Airtek Power Catalog (AC _ EC).pdf,139,Airtek V.2024 parsed - exact source page embedded,Original Airtek V.2024 PDF page 139. Published numeric Pa / m3/h / rpm / W curve-table points are stored separately when present. D2 and H are decoded from Airtek model nomenclature; the catalogue model-code key identifies impeller diameter and H as impeller height.
Airtek Power,Airtek Power V.2024 - AC Backward Curved Centrifugal Fans,B38A560H243-180-A0,Backward curved / plug fan,Plenum / unhoused,AC,560.0,243.0,,,12000.0,,,1350.0,2500.0,,,85.0,380.0,50,,Aluminum alloy 5052,IP 54,F,Motor wiring speed regulation,-40~+65℃,,,,,Airtek Power Catalog (AC _ EC).pdf,140,Airtek V.2024 parsed - exact source page embedded,Original Airtek V.2024 PDF page 140. Published numeric Pa / m3/h / rpm / W curve-table points are stored separately when present. D2 and H are decoded from Airtek model nomenclature; the catalogue model-code key identifies impeller diameter and H as impeller height.
Airtek Power,Airtek Power V.2024 - AC Backward Curved Centrifugal Fans,B38A560H243-180-A1,Backward curved / plug fan,Plenum / unhoused,AC,560.0,243.0,,,8800.0,,,910.0,900.0,,,73.0,380.0,50,,Aluminum alloy 5052,IP 54,F,Motor wiring speed regulation,-40~+65℃,,,,,Airtek Power Catalog (AC _ EC).pdf,140,Airtek V.2024 parsed - exact source page embedded,Original Airtek V.2024 PDF page 140. Published numeric Pa / m3/h / rpm / W curve-table points are stored separately when present. D2 and H are decoded from Airtek model nomenclature; the catalogue model-code key identifies impeller diameter and H as impeller height.
Airtek Power,Airtek Power V.2024 - AC Backward Curved Centrifugal Fans,B38A560H256-180-00,Backward curved / plug fan,Plenum / unhoused,AC,560.0,256.0,,,12315.0,,,1310.0,2368.0,,,83.0,380.0,50,,Aluminum alloy 5052,IP 54,F,Motor wiring speed regulation,-40~+65℃,,,,,Airtek Power Catalog (AC _ EC).pdf,141,Airtek V.2024 parsed - exact source page embedded,Original Airtek V.2024 PDF page 141. Published numeric Pa / m3/h / rpm / W curve-table points are stored separately when present. D2 and H are decoded from Airtek model nomenclature; the catalogue model-code key identifies impeller diameter and H as impeller height.
Airtek Power,Airtek Power V.2024 - AC Backward Curved Centrifugal Fans,B38A630H293-180-A0,Backward curved / plug fan,Plenum / unhoused,AC,630.0,293.0,,,12000.0,,,900.0,1500.0,,,80.0,380.0,50,,Aluminum alloy 5052,IP 54,F,Motor wiring speed regulation,-40~+65℃,,,,,Airtek Power Catalog (AC _ EC).pdf,142,Airtek V.2024 parsed - exact source page embedded,Original Airtek V.2024 PDF page 142. Published numeric Pa / m3/h / rpm / W curve-table points are stored separately when present. D2 and H are decoded from Airtek model nomenclature; the catalogue model-code key identifies impeller diameter and H as impeller height.
Airtek Power,Airtek Power V.2024 - AC Backward Curved Centrifugal Fans,B38A630H293-180-A1,Backward curved / plug fan,Plenum / unhoused,AC,630.0,293.0,,,9000.0,,,700.0,700.0,,,72.0,380.0,50,,Aluminum alloy 5052,IP 54,F,Motor wiring speed regulation,-40~+65℃,,,,,Airtek Power Catalog (AC _ EC).pdf,142,Airtek V.2024 parsed - exact source page embedded,Original Airtek V.2024 PDF page 142. Published numeric Pa / m3/h / rpm / W curve-table points are stored separately when present. D2 and H are decoded from Airtek model nomenclature; the catalogue model-code key identifies impeller diameter and H as impeller height.
Airtek Power,Airtek Power V.2024 - EC Forward Curved Centrifugal Fans,F23E108H51-72-B0,Forward curved / Sirocco,Plenum / unhoused,EC,108.0,51.0,,,240.0,,,2800.0,50.0,,,64.0,230.0,50/60,,Galvanized sheet steel,IP 54,F,0-10VDC/PWM (Control input 4-20mA),-25~+60℃,,,,,Airtek Power Catalog (AC _ EC).pdf,144,Airtek V.2024 parsed - exact source page embedded,Original Airtek V.2024 PDF page 144. Published numeric Pa / m3/h / rpm / W curve-table points are stored separately when present. D2 and H are decoded from Airtek model nomenclature; the catalogue model-code key identifies impeller diameter and H as impeller height.
Airtek Power,Airtek Power V.2024 - EC Forward Curved Centrifugal Fans,F23E120H61-72-B0,Forward curved / Sirocco,Plenum / unhoused,EC,120.0,61.0,,,309.0,,,2580.0,65.0,,,65.0,230.0,50/60,,Galvanized sheet steel,IP 54,F,0-10VDC/PWM (Control input 4-20mA),-25~+60℃,,,,,Airtek Power Catalog (AC _ EC).pdf,145,Airtek V.2024 parsed - exact source page embedded,Original Airtek V.2024 PDF page 145. Published numeric Pa / m3/h / rpm / W curve-table points are stored separately when present. D2 and H are decoded from Airtek model nomenclature; the catalogue model-code key identifies impeller diameter and H as impeller height.
Airtek Power,Airtek Power V.2024 - EC Forward Curved Centrifugal Fans,F23E133H46-72-B0,Forward curved / Sirocco,Plenum / unhoused,EC,133.0,46.0,,,290.0,,,2600.0,82.0,,,66.0,230.0,50/60,,Galvanized sheet steel,IP 54,F,0-10VDC/PWM (Control input 4-20mA),-25~+60℃,,,,,Airtek Power Catalog (AC _ EC).pdf,146,Airtek V.2024 parsed - exact source page embedded,Original Airtek V.2024 PDF page 146. Published numeric Pa / m3/h / rpm / W curve-table points are stored separately when present. D2 and H are decoded from Airtek model nomenclature; the catalogue model-code key identifies impeller diameter and H as impeller height.
Airtek Power,Airtek Power V.2024 - EC Forward Curved Centrifugal Fans,F23E140H59-92-B0,Forward curved / Sirocco,Plenum / unhoused,EC,140.0,59.0,,,543.0,,,2580.0,150.0,,,70.0,230.0,50/60,,Galvanized sheet steel,IP 54,F,0-10VDC/PWM (Control input 4-20mA),-25~+60℃,,,,,Airtek Power Catalog (AC _ EC).pdf,147,Airtek V.2024 parsed - exact source page embedded,Original Airtek V.2024 PDF page 147. Published numeric Pa / m3/h / rpm / W curve-table points are stored separately when present. D2 and H are decoded from Airtek model nomenclature; the catalogue model-code key identifies impeller diameter and H as impeller height.
Airtek Power,Airtek Power V.2024 - EC Forward Curved Centrifugal Fans,F23E160H62-92-B0,Forward curved / Sirocco,Plenum / unhoused,EC,160.0,62.0,,,630.0,,,2050.0,150.0,,,71.0,230.0,50/60,,Galvanized sheet steel,IP 54,F,0-10VDC/PWM (Control input 4-20mA),-25~+60℃,,,,,Airtek Power Catalog (AC _ EC).pdf,148,Airtek V.2024 parsed - exact source page embedded,Original Airtek V.2024 PDF page 148. Published numeric Pa / m3/h / rpm / W curve-table points are stored separately when present. D2 and H are decoded from Airtek model nomenclature; the catalogue model-code key identifies impeller diameter and H as impeller height.
Airtek Power,Airtek Power V.2024 - EC Forward Curved Centrifugal Fans,F23E180H92-92-B0,Forward curved / Sirocco,Plenum / unhoused,EC,180.0,92.0,,,970.0,,,2000.0,200.0,,,70.0,230.0,50/60,,Galvanized sheet steel,IP 54,F,0-10VDC/PWM (Control input 4-20mA),-25~+60℃,,,,,Airtek Power Catalog (AC _ EC).pdf,149,Airtek V.2024 parsed - exact source page embedded,Original Airtek V.2024 PDF page 149. Published numeric Pa / m3/h / rpm / W curve-table points are stored separately when present. D2 and H are decoded from Airtek model nomenclature; the catalogue model-code key identifies impeller diameter and H as impeller height.
Airtek Power,Airtek Power V.2024 - EC Forward Curved Centrifugal Fans,F23A180H92-102-B0,Forward curved / Sirocco,Plenum / unhoused,AC,180.0,92.0,,,1320.0,,,2460.0,495.0,,,76.0,230.0,50/60,,Galvanized sheet steel,IP 54,F,0-10VDC/PWM (Control input 4-20mA),-25~+60℃,,,,,Airtek Power Catalog (AC _ EC).pdf,150,Airtek V.2024 parsed - exact source page embedded,Original Airtek V.2024 PDF page 150. Published numeric Pa / m3/h / rpm / W curve-table points are stored separately when present. D2 and H are decoded from Airtek model nomenclature; the catalogue model-code key identifies impeller diameter and H as impeller height.
Airtek Power,Airtek Power V.2024 - EC Forward Curved Centrifugal Fans,F23E200H83-92-B0,Forward curved / Sirocco,Plenum / unhoused,EC,200.0,83.0,,,1000.0,,,1600.0,220.0,,,74.0,230.0,50/60,,Galvanized sheet steel,IP 54,F,0-10VDC/PWM (Control input 4-20mA),-25~+60℃,,,,,Airtek Power Catalog (AC _ EC).pdf,151,Airtek V.2024 parsed - exact source page embedded,Original Airtek V.2024 PDF page 151. Published numeric Pa / m3/h / rpm / W curve-table points are stored separately when present. D2 and H are decoded from Airtek model nomenclature; the catalogue model-code key identifies impeller diameter and H as impeller height.
Airtek Power,Airtek Power V.2024 - EC Forward Curved Centrifugal Fans,F23E200H102-102-B0,Forward curved / Sirocco,Plenum / unhoused,EC,200.0,102.0,,,1650.0,,,1900.0,500.0,,,76.0,230.0,50/60,,Galvanized sheet steel,IP 54,F,0-10VDC/PWM (Control input 4-20mA),-25~+60℃,,,,,Airtek Power Catalog (AC _ EC).pdf,152,Airtek V.2024 parsed - exact source page embedded,Original Airtek V.2024 PDF page 152. Published numeric Pa / m3/h / rpm / W curve-table points are stored separately when present. D2 and H are decoded from Airtek model nomenclature; the catalogue model-code key identifies impeller diameter and H as impeller height.
Airtek Power,Airtek Power V.2024 - EC Forward Curved Centrifugal Fans,F23E225H100-102-B0,Forward curved / Sirocco,Plenum / unhoused,EC,225.0,100.0,,,1741.0,,,1250.0,355.0,,,75.0,230.0,50/60,,Galvanized sheet steel,IP 54,F,0-10VDC/PWM (Control input 4-20mA),-25~+60℃,,,,,Airtek Power Catalog (AC _ EC).pdf,153,Airtek V.2024 parsed - exact source page embedded,Original Airtek V.2024 PDF page 153. Published numeric Pa / m3/h / rpm / W curve-table points are stored separately when present. D2 and H are decoded from Airtek model nomenclature; the catalogue model-code key identifies impeller diameter and H as impeller height.
Airtek Power,Airtek Power V.2024 - AC Forward Curved Centrifugal Fans,F23A120H61-92-A0,Forward curved / Sirocco,Plenum / unhoused,AC,120.0,61.0,,,200.0,,,2550.0,50.0,,,51.0,230.0,50,,Galvanized sheet steel,IP 54,F,Motor wiring speed regulation,-40~+65℃,,,,,Airtek Power Catalog (AC _ EC).pdf,155,Airtek V.2024 parsed - exact source page embedded,Multiple AC frequency/speed ratings are printed on the source page; 50 Hz is preferred as the database summary when available. Original Airtek V.2024 PDF page 155. Published numeric Pa / m3/h / rpm / W curve-table points are stored separately when present. D2 and H are decoded from Airtek model nomenclature; the catalogue model-code key identifies impeller diameter and H as impeller height.
Airtek Power,Airtek Power V.2024 - AC Forward Curved Centrifugal Fans,F23A133H73-92-A0,Forward curved / Sirocco,Plenum / unhoused,AC,133.0,73.0,,,290.0,,,2300.0,70.0,,,61.0,230.0,50,,Galvanized sheet steel,IP 54,F,Motor wiring speed regulation,-40~+65℃,,,,,Airtek Power Catalog (AC _ EC).pdf,156,Airtek V.2024 parsed - exact source page embedded,Multiple AC frequency/speed ratings are printed on the source page; 50 Hz is preferred as the database summary when available. Original Airtek V.2024 PDF page 156. Published numeric Pa / m3/h / rpm / W curve-table points are stored separately when present. D2 and H are decoded from Airtek model nomenclature; the catalogue model-code key identifies impeller diameter and H as impeller height.
Airtek Power,Airtek Power V.2024 - AC Forward Curved Centrifugal Fans,F23A140H60-92-A0,Forward curved / Sirocco,Plenum / unhoused,AC,140.0,60.0,,,330.0,,,1600.0,100.0,,,52.0,230.0,50,,Galvanized sheet steel,IP 54,F,Motor wiring speed regulation,-40~+65℃,,,,,Airtek Power Catalog (AC _ EC).pdf,157,Airtek V.2024 parsed - exact source page embedded,Multiple AC frequency/speed ratings are printed on the source page; 50 Hz is preferred as the database summary when available. Original Airtek V.2024 PDF page 157. Published numeric Pa / m3/h / rpm / W curve-table points are stored separately when present. D2 and H are decoded from Airtek model nomenclature; the catalogue model-code key identifies impeller diameter and H as impeller height.
Airtek Power,Airtek Power V.2024 - AC Forward Curved Centrifugal Fans,F23A140H60-92-A1,Forward curved / Sirocco,Plenum / unhoused,AC,140.0,60.0,,,330.0,,,1600.0,100.0,,,52.0,230.0,50,,Galvanized sheet steel,IP 54,F,Motor wiring speed regulation,-40~+65℃,,,,,Airtek Power Catalog (AC _ EC).pdf,158,Airtek V.2024 parsed - exact source page embedded,Multiple AC frequency/speed ratings are printed on the source page; 50 Hz is preferred as the database summary when available. Original Airtek V.2024 PDF page 158. Published numeric Pa / m3/h / rpm / W curve-table points are stored separately when present. D2 and H are decoded from Airtek model nomenclature; the catalogue model-code key identifies impeller diameter and H as impeller height.
Airtek Power,Airtek Power V.2024 - AC Forward Curved Centrifugal Fans,F23A150H70-92-A0,Forward curved / Sirocco,Plenum / unhoused,AC,150.0,70.0,,,535.0,,,2600.0,135.0,,,67.0,230.0,50,,Galvanized sheet steel,IP 54,F,Motor wiring speed regulation,-40~+65℃,,,,,Airtek Power Catalog (AC _ EC).pdf,159,Airtek V.2024 parsed - exact source page embedded,Multiple AC frequency/speed ratings are printed on the source page; 50 Hz is preferred as the database summary when available. Original Airtek V.2024 PDF page 159. Published numeric Pa / m3/h / rpm / W curve-table points are stored separately when present. D2 and H are decoded from Airtek model nomenclature; the catalogue model-code key identifies impeller diameter and H as impeller height.
Airtek Power,Airtek Power V.2024 - AC Forward Curved Centrifugal Fans,F23A160H62-92-A0,Forward curved / Sirocco,Plenum / unhoused,AC,160.0,62.0,,,510.0,,,1700.0,230.0,,,63.0,230.0,50,,Galvanized sheet steel,IP 54,F,Motor wiring speed regulation,-40~+65℃,,,,,Airtek Power Catalog (AC _ EC).pdf,160,Airtek V.2024 parsed - exact source page embedded,Original Airtek V.2024 PDF page 160. Published numeric Pa / m3/h / rpm / W curve-table points are stored separately when present. D2 and H are decoded from Airtek model nomenclature; the catalogue model-code key identifies impeller diameter and H as impeller height.
Airtek Power,Airtek Power V.2024 - AC Forward Curved Centrifugal Fans,F23A160H62-92-A1,Forward curved / Sirocco,Plenum / unhoused,AC,160.0,62.0,,,400.0,,,1500.0,68.0,,,68.0,230.0,50,,Galvanized sheet steel,IP 54,F,Motor wiring speed regulation,-40~+65℃,,,,,Airtek Power Catalog (AC _ EC).pdf,160,Airtek V.2024 parsed - exact source page embedded,Original Airtek V.2024 PDF page 160. Published numeric Pa / m3/h / rpm / W curve-table points are stored separately when present. D2 and H are decoded from Airtek model nomenclature; the catalogue model-code key identifies impeller diameter and H as impeller height.
Airtek Power,Airtek Power V.2024 - AC Forward Curved Centrifugal Fans,F23A180H92-102-A0,Forward curved / Sirocco,Plenum / unhoused,AC,180.0,92.0,,,750.0,,,1450.0,85.0,,,69.0,230.0,50,,Galvanized sheet steel,IP 54,F,Motor wiring speed regulation,-40~+65℃,,,,,Airtek Power Catalog (AC _ EC).pdf,161,Airtek V.2024 parsed - exact source page embedded,Original Airtek V.2024 PDF page 161. Published numeric Pa / m3/h / rpm / W curve-table points are stored separately when present. D2 and H are decoded from Airtek model nomenclature; the catalogue model-code key identifies impeller diameter and H as impeller height.
Airtek Power,Airtek Power V.2024 - AC Forward Curved Centrifugal Fans,F23A200H52-92-A0,Forward curved / Sirocco,Plenum / unhoused,AC,200.0,52.0,,,540.0,,,1300.0,120.0,,,58.0,230.0,50,,Galvanized sheet steel,IP 54,F,Motor wiring speed regulation,-40~+65℃,,,,,Airtek Power Catalog (AC _ EC).pdf,162,Airtek V.2024 parsed - exact source page embedded,Original Airtek V.2024 PDF page 162. Published numeric Pa / m3/h / rpm / W curve-table points are stored separately when present. D2 and H are decoded from Airtek model nomenclature; the catalogue model-code key identifies impeller diameter and H as impeller height.
Airtek Power,Airtek Power V.2024 - AC Forward Curved Centrifugal Fans,F23A200H102-102-A0,Forward curved / Sirocco,Plenum / unhoused,AC,200.0,102.0,,,1000.0,,,1300.0,200.0,,,66.0,230.0,50,,Galvanized sheet steel,IP 54,F,Motor wiring speed regulation,-40~+65℃,,,,,Airtek Power Catalog (AC _ EC).pdf,163,Airtek V.2024 parsed - exact source page embedded,Original Airtek V.2024 PDF page 163. Published numeric Pa / m3/h / rpm / W curve-table points are stored separately when present. D2 and H are decoded from Airtek model nomenclature; the catalogue model-code key identifies impeller diameter and H as impeller height.
Airtek Power,Airtek Power V.2024 - AC Forward Curved Centrifugal Fans,F38A200H102-102-A0,Forward curved / Sirocco,Plenum / unhoused,AC,200.0,102.0,,,1000.0,,,1300.0,200.0,,,66.0,380.0,50,,Galvanized sheet steel,IP 54,F,Motor wiring speed regulation,-40~+65℃,,,,,Airtek Power Catalog (AC _ EC).pdf,163,Airtek V.2024 parsed - exact source page embedded,Original Airtek V.2024 PDF page 163. Published numeric Pa / m3/h / rpm / W curve-table points are stored separately when present. D2 and H are decoded from Airtek model nomenclature; the catalogue model-code key identifies impeller diameter and H as impeller height.
Airtek Power,Airtek Power V.2024 - AC Forward Curved Centrifugal Fans,F23A225H92-137-A0,Forward curved / Sirocco,Plenum / unhoused,AC,225.0,92.0,,,1400.0,,,1320.0,400.0,,,73.0,230.0,50,,Galvanized sheet steel,IP 54,F,Motor wiring speed regulation,-40~+65℃,,,,,Airtek Power Catalog (AC _ EC).pdf,164,Airtek V.2024 parsed - exact source page embedded,Original Airtek V.2024 PDF page 164. Published numeric Pa / m3/h / rpm / W curve-table points are stored separately when present. D2 and H are decoded from Airtek model nomenclature; the catalogue model-code key identifies impeller diameter and H as impeller height.
Airtek Power,Airtek Power V.2024 - AC Forward Curved Centrifugal Fans,F38A225H92-137-A0,Forward curved / Sirocco,Plenum / unhoused,AC,225.0,92.0,,,1400.0,,,1320.0,400.0,,,73.0,380.0,50,,Galvanized sheet steel,IP 54,F,Motor wiring speed regulation,-40~+65℃,,,,,Airtek Power Catalog (AC _ EC).pdf,164,Airtek V.2024 parsed - exact source page embedded,Original Airtek V.2024 PDF page 164. Published numeric Pa / m3/h / rpm / W curve-table points are stored separately when present. D2 and H are decoded from Airtek model nomenclature; the catalogue model-code key identifies impeller diameter and H as impeller height.
Airtek Power,Airtek Power V.2024 - AC Forward Curved Centrifugal Fans,F23A250H102-137-A0,Forward curved / Sirocco,Plenum / unhoused,AC,250.0,102.0,,,2400.0,,,1300.0,630.0,,,74.0,230.0,50,,Galvanized sheet steel,IP 54,F,Motor wiring speed regulation,-40~+65℃,,,,,Airtek Power Catalog (AC _ EC).pdf,165,Airtek V.2024 parsed - exact source page embedded,Original Airtek V.2024 PDF page 165. Published numeric Pa / m3/h / rpm / W curve-table points are stored separately when present. D2 and H are decoded from Airtek model nomenclature; the catalogue model-code key identifies impeller diameter and H as impeller height.
Airtek Power,Airtek Power V.2024 - AC Forward Curved Centrifugal Fans,F38A250H102-137-A0,Forward curved / Sirocco,Plenum / unhoused,AC,250.0,102.0,,,2400.0,,,1300.0,630.0,,,74.0,380.0,50,,Galvanized sheet steel,IP 54,F,Motor wiring speed regulation,-40~+65℃,,,,,Airtek Power Catalog (AC _ EC).pdf,165,Airtek V.2024 parsed - exact source page embedded,Original Airtek V.2024 PDF page 165. Published numeric Pa / m3/h / rpm / W curve-table points are stored separately when present. D2 and H are decoded from Airtek model nomenclature; the catalogue model-code key identifies impeller diameter and H as impeller height.
Airtek Power,Airtek Power V.2024 - AC Forward Curved Centrifugal Fans,F23A250H102-137-A1,Forward curved / Sirocco,Plenum / unhoused,AC,250.0,102.0,,,1900.0,,,950.0,200.0,,,67.0,230.0,50,,Galvanized sheet steel,IP 54,F,Motor wiring speed regulation,-40~+65℃,,,,,Airtek Power Catalog (AC _ EC).pdf,166,Airtek V.2024 parsed - exact source page embedded,Original Airtek V.2024 PDF page 166. Published numeric Pa / m3/h / rpm / W curve-table points are stored separately when present. D2 and H are decoded from Airtek model nomenclature; the catalogue model-code key identifies impeller diameter and H as impeller height.
Airtek Power,Airtek Power V.2024 - AC Forward Curved Centrifugal Fans,F38A250H102-137-A1,Forward curved / Sirocco,Plenum / unhoused,AC,250.0,102.0,,,1900.0,,,950.0,200.0,,,67.0,380.0,50,,Galvanized sheet steel,IP 54,F,Motor wiring speed regulation,-40~+65℃,,,,,Airtek Power Catalog (AC _ EC).pdf,166,Airtek V.2024 parsed - exact source page embedded,Original Airtek V.2024 PDF page 166. Published numeric Pa / m3/h / rpm / W curve-table points are stored separately when present. D2 and H are decoded from Airtek model nomenclature; the catalogue model-code key identifies impeller diameter and H as impeller height.
Airtek Power,Airtek Power V.2024 - AC Forward Curved Centrifugal Fans,F38A250H102-137-A2,Forward curved / Sirocco,Plenum / unhoused,AC,250.0,102.0,,,3300.0,,,1350.0,850.0,,,80.0,380.0,50,,Galvanized sheet steel,IP 54,F,Motor wiring speed regulation,-40~+65℃,,,,,Airtek Power Catalog (AC _ EC).pdf,167,Airtek V.2024 parsed - exact source page embedded,Original Airtek V.2024 PDF page 167. Published numeric Pa / m3/h / rpm / W curve-table points are stored separately when present. D2 and H are decoded from Airtek model nomenclature; the catalogue model-code key identifies impeller diameter and H as impeller height.
Airtek Power,Airtek Power V.2024 - AC Forward Curved Centrifugal Fans,F23A280H114-137-A0,Forward curved / Sirocco,Plenum / unhoused,AC,280.0,114.0,,,2400.0,,,750.0,550.0,,,66.0,230.0,50,,Galvanized sheet steel,IP 54,F,Motor wiring speed regulation,-40~+65℃,,,,,Airtek Power Catalog (AC _ EC).pdf,168,Airtek V.2024 parsed - exact source page embedded,Original Airtek V.2024 PDF page 168. Published numeric Pa / m3/h / rpm / W curve-table points are stored separately when present. D2 and H are decoded from Airtek model nomenclature; the catalogue model-code key identifies impeller diameter and H as impeller height.
Airtek Power,Airtek Power V.2024 - AC Forward Curved Centrifugal Fans,F38A280H114-137-A0,Forward curved / Sirocco,Plenum / unhoused,AC,280.0,114.0,,,2400.0,,,750.0,550.0,,,66.0,380.0,50,,Galvanized sheet steel,IP 54,F,Motor wiring speed regulation,-40~+65℃,,,,,Airtek Power Catalog (AC _ EC).pdf,168,Airtek V.2024 parsed - exact source page embedded,Original Airtek V.2024 PDF page 168. Published numeric Pa / m3/h / rpm / W curve-table points are stored separately when present. D2 and H are decoded from Airtek model nomenclature; the catalogue model-code key identifies impeller diameter and H as impeller height.
Airtek Power,Airtek Power V.2024 - AC Forward Curved Centrifugal Fans,F38A280H114-137-A1,Forward curved / Sirocco,Plenum / unhoused,AC,280.0,114.0,,,4100.0,,,1400.0,1400.0,,,82.0,380.0,50,,Galvanized sheet steel,IP 54,F,Motor wiring speed regulation,-40~+65℃,,,,,Airtek Power Catalog (AC _ EC).pdf,169,Airtek V.2024 parsed - exact source page embedded,Original Airtek V.2024 PDF page 169. Published numeric Pa / m3/h / rpm / W curve-table points are stored separately when present. D2 and H are decoded from Airtek model nomenclature; the catalogue model-code key identifies impeller diameter and H as impeller height.
Airtek Power,Airtek Power V.2024 - EC Single Inlet Blowers,FS23E120H115-72-A0,Forward curved / Sirocco,SWSI / single inlet,EC,120.0,115.0,,,250.0,,,1850.0,35.0,,,44.0,230.0,50/60,,PA66+GF,IP 54,F,0-10VDC/PWM (Control input 4-20mA),-25~+60℃,,,,,Airtek Power Catalog (AC _ EC).pdf,171,Airtek V.2024 parsed - exact source page embedded,Original Airtek V.2024 PDF page 171. Published numeric Pa / m3/h / rpm / W curve-table points are stored separately when present. D2 and H are decoded from Airtek model nomenclature; the catalogue model-code key identifies impeller diameter and H as impeller height.
Airtek Power,Airtek Power V.2024 - EC Single Inlet Blowers,FS23E120H115-72-A1,Forward curved / Sirocco,SWSI / single inlet,EC,120.0,115.0,,,350.0,,,2400.0,70.0,,,66.0,230.0,50/60,,PA66+GF,IP 54,F,0-10VDC/PWM (Control input 4-20mA),-25~+60℃,,,,,Airtek Power Catalog (AC _ EC).pdf,172,Airtek V.2024 parsed - exact source page embedded,Original Airtek V.2024 PDF page 172. Published numeric Pa / m3/h / rpm / W curve-table points are stored separately when present. D2 and H are decoded from Airtek model nomenclature; the catalogue model-code key identifies impeller diameter and H as impeller height.
Airtek Power,Airtek Power V.2024 - EC Single Inlet Blowers,FS23E133H116-72-A0,Forward curved / Sirocco,SWSI / single inlet,EC,133.0,116.0,,,265.0,,,1700.0,45.0,,,65.0,230.0,50/60,,PA66+GF,IP 54,F,0-10VDC/PWM (Control input 4-20mA),-25~+60℃,,,,,Airtek Power Catalog (AC _ EC).pdf,173,Airtek V.2024 parsed - exact source page embedded,Original Airtek V.2024 PDF page 173. Published numeric Pa / m3/h / rpm / W curve-table points are stored separately when present. D2 and H are decoded from Airtek model nomenclature; the catalogue model-code key identifies impeller diameter and H as impeller height.
Airtek Power,Airtek Power V.2024 - EC Single Inlet Blowers,FS23E133H116-72-A1,Forward curved / Sirocco,SWSI / single inlet,EC,133.0,116.0,,,305.0,,,2100.0,65.0,,,71.0,230.0,50/60,,PA66+GF,IP 54,F,0-10VDC/PWM (Control input 4-20mA),-25~+60℃,,,,,Airtek Power Catalog (AC _ EC).pdf,174,Airtek V.2024 parsed - exact source page embedded,Original Airtek V.2024 PDF page 174. Published numeric Pa / m3/h / rpm / W curve-table points are stored separately when present. D2 and H are decoded from Airtek model nomenclature; the catalogue model-code key identifies impeller diameter and H as impeller height.
Airtek Power,Airtek Power V.2024 - EC Single Inlet Blowers,FS23E140H135-72-A0,Forward curved / Sirocco,SWSI / single inlet,EC,140.0,135.0,,,305.0,,,1250.0,30.0,,,63.0,230.0,50/60,,PA66+GF,IP 54,F,0-10VDC/PWM (Control input 4-20mA),-25~+60℃,,,,,Airtek Power Catalog (AC _ EC).pdf,175,Airtek V.2024 parsed - exact source page embedded,Original Airtek V.2024 PDF page 175. Published numeric Pa / m3/h / rpm / W curve-table points are stored separately when present. D2 and H are decoded from Airtek model nomenclature; the catalogue model-code key identifies impeller diameter and H as impeller height.
Airtek Power,Airtek Power V.2024 - EC Single Inlet Blowers,FS23E140H135-72-A1,Forward curved / Sirocco,SWSI / single inlet,EC,140.0,135.0,,,450.0,,,1800.0,80.0,,,59.0,230.0,50/60,,PA66+GF,IP 54,F,0-10VDC/PWM (Control input 4-20mA),-25~+60℃,,,,,Airtek Power Catalog (AC _ EC).pdf,176,Airtek V.2024 parsed - exact source page embedded,Original Airtek V.2024 PDF page 176. Published numeric Pa / m3/h / rpm / W curve-table points are stored separately when present. D2 and H are decoded from Airtek model nomenclature; the catalogue model-code key identifies impeller diameter and H as impeller height.
Airtek Power,Airtek Power V.2024 - EC Single Inlet Blowers,FS23E160H135-72-A0,Forward curved / Sirocco,SWSI / single inlet,EC,160.0,135.0,,,470.0,,,1500.0,80.0,,,52.0,230.0,50,,Galvanized sheet steel,IP 54,F,0-10VDC/PWM (Control input 4-20mA),-25~+60℃,,,,,Airtek Power Catalog (AC _ EC).pdf,177,Airtek V.2024 parsed - exact source page embedded,Original Airtek V.2024 PDF page 177. Published numeric Pa / m3/h / rpm / W curve-table points are stored separately when present. D2 and H are decoded from Airtek model nomenclature; the catalogue model-code key identifies impeller diameter and H as impeller height.
Airtek Power,Airtek Power V.2024 - EC Single Inlet Blowers,FS23E160H135-72-A1,Forward curved / Sirocco,SWSI / single inlet,EC,160.0,135.0,,,510.0,,,1900.0,120.0,,,65.0,230.0,50,,Galvanized sheet steel,IP 54,F,0-10VDC/PWM (Control input 4-20mA),-25~+60℃,,,,,Airtek Power Catalog (AC _ EC).pdf,178,Airtek V.2024 parsed - exact source page embedded,Original Airtek V.2024 PDF page 178. Published numeric Pa / m3/h / rpm / W curve-table points are stored separately when present. D2 and H are decoded from Airtek model nomenclature; the catalogue model-code key identifies impeller diameter and H as impeller height.
Airtek Power,Airtek Power V.2024 - EC Single Inlet Blowers,FS23E160H135-72-A2,Forward curved / Sirocco,SWSI / single inlet,EC,160.0,135.0,,,490.0,,,1750.0,100.0,,,64.0,230.0,50,,Galvanized sheet steel,IP 54,F,0-10VDC/PWM (Control input 4-20mA),-25~+60℃,,,,,Airtek Power Catalog (AC _ EC).pdf,179,Airtek V.2024 parsed - exact source page embedded,Original Airtek V.2024 PDF page 179. Published numeric Pa / m3/h / rpm / W curve-table points are stored separately when present. D2 and H are decoded from Airtek model nomenclature; the catalogue model-code key identifies impeller diameter and H as impeller height.
Airtek Power,Airtek Power V.2024 - EC Single Inlet Blowers,FS23E160H135-72-A3,Forward curved / Sirocco,SWSI / single inlet,EC,160.0,135.0,,,510.0,,,1900.0,110.0,,,66.0,230.0,50,,Galvanized sheet steel,IP 54,F,0-10VDC/PWM (Control input 4-20mA),-25~+60℃,,,,,Airtek Power Catalog (AC _ EC).pdf,180,Airtek V.2024 parsed - exact source page embedded,Original Airtek V.2024 PDF page 180. Published numeric Pa / m3/h / rpm / W curve-table points are stored separately when present. D2 and H are decoded from Airtek model nomenclature; the catalogue model-code key identifies impeller diameter and H as impeller height.
Airtek Power,Airtek Power V.2024 - EC Single Inlet Blowers,FS23E160H135-72-A4,Forward curved / Sirocco,SWSI / single inlet,EC,160.0,135.0,,,600.0,,,2150.0,150.0,,,67.0,230.0,50,,Galvanized sheet steel,IP 54,F,0-10VDC/PWM (Control input 4-20mA),-25~+60℃,,,,,Airtek Power Catalog (AC _ EC).pdf,181,Airtek V.2024 parsed - exact source page embedded,Original Airtek V.2024 PDF page 181. Published numeric Pa / m3/h / rpm / W curve-table points are stored separately when present. D2 and H are decoded from Airtek model nomenclature; the catalogue model-code key identifies impeller diameter and H as impeller height.
Airtek Power,Airtek Power V.2024 - EC Single Inlet Blowers,FS23E180H170-72-00,Forward curved / Sirocco,SWSI / single inlet,EC,180.0,170.0,,,958.0,,,1440.0,177.0,,,64.0,230.0,50,,Galvanized sheet steel,IP 54,F,0-10VDC/PWM (Control input 4-20mA),-25~+60℃,,,,,Airtek Power Catalog (AC _ EC).pdf,182,Airtek V.2024 parsed - exact source page embedded,Original Airtek V.2024 PDF page 182. Published numeric Pa / m3/h / rpm / W curve-table points are stored separately when present. D2 and H are decoded from Airtek model nomenclature; the catalogue model-code key identifies impeller diameter and H as impeller height.
Airtek Power,Airtek Power V.2024 - EC Single Inlet Blowers,FS23E180H183-92-A0,Forward curved / Sirocco,SWSI / single inlet,EC,180.0,183.0,,,1250.0,,,1600.0,300.0,,,75.0,230.0,50,,Galvanized sheet steel,IP 54,F,0-10VDC/PWM (Control input 4-20mA),-25~+60℃,,,,,Airtek Power Catalog (AC _ EC).pdf,183,Airtek V.2024 parsed - exact source page embedded,Original Airtek V.2024 PDF page 183. Published numeric Pa / m3/h / rpm / W curve-table points are stored separately when present. D2 and H are decoded from Airtek model nomenclature; the catalogue model-code key identifies impeller diameter and H as impeller height.
Airtek Power,Airtek Power V.2024 - EC Single Inlet Blowers,FS23E200H196-92-A0,Forward curved / Sirocco,SWSI / single inlet,EC,200.0,196.0,,,1380.0,,,1400.0,280.0,,,64.0,230.0,50,,Galvanized sheet steel,IP 54,F,0-10VDC/PWM (Control input 4-20mA),-25~+60℃,,,,,Airtek Power Catalog (AC _ EC).pdf,184,Airtek V.2024 parsed - exact source page embedded,Original Airtek V.2024 PDF page 184. Published numeric Pa / m3/h / rpm / W curve-table points are stored separately when present. D2 and H are decoded from Airtek model nomenclature; the catalogue model-code key identifies impeller diameter and H as impeller height.
Airtek Power,Airtek Power V.2024 - EC Single Inlet Blowers,FS23E225H202-102-A0,Forward curved / Sirocco,SWSI / single inlet,EC,225.0,202.0,,,1700.0,,,1250.0,400.0,,,69.0,230.0,50,,Galvanized sheet steel,IP 54,F,0-10VDC/PWM (Control input 4-20mA),-25~+60℃,,,,,Airtek Power Catalog (AC _ EC).pdf,185,Airtek V.2024 parsed - exact source page embedded,Original Airtek V.2024 PDF page 185. Published numeric Pa / m3/h / rpm / W curve-table points are stored separately when present. D2 and H are decoded from Airtek model nomenclature; the catalogue model-code key identifies impeller diameter and H as impeller height.
Airtek Power,Airtek Power V.2024 - EC Single Inlet Blowers,FS23E250H222-102-A0,Forward curved / Sirocco,SWSI / single inlet,EC,250.0,222.0,,,1900.0,,,950.0,330.0,,,69.0,230.0,50,,Galvanized sheet steel,IP 54,F,0-10VDC/PWM (Control input 4-20mA),-25~+60℃,,,,,Airtek Power Catalog (AC _ EC).pdf,186,Airtek V.2024 parsed - exact source page embedded,Original Airtek V.2024 PDF page 186. Published numeric Pa / m3/h / rpm / W curve-table points are stored separately when present. D2 and H are decoded from Airtek model nomenclature; the catalogue model-code key identifies impeller diameter and H as impeller height.
Airtek Power,Airtek Power V.2024 - EC Single Inlet Blowers,FS38E280H242-137-A0,Forward curved / Sirocco,SWSI / single inlet,EC,280.0,242.0,,,3000.0,,,1150.0,950.0,,,79.0,230.0,50,,Galvanized sheet steel,IP 54,F,0-10VDC/PWM (Control input 4-20mA),-25~+60℃,,,,,Airtek Power Catalog (AC _ EC).pdf,187,Airtek V.2024 parsed - exact source page embedded,Original Airtek V.2024 PDF page 187. Published numeric Pa / m3/h / rpm / W curve-table points are stored separately when present. D2 and H are decoded from Airtek model nomenclature; the catalogue model-code key identifies impeller diameter and H as impeller height.
Airtek Power,Airtek Power V.2024 - AC Single Inlet Blowers,FS23A120H115-72-00,Forward curved / Sirocco,SWSI / single inlet,AC,120.0,115.0,,,240.0,,,1760.0,55.0,,,59.0,230.0,50,,Galvanized sheet steel,IP 54,F,Motor wiring speed regulation,-40~+65℃,,,,,Airtek Power Catalog (AC _ EC).pdf,189,Airtek V.2024 parsed - exact source page embedded,Original Airtek V.2024 PDF page 189. Published numeric Pa / m3/h / rpm / W curve-table points are stored separately when present. D2 and H are decoded from Airtek model nomenclature; the catalogue model-code key identifies impeller diameter and H as impeller height.
Airtek Power,Airtek Power V.2024 - AC Single Inlet Blowers,FS23A120H119-72-01,Forward curved / Sirocco,SWSI / single inlet,AC,120.0,119.0,,,268.0,,,1750.0,62.0,,,59.0,230.0,50,,Galvanized sheet steel,IP 54,F,Motor wiring speed regulation,-40~+65℃,,,,,Airtek Power Catalog (AC _ EC).pdf,190,Airtek V.2024 parsed - exact source page embedded,Original Airtek V.2024 PDF page 190. Published numeric Pa / m3/h / rpm / W curve-table points are stored separately when present. D2 and H are decoded from Airtek model nomenclature; the catalogue model-code key identifies impeller diameter and H as impeller height.
Airtek Power,Airtek Power V.2024 - AC Single Inlet Blowers,FS23A120H119-72-02,Forward curved / Sirocco,SWSI / single inlet,AC,120.0,119.0,,,198.0,,,1300.0,46.0,,,53.0,230.0,50,,Galvanized sheet steel,IP 54,F,Motor wiring speed regulation,-40~+65℃,,,,,Airtek Power Catalog (AC _ EC).pdf,190,Airtek V.2024 parsed - exact source page embedded,Original Airtek V.2024 PDF page 190. Published numeric Pa / m3/h / rpm / W curve-table points are stored separately when present. D2 and H are decoded from Airtek model nomenclature; the catalogue model-code key identifies impeller diameter and H as impeller height.
Airtek Power,Airtek Power V.2024 - AC Single Inlet Blowers,FS23A140H115-92-00,Forward curved / Sirocco,SWSI / single inlet,AC,140.0,115.0,,,415.0,,,2395.0,148.0,,,65.0,230.0,50,,Galvanized sheet steel,IP 54,F,Motor wiring speed regulation,-40~+65℃,,,,,Airtek Power Catalog (AC _ EC).pdf,191,Airtek V.2024 parsed - exact source page embedded,Original Airtek V.2024 PDF page 191. Published numeric Pa / m3/h / rpm / W curve-table points are stored separately when present. D2 and H are decoded from Airtek model nomenclature; the catalogue model-code key identifies impeller diameter and H as impeller height.
Airtek Power,Airtek Power V.2024 - AC Single Inlet Blowers,FS38A160H130-92-00,Forward curved / Sirocco,SWSI / single inlet,AC,160.0,130.0,,,615.0,,,2080.0,240.0,,,66.0,380.0,50,,Galvanized sheet steel,IP 54,F,Motor wiring speed regulation,-40~+65℃,,,,,Airtek Power Catalog (AC _ EC).pdf,192,Airtek V.2024 parsed - exact source page embedded,Original Airtek V.2024 PDF page 192. Published numeric Pa / m3/h / rpm / W curve-table points are stored separately when present. D2 and H are decoded from Airtek model nomenclature; the catalogue model-code key identifies impeller diameter and H as impeller height.
Airtek Power,Airtek Power V.2024 - AC Single Inlet Blowers,FS23A160H130-92-00,Forward curved / Sirocco,SWSI / single inlet,AC,160.0,130.0,,,585.0,,,1945.0,235.0,,,65.0,230.0,50,,Galvanized sheet steel,IP 54,F,Motor wiring speed regulation,-40~+65℃,,,,,Airtek Power Catalog (AC _ EC).pdf,193,Airtek V.2024 parsed - exact source page embedded,Original Airtek V.2024 PDF page 193. Published numeric Pa / m3/h / rpm / W curve-table points are stored separately when present. D2 and H are decoded from Airtek model nomenclature; the catalogue model-code key identifies impeller diameter and H as impeller height.
Airtek Power,Airtek Power V.2024 - AC Single Inlet Blowers,FS23A160H169-92-01,Forward curved / Sirocco,SWSI / single inlet,AC,160.0,169.0,,,514.0,,,1135.0,60.0,,,58.0,230.0,50,,Galvanized sheet steel,IP 54,F,Motor wiring speed regulation,-40~+65℃,,,,,Airtek Power Catalog (AC _ EC).pdf,194,Airtek V.2024 parsed - exact source page embedded,Original Airtek V.2024 PDF page 194. Published numeric Pa / m3/h / rpm / W curve-table points are stored separately when present. D2 and H are decoded from Airtek model nomenclature; the catalogue model-code key identifies impeller diameter and H as impeller height.
Airtek Power,Airtek Power V.2024 - AC Single Inlet Blowers,FS23A160H169-92-02,Forward curved / Sirocco,SWSI / single inlet,AC,160.0,169.0,,,642.0,,,1425.0,123.0,,,62.0,230.0,50,,Galvanized sheet steel,IP 54,F,Motor wiring speed regulation,-40~+65℃,,,,,Airtek Power Catalog (AC _ EC).pdf,195,Airtek V.2024 parsed - exact source page embedded,Original Airtek V.2024 PDF page 195. Published numeric Pa / m3/h / rpm / W curve-table points are stored separately when present. D2 and H are decoded from Airtek model nomenclature; the catalogue model-code key identifies impeller diameter and H as impeller height.
Airtek Power,Airtek Power V.2024 - AC Single Inlet Blowers,FS23A180H169-92-00,Forward curved / Sirocco,SWSI / single inlet,AC,180.0,169.0,,,760.0,,,1395.0,150.0,,,63.0,230.0,50,,Galvanized sheet steel,IP 54,F,Motor wiring speed regulation,-40~+65℃,,,,,Airtek Power Catalog (AC _ EC).pdf,196,Airtek V.2024 parsed - exact source page embedded,Original Airtek V.2024 PDF page 196. Published numeric Pa / m3/h / rpm / W curve-table points are stored separately when present. D2 and H are decoded from Airtek model nomenclature; the catalogue model-code key identifies impeller diameter and H as impeller height.
Airtek Power,Airtek Power V.2024 - AC Single Inlet Blowers,FS23A225H202-102-A0,Forward curved / Sirocco,SWSI / single inlet,AC,225.0,202.0,,,1440.0,,,1320.0,400.0,,,73.0,230.0,50,,Galvanized sheet steel,IP 54,F,Motor wiring speed regulation,-40~+65℃,,,,,Airtek Power Catalog (AC _ EC).pdf,197,Airtek V.2024 parsed - exact source page embedded,Original Airtek V.2024 PDF page 197. Published numeric Pa / m3/h / rpm / W curve-table points are stored separately when present. D2 and H are decoded from Airtek model nomenclature; the catalogue model-code key identifies impeller diameter and H as impeller height.
Airtek Power,Airtek Power V.2024 - AC Single Inlet Blowers,FS38A225H202-102-A0,Forward curved / Sirocco,SWSI / single inlet,AC,225.0,202.0,,,1440.0,,,1390.0,400.0,,,73.0,380.0,50,,Galvanized sheet steel,IP 54,F,Motor wiring speed regulation,-40~+65℃,,,,,Airtek Power Catalog (AC _ EC).pdf,198,Airtek V.2024 parsed - exact source page embedded,Original Airtek V.2024 PDF page 198. Published numeric Pa / m3/h / rpm / W curve-table points are stored separately when present. D2 and H are decoded from Airtek model nomenclature; the catalogue model-code key identifies impeller diameter and H as impeller height.
Airtek Power,Airtek Power V.2024 - AC Single Inlet Blowers,FS38A250H222-137-A0,Forward curved / Sirocco,SWSI / single inlet,AC,250.0,222.0,,,2800.0,,,1350.0,850.0,,,80.0,380.0,50,,Galvanized sheet steel,IP 54,F,Motor wiring speed regulation,-40~+65℃,,,,,Airtek Power Catalog (AC _ EC).pdf,199,Airtek V.2024 parsed - exact source page embedded,Original Airtek V.2024 PDF page 199. Published numeric Pa / m3/h / rpm / W curve-table points are stored separately when present. D2 and H are decoded from Airtek model nomenclature; the catalogue model-code key identifies impeller diameter and H as impeller height.
Airtek Power,Airtek Power V.2024 - AC Single Inlet Blowers,FS38A250H222-137-A1,Forward curved / Sirocco,SWSI / single inlet,AC,250.0,222.0,,,2100.0,,,1300.0,630.0,,,74.0,380.0,50/60,,Galvanized sheet steel,IP 54,F,Motor wiring speed regulation,-40~+65℃,,,,,Airtek Power Catalog (AC _ EC).pdf,200,Airtek V.2024 parsed - exact source page embedded,Original Airtek V.2024 PDF page 200. Published numeric Pa / m3/h / rpm / W curve-table points are stored separately when present. D2 and H are decoded from Airtek model nomenclature; the catalogue model-code key identifies impeller diameter and H as impeller height.
Airtek Power,Airtek Power V.2024 - AC Single Inlet Blowers,FS23A280H172-137-A0,Forward curved / Sirocco,SWSI / single inlet,AC,280.0,172.0,,,2100.0,,,2450.0,850.0,,,75.0,230.0,50,,Galvanized sheet steel,IP 54,F,Motor wiring speed regulation,-40~+65℃,,,,,Airtek Power Catalog (AC _ EC).pdf,201,Airtek V.2024 parsed - exact source page embedded,Multiple AC frequency/speed ratings are printed on the source page; 50 Hz is preferred as the database summary when available. Original Airtek V.2024 PDF page 201. Published numeric Pa / m3/h / rpm / W curve-table points are stored separately when present. D2 and H are decoded from Airtek model nomenclature; the catalogue model-code key identifies impeller diameter and H as impeller height.
Airtek Power,Airtek Power V.2024 - AC Single Inlet Blowers,FS38A280H242-137-A0,Forward curved / Sirocco,SWSI / single inlet,AC,280.0,242.0,,,3510.0,,,1400.0,1400.0,,,82.0,380.0,50,,Galvanized sheet steel,IP 54,F,Motor wiring speed regulation,-40~+65℃,,,,,Airtek Power Catalog (AC _ EC).pdf,202,Airtek V.2024 parsed - exact source page embedded,Original Airtek V.2024 PDF page 202. Published numeric Pa / m3/h / rpm / W curve-table points are stored separately when present. D2 and H are decoded from Airtek model nomenclature; the catalogue model-code key identifies impeller diameter and H as impeller height.
Airtek Power,Airtek Power V.2024 - AC Single Inlet Blowers,FS38A315H262-188-A0,Forward curved / Sirocco,SWSI / single inlet,AC,315.0,262.0,,,5000.0,,,1350.0,2200.0,,,85.0,380.0,50,,Galvanized sheet steel,IP 54,F,Motor wiring speed regulation,-40~+65℃,,,,,Airtek Power Catalog (AC _ EC).pdf,203,Airtek V.2024 parsed - exact source page embedded,Original Airtek V.2024 PDF page 203. Published numeric Pa / m3/h / rpm / W curve-table points are stored separately when present. D2 and H are decoded from Airtek model nomenclature; the catalogue model-code key identifies impeller diameter and H as impeller height.
Airtek Power,Airtek Power V.2024 - EC Double Inlet Blowers,FD23E120H180-92-A0,Forward curved / Sirocco,DWDI / dual inlet,EC,120.0,180.0,,,420.0,,,1900.0,70.0,,,59.0,230.0,50/60,,Galvanized sheet steel,IP 54,F,Motor wiring speed regulation,-25~+60℃,,,,,Airtek Power Catalog (AC _ EC).pdf,205,Airtek V.2024 parsed - exact source page embedded,Original Airtek V.2024 PDF page 205. Published numeric Pa / m3/h / rpm / W curve-table points are stored separately when present. D2 and H are decoded from Airtek model nomenclature; the catalogue model-code key identifies impeller diameter and H as impeller height.
Airtek Power,Airtek Power V.2024 - EC Double Inlet Blowers,FD23E133H254-92-A0,Forward curved / Sirocco,DWDI / dual inlet,EC,133.0,254.0,,,580.0,,,1500.0,80.0,,,59.0,230.0,50/60,,Galvanized sheet steel,IP 54,F,Motor wiring speed regulation,-25~+60℃,,,,,Airtek Power Catalog (AC _ EC).pdf,206,Airtek V.2024 parsed - exact source page embedded,Original Airtek V.2024 PDF page 206. Published numeric Pa / m3/h / rpm / W curve-table points are stored separately when present. D2 and H are decoded from Airtek model nomenclature; the catalogue model-code key identifies impeller diameter and H as impeller height.
Airtek Power,Airtek Power V.2024 - EC Double Inlet Blowers,FD23E133H254-92-A1,Forward curved / Sirocco,DWDI / dual inlet,EC,133.0,254.0,,,660.0,,,1700.0,115.0,,,60.0,230.0,50/60,,Galvanized sheet steel,IP 54,F,Motor wiring speed regulation,-25~+60℃,,,,,Airtek Power Catalog (AC _ EC).pdf,207,Airtek V.2024 parsed - exact source page embedded,Original Airtek V.2024 PDF page 207. Published numeric Pa / m3/h / rpm / W curve-table points are stored separately when present. D2 and H are decoded from Airtek model nomenclature; the catalogue model-code key identifies impeller diameter and H as impeller height.
Airtek Power,Airtek Power V.2024 - EC Double Inlet Blowers,FD23E146H309-92-A0,Forward curved / Sirocco,DWDI / dual inlet,EC,146.0,309.0,,,815.0,,,1300.0,80.0,,,61.0,230.0,50/60,,Galvanized sheet steel,IP 54,F,Motor wiring speed regulation,-25~+60℃,,,,,Airtek Power Catalog (AC _ EC).pdf,208,Airtek V.2024 parsed - exact source page embedded,Original Airtek V.2024 PDF page 208. Published numeric Pa / m3/h / rpm / W curve-table points are stored separately when present. D2 and H are decoded from Airtek model nomenclature; the catalogue model-code key identifies impeller diameter and H as impeller height.
Airtek Power,Airtek Power V.2024 - EC Double Inlet Blowers,FD23E146H309-92-A1,Forward curved / Sirocco,DWDI / dual inlet,EC,146.0,309.0,,,1100.0,,,1700.0,165.0,,,65.0,230.0,50/60,,Galvanized sheet steel,IP 54,F,Motor wiring speed regulation,-25~+60℃,,,,,Airtek Power Catalog (AC _ EC).pdf,209,Airtek V.2024 parsed - exact source page embedded,Original Airtek V.2024 PDF page 209. Published numeric Pa / m3/h / rpm / W curve-table points are stored separately when present. D2 and H are decoded from Airtek model nomenclature; the catalogue model-code key identifies impeller diameter and H as impeller height.
Airtek Power,Airtek Power V.2024 - EC Double Inlet Blowers,FD23E160H310-92-A0,Forward curved / Sirocco,DWDI / dual inlet,EC,160.0,310.0,,,1260.0,,,1150.0,120.0,,,60.0,230.0,50/60,,Galvanized sheet steel,IP 54,F,Motor wiring speed regulation,-25~+60℃,,,,,Airtek Power Catalog (AC _ EC).pdf,210,Airtek V.2024 parsed - exact source page embedded,Original Airtek V.2024 PDF page 210. Published numeric Pa / m3/h / rpm / W curve-table points are stored separately when present. D2 and H are decoded from Airtek model nomenclature; the catalogue model-code key identifies impeller diameter and H as impeller height.
Airtek Power,Airtek Power V.2024 - EC Double Inlet Blowers,FD23E160H310-92-A1,Forward curved / Sirocco,DWDI / dual inlet,EC,160.0,310.0,,,1610.0,,,1500.0,260.0,,,70.0,230.0,50/60,,Galvanized sheet steel,IP 54,F,Motor wiring speed regulation,-25~+60℃,,,,,Airtek Power Catalog (AC _ EC).pdf,211,Airtek V.2024 parsed - exact source page embedded,Original Airtek V.2024 PDF page 211. Published numeric Pa / m3/h / rpm / W curve-table points are stored separately when present. D2 and H are decoded from Airtek model nomenclature; the catalogue model-code key identifies impeller diameter and H as impeller height.
Airtek Power,Airtek Power V.2024 - EC Double Inlet Blowers,FD23E180H270-102-A0,Forward curved / Sirocco,DWDI / dual inlet,EC,180.0,270.0,,,1970.0,,,1550.0,400.0,,,74.0,230.0,50/60,,Galvanized sheet steel,IP 54,F,Motor wiring speed regulation,-25~+60℃,,,,,Airtek Power Catalog (AC _ EC).pdf,212,Airtek V.2024 parsed - exact source page embedded,Original Airtek V.2024 PDF page 212. Published numeric Pa / m3/h / rpm / W curve-table points are stored separately when present. D2 and H are decoded from Airtek model nomenclature; the catalogue model-code key identifies impeller diameter and H as impeller height.
Airtek Power,Airtek Power V.2024 - EC Double Inlet Blowers,FD23E200H265-102-A0,Forward curved / Sirocco,DWDI / dual inlet,EC,200.0,265.0,,,2000.0,,,1150.0,300.0,,,64.0,230.0,50/60,,Galvanized sheet steel,IP 54,F,Motor wiring speed regulation,-25~+60℃,,,,,Airtek Power Catalog (AC _ EC).pdf,213,Airtek V.2024 parsed - exact source page embedded,Original Airtek V.2024 PDF page 213. Published numeric Pa / m3/h / rpm / W curve-table points are stored separately when present. D2 and H are decoded from Airtek model nomenclature; the catalogue model-code key identifies impeller diameter and H as impeller height.
Airtek Power,Airtek Power V.2024 - EC Double Inlet Blowers,FD23E225H298-137-A0,Forward curved / Sirocco,DWDI / dual inlet,EC,225.0,298.0,,,3350.0,,,1250.0,750.0,,,77.0,230.0,50/60,,Galvanized sheet steel,IP 54,F,Motor wiring speed regulation,-25~+60℃,,,,,Airtek Power Catalog (AC _ EC).pdf,214,Airtek V.2024 parsed - exact source page embedded,Original Airtek V.2024 PDF page 214. Published numeric Pa / m3/h / rpm / W curve-table points are stored separately when present. D2 and H are decoded from Airtek model nomenclature; the catalogue model-code key identifies impeller diameter and H as impeller height.
Airtek Power,Airtek Power V.2024 - EC Double Inlet Blowers,FD38E225H290-137-A0,Forward curved / Sirocco,DWDI / dual inlet,EC,225.0,290.0,,,3500.0,,,1450.0,1050.0,,,78.0,380.0,50/60,,Galvanized sheet steel,IP 54,F,Motor wiring speed regulation,-25~+60℃,,,,,Airtek Power Catalog (AC _ EC).pdf,215,Airtek V.2024 parsed - exact source page embedded,Original Airtek V.2024 PDF page 215. Published numeric Pa / m3/h / rpm / W curve-table points are stored separately when present. D2 and H are decoded from Airtek model nomenclature; the catalogue model-code key identifies impeller diameter and H as impeller height.
Airtek Power,Airtek Power V.2024 - EC Double Inlet Blowers,FD23E250H317-137-A0,Forward curved / Sirocco,DWDI / dual inlet,EC,250.0,317.0,,,3950.0,,,960.0,750.0,,,75.0,230.0,50/60,,Galvanized sheet steel,IP 54,F,Motor wiring speed regulation,-25~+60℃,,,,,Airtek Power Catalog (AC _ EC).pdf,216,Airtek V.2024 parsed - exact source page embedded,Original Airtek V.2024 PDF page 216. Published numeric Pa / m3/h / rpm / W curve-table points are stored separately when present. D2 and H are decoded from Airtek model nomenclature; the catalogue model-code key identifies impeller diameter and H as impeller height.
Airtek Power,Airtek Power V.2024 - EC Double Inlet Blowers,FD38E250H17-137-A0,Forward curved / Sirocco,DWDI / dual inlet,EC,250.0,17.0,,,3650.0,,,920.0,655.0,,,74.0,380.0,50/60,,Galvanized sheet steel,IP 54,F,Motor wiring speed regulation,-25~+60℃,,,,,Airtek Power Catalog (AC _ EC).pdf,217,Airtek V.2024 parsed - exact source page embedded,Original Airtek V.2024 PDF page 217. Published numeric Pa / m3/h / rpm / W curve-table points are stored separately when present. D2 and H are decoded from Airtek model nomenclature; the catalogue model-code key identifies impeller diameter and H as impeller height.
Airtek Power,Airtek Power V.2024 - EC Double Inlet Blowers,FD23E280H340-137-A0,Forward curved / Sirocco,DWDI / dual inlet,EC,280.0,340.0,,,4280.0,,,820.0,750.0,,,74.0,230.0,50/60,,Galvanized sheet steel,IP 54,F,Motor wiring speed regulation,-25~+60℃,,,,,Airtek Power Catalog (AC _ EC).pdf,218,Airtek V.2024 parsed - exact source page embedded,Original Airtek V.2024 PDF page 218. Published numeric Pa / m3/h / rpm / W curve-table points are stored separately when present. D2 and H are decoded from Airtek model nomenclature; the catalogue model-code key identifies impeller diameter and H as impeller height.
Airtek Power,Airtek Power V.2024 - EC Double Inlet Blowers,FD38E280H340-137-A0,Forward curved / Sirocco,DWDI / dual inlet,EC,280.0,340.0,,,4070.0,,,800.0,600.0,,,72.0,380.0,50/60,,Galvanized sheet steel,IP 54,F,Motor wiring speed regulation,-25~+60℃,,,,,Airtek Power Catalog (AC _ EC).pdf,219,Airtek V.2024 parsed - exact source page embedded,Original Airtek V.2024 PDF page 219. Published numeric Pa / m3/h / rpm / W curve-table points are stored separately when present. D2 and H are decoded from Airtek model nomenclature; the catalogue model-code key identifies impeller diameter and H as impeller height.
Airtek Power,Airtek Power V.2024 - EC Double Inlet Blowers,FD38E315H450-188-A0,Forward curved / Sirocco,DWDI / dual inlet,EC,315.0,450.0,,,8360.0,,,1070.0,2400.0,,,81.0,380.0,50/60,,Galvanized sheet steel,IP 54,F,Motor wiring speed regulation,-25~+60℃,,,,,Airtek Power Catalog (AC _ EC).pdf,220,Airtek V.2024 parsed - exact source page embedded,Original Airtek V.2024 PDF page 220. Published numeric Pa / m3/h / rpm / W curve-table points are stored separately when present. D2 and H are decoded from Airtek model nomenclature; the catalogue model-code key identifies impeller diameter and H as impeller height.
Airtek Power,Airtek Power V.2024 - EC Double Inlet Blowers,FD38E355H431-188-A0,Forward curved / Sirocco,DWDI / dual inlet,EC,355.0,431.0,,,8500.0,,,760.0,1700.0,,,81.0,380.0,50/60,,Galvanized sheet steel,IP 54,F,Motor wiring speed regulation,-25~+60℃,,,,,Airtek Power Catalog (AC _ EC).pdf,221,Airtek V.2024 parsed - exact source page embedded,Original Airtek V.2024 PDF page 221. Published numeric Pa / m3/h / rpm / W curve-table points are stored separately when present. D2 and H are decoded from Airtek model nomenclature; the catalogue model-code key identifies impeller diameter and H as impeller height.
Airtek Power,Airtek Power V.2024 - EC Double Inlet Blowers,FD38E400H516-188-A0,Forward curved / Sirocco,DWDI / dual inlet,EC,400.0,516.0,,,9800.0,,,735.0,2000.0,,,80.0,380.0,50/60,,Galvanized sheet steel,IP 54,F,Motor wiring speed regulation,-25~+60℃,,,,,Airtek Power Catalog (AC _ EC).pdf,222,Airtek V.2024 parsed - exact source page embedded,Original Airtek V.2024 PDF page 222. Published numeric Pa / m3/h / rpm / W curve-table points are stored separately when present. D2 and H are decoded from Airtek model nomenclature; the catalogue model-code key identifies impeller diameter and H as impeller height.
Airtek Power,Airtek Power V.2024 - AC Double Inlet Blowers,FD23A120H175-92-A0,Forward curved / Sirocco,DWDI / dual inlet,AC,120.0,175.0,,,400.0,,,2100.0,85.0,,,56.0,230.0,50,,Galvanized sheet steel,IP 54,F,Motor wiring speed regulation,-40~+65℃,,,,,Airtek Power Catalog (AC _ EC).pdf,224,Airtek V.2024 parsed - exact source page embedded,Multiple AC frequency/speed ratings are printed on the source page; 50 Hz is preferred as the database summary when available. Original Airtek V.2024 PDF page 224. Published numeric Pa / m3/h / rpm / W curve-table points are stored separately when present. D2 and H are decoded from Airtek model nomenclature; the catalogue model-code key identifies impeller diameter and H as impeller height.
Airtek Power,Airtek Power V.2024 - AC Double Inlet Blowers,FD23A133H190-92-A0,Forward curved / Sirocco,DWDI / dual inlet,AC,133.0,190.0,,,320.0,,,1450.0,70.0,,,40.0,230.0,50,,Galvanized sheet steel,IP 54,F,Motor wiring speed regulation,-40~+65℃,,,,,Airtek Power Catalog (AC _ EC).pdf,225,Airtek V.2024 parsed - exact source page embedded,Multiple AC frequency/speed ratings are printed on the source page; 50 Hz is preferred as the database summary when available. Original Airtek V.2024 PDF page 225. Published numeric Pa / m3/h / rpm / W curve-table points are stored separately when present. D2 and H are decoded from Airtek model nomenclature; the catalogue model-code key identifies impeller diameter and H as impeller height.
Airtek Power,Airtek Power V.2024 - AC Double Inlet Blowers,FD23A133H254-92-A0,Forward curved / Sirocco,DWDI / dual inlet,AC,133.0,254.0,,,680.0,,,1500.0,190.0,,,60.0,230.0,50,,Galvanized sheet steel,IP 54,F,Motor wiring speed regulation,-40~+65℃,,,,,Airtek Power Catalog (AC _ EC).pdf,226,Airtek V.2024 parsed - exact source page embedded,Original Airtek V.2024 PDF page 226. Published numeric Pa / m3/h / rpm / W curve-table points are stored separately when present. D2 and H are decoded from Airtek model nomenclature; the catalogue model-code key identifies impeller diameter and H as impeller height.
Airtek Power,Airtek Power V.2024 - AC Double Inlet Blowers,FD23A133H254-92-A1,Forward curved / Sirocco,DWDI / dual inlet,AC,133.0,254.0,,,550.0,,,1200.0,70.0,,,55.0,230.0,50,,Galvanized sheet steel,IP 54,F,Motor wiring speed regulation,-40~+65℃,,,,,Airtek Power Catalog (AC _ EC).pdf,226,Airtek V.2024 parsed - exact source page embedded,Original Airtek V.2024 PDF page 226. Published numeric Pa / m3/h / rpm / W curve-table points are stored separately when present. D2 and H are decoded from Airtek model nomenclature; the catalogue model-code key identifies impeller diameter and H as impeller height.
Airtek Power,Airtek Power V.2024 - AC Double Inlet Blowers,FD23A133H254-92-A2,Forward curved / Sirocco,DWDI / dual inlet,AC,133.0,254.0,,,660.0,,,1900.0,220.0,,,62.0,230.0,50,,Galvanized sheet steel,IP 54,F,Motor wiring speed regulation,-40~+65℃,,,,,Airtek Power Catalog (AC _ EC).pdf,227,Airtek V.2024 parsed - exact source page embedded,Original Airtek V.2024 PDF page 227. Published numeric Pa / m3/h / rpm / W curve-table points are stored separately when present. D2 and H are decoded from Airtek model nomenclature; the catalogue model-code key identifies impeller diameter and H as impeller height.
Airtek Power,Airtek Power V.2024 - AC Double Inlet Blowers,FD23A133H309-92-A0,Forward curved / Sirocco,DWDI / dual inlet,AC,133.0,309.0,,,780.0,,,1200.0,250.0,,,58.0,230.0,50,,Galvanized sheet steel,IP 54,F,Motor wiring speed regulation,-40~+65℃,,,,,Airtek Power Catalog (AC _ EC).pdf,228,Airtek V.2024 parsed - exact source page embedded,Multiple AC frequency/speed ratings are printed on the source page; 50 Hz is preferred as the database summary when available. Original Airtek V.2024 PDF page 228. Published numeric Pa / m3/h / rpm / W curve-table points are stored separately when present. D2 and H are decoded from Airtek model nomenclature; the catalogue model-code key identifies impeller diameter and H as impeller height.
Airtek Power,Airtek Power V.2024 - AC Double Inlet Blowers,FD23A146H230-92-A0,Forward curved / Sirocco,DWDI / dual inlet,AC,146.0,230.0,,,740.0,,,1370.0,260.0,,,60.0,230.0,50,,Galvanized sheet steel,IP 54,F,Motor wiring speed regulation,-40~+65℃,,,,,Airtek Power Catalog (AC _ EC).pdf,229,Airtek V.2024 parsed - exact source page embedded,Original Airtek V.2024 PDF page 229. Published numeric Pa / m3/h / rpm / W curve-table points are stored separately when present. D2 and H are decoded from Airtek model nomenclature; the catalogue model-code key identifies impeller diameter and H as impeller height.
Airtek Power,Airtek Power V.2024 - AC Double Inlet Blowers,FD23A146H220-92-A0,Forward curved / Sirocco,DWDI / dual inlet,AC,146.0,220.0,,,465.0,,,1380.0,105.0,,,40.0,230.0,50,,Galvanized sheet steel,IP 54,F,Motor wiring speed regulation,-40~+65℃,,,,,Airtek Power Catalog (AC _ EC).pdf,230,Airtek V.2024 parsed - exact source page embedded,Multiple AC frequency/speed ratings are printed on the source page; 50 Hz is preferred as the database summary when available. Original Airtek V.2024 PDF page 230. Published numeric Pa / m3/h / rpm / W curve-table points are stored separately when present. D2 and H are decoded from Airtek model nomenclature; the catalogue model-code key identifies impeller diameter and H as impeller height.
Airtek Power,Airtek Power V.2024 - AC Double Inlet Blowers,FD23A146H220-92-A1,Forward curved / Sirocco,DWDI / dual inlet,AC,146.0,220.0,,,620.0,,,1120.0,250.0,,,50.0,230.0,50,,Galvanized sheet steel,IP 54,F,Motor wiring speed regulation,-40~+65℃,,,,,Airtek Power Catalog (AC _ EC).pdf,231,Airtek V.2024 parsed - exact source page embedded,Multiple AC frequency/speed ratings are printed on the source page; 50 Hz is preferred as the database summary when available. Original Airtek V.2024 PDF page 231. Published numeric Pa / m3/h / rpm / W curve-table points are stored separately when present. D2 and H are decoded from Airtek model nomenclature; the catalogue model-code key identifies impeller diameter and H as impeller height.
Airtek Power,Airtek Power V.2024 - AC Double Inlet Blowers,FD23A146H220-92-A2,Forward curved / Sirocco,DWDI / dual inlet,AC,146.0,220.0,,,740.0,,,1370.0,260.0,,,60.0,230.0,50,,Galvanized sheet steel,IP 54,F,Motor wiring speed regulation,-40~+65℃,,,,,Airtek Power Catalog (AC _ EC).pdf,232,Airtek V.2024 parsed - exact source page embedded,Multiple AC frequency/speed ratings are printed on the source page; 50 Hz is preferred as the database summary when available. Original Airtek V.2024 PDF page 232. Published numeric Pa / m3/h / rpm / W curve-table points are stored separately when present. D2 and H are decoded from Airtek model nomenclature; the catalogue model-code key identifies impeller diameter and H as impeller height.
Airtek Power,Airtek Power V.2024 - AC Double Inlet Blowers,FD23A146H220-92-A3,Forward curved / Sirocco,DWDI / dual inlet,AC,146.0,220.0,,,625.0,,,1230.0,95.0,,,57.0,230.0,50,,Galvanized sheet steel,IP 54,F,Motor wiring speed regulation,-40~+65℃,,,,,Airtek Power Catalog (AC _ EC).pdf,233,Airtek V.2024 parsed - exact source page embedded,Multiple AC frequency/speed ratings are printed on the source page; 50 Hz is preferred as the database summary when available. Original Airtek V.2024 PDF page 233. Published numeric Pa / m3/h / rpm / W curve-table points are stored separately when present. D2 and H are decoded from Airtek model nomenclature; the catalogue model-code key identifies impeller diameter and H as impeller height.
Airtek Power,Airtek Power V.2024 - AC Double Inlet Blowers,FD23A146H168-92-A0,Forward curved / Sirocco,DWDI / dual inlet,AC,146.0,168.0,,,700.0,,,1380.0,235.0,,,57.0,230.0,50,,Galvanized sheet steel,IP 54,F,Motor wiring speed regulation,-40~+65℃,,,,,Airtek Power Catalog (AC _ EC).pdf,234,Airtek V.2024 parsed - exact source page embedded,Multiple AC frequency/speed ratings are printed on the source page; 50 Hz is preferred as the database summary when available. Original Airtek V.2024 PDF page 234. Published numeric Pa / m3/h / rpm / W curve-table points are stored separately when present. D2 and H are decoded from Airtek model nomenclature; the catalogue model-code key identifies impeller diameter and H as impeller height.
Airtek Power,Airtek Power V.2024 - AC Double Inlet Blowers,FD23A146H309-92-A0,Forward curved / Sirocco,DWDI / dual inlet,AC,146.0,309.0,,,900.0,,,1500.0,250.0,,,60.0,230.0,50,,Galvanized sheet steel,IP 54,F,Motor wiring speed regulation,-40~+65℃,,,,,Airtek Power Catalog (AC _ EC).pdf,235,Airtek V.2024 parsed - exact source page embedded,Original Airtek V.2024 PDF page 235. Published numeric Pa / m3/h / rpm / W curve-table points are stored separately when present. D2 and H are decoded from Airtek model nomenclature; the catalogue model-code key identifies impeller diameter and H as impeller height.
Airtek Power,Airtek Power V.2024 - AC Double Inlet Blowers,FD23A146H309-92-A1,Forward curved / Sirocco,DWDI / dual inlet,AC,146.0,309.0,,,750.0,,,1320.0,100.0,,,52.0,230.0,50,,Galvanized sheet steel,IP 54,F,Motor wiring speed regulation,-40~+65℃,,,,,Airtek Power Catalog (AC _ EC).pdf,235,Airtek V.2024 parsed - exact source page embedded,Original Airtek V.2024 PDF page 235. Published numeric Pa / m3/h / rpm / W curve-table points are stored separately when present. D2 and H are decoded from Airtek model nomenclature; the catalogue model-code key identifies impeller diameter and H as impeller height.
Airtek Power,Airtek Power V.2024 - AC Double Inlet Blowers,FD23A146H254-92-A0,Forward curved / Sirocco,DWDI / dual inlet,AC,146.0,254.0,,,910.0,,,1210.0,115.0,,,47.0,230.0,50,,Galvanized sheet steel,IP 54,F,Motor wiring speed regulation,-40~+65℃,,,,,Airtek Power Catalog (AC _ EC).pdf,236,Airtek V.2024 parsed - exact source page embedded,Multiple AC frequency/speed ratings are printed on the source page; 50 Hz is preferred as the database summary when available. Original Airtek V.2024 PDF page 236. Published numeric Pa / m3/h / rpm / W curve-table points are stored separately when present. D2 and H are decoded from Airtek model nomenclature; the catalogue model-code key identifies impeller diameter and H as impeller height.
Airtek Power,Airtek Power V.2024 - AC Double Inlet Blowers,FD23A160H310-92-A0,Forward curved / Sirocco,DWDI / dual inlet,AC,160.0,310.0,,,1010.0,,,1000.0,120.0,,,54.0,230.0,50,,Galvanized sheet steel,IP 54,F,Motor wiring speed regulation,-40~+65℃,,,,,Airtek Power Catalog (AC _ EC).pdf,237,Airtek V.2024 parsed - exact source page embedded,Original Airtek V.2024 PDF page 237. Published numeric Pa / m3/h / rpm / W curve-table points are stored separately when present. D2 and H are decoded from Airtek model nomenclature; the catalogue model-code key identifies impeller diameter and H as impeller height.
Airtek Power,Airtek Power V.2024 - AC Double Inlet Blowers,FD23A180H270-92-A0,Forward curved / Sirocco,DWDI / dual inlet,AC,180.0,270.0,,,1170.0,,,1250.0,200.0,,,63.0,230.0,50,,Galvanized sheet steel,IP 54,F,Motor wiring speed regulation,-40~+65℃,,,,,Airtek Power Catalog (AC _ EC).pdf,238,Airtek V.2024 parsed - exact source page embedded,Original Airtek V.2024 PDF page 238. Published numeric Pa / m3/h / rpm / W curve-table points are stored separately when present. D2 and H are decoded from Airtek model nomenclature; the catalogue model-code key identifies impeller diameter and H as impeller height.
Airtek Power,Airtek Power V.2024 - AC Double Inlet Blowers,FD23A180H270-92-A1,Forward curved / Sirocco,DWDI / dual inlet,AC,180.0,270.0,,,1170.0,,,1250.0,200.0,,,63.0,230.0,50,,Galvanized sheet steel,IP 54,F,Motor wiring speed regulation,-40~+65℃,,,,,Airtek Power Catalog (AC _ EC).pdf,239,Airtek V.2024 parsed - exact source page embedded,Original Airtek V.2024 PDF page 239. Published numeric Pa / m3/h / rpm / W curve-table points are stored separately when present. D2 and H are decoded from Airtek model nomenclature; the catalogue model-code key identifies impeller diameter and H as impeller height.
Airtek Power,Airtek Power V.2024 - AC Double Inlet Blowers,FD23A200H230-102-A0,Forward curved / Sirocco,DWDI / dual inlet,AC,200.0,230.0,,,1970.0,,,1200.0,350.0,,,68.0,230.0,50,,Galvanized sheet steel,IP 54,F,Motor wiring speed regulation,-40~+65℃,,,,,Airtek Power Catalog (AC _ EC).pdf,240,Airtek V.2024 parsed - exact source page embedded,Multiple AC frequency/speed ratings are printed on the source page; 50 Hz is preferred as the database summary when available. Original Airtek V.2024 PDF page 240. Published numeric Pa / m3/h / rpm / W curve-table points are stored separately when present. D2 and H are decoded from Airtek model nomenclature; the catalogue model-code key identifies impeller diameter and H as impeller height.
Airtek Power,Airtek Power V.2024 - AC Double Inlet Blowers,FD23A200H301-137-A0,Forward curved / Sirocco,DWDI / dual inlet,AC,200.0,301.0,,,2130.0,,,1300.0,600.0,,,75.0,230.0,50,,Galvanized sheet steel,IP 54,F,Motor wiring speed regulation,-40~+65℃,,,,,Airtek Power Catalog (AC _ EC).pdf,241,Airtek V.2024 parsed - exact source page embedded,Original Airtek V.2024 PDF page 241. Published numeric Pa / m3/h / rpm / W curve-table points are stored separately when present. D2 and H are decoded from Airtek model nomenclature; the catalogue model-code key identifies impeller diameter and H as impeller height.
Airtek Power,Airtek Power V.2024 - AC Double Inlet Blowers,FD38A200H301-137-A0,Forward curved / Sirocco,DWDI / dual inlet,AC,200.0,301.0,,,2130.0,,,1300.0,600.0,,,75.0,380.0,50,,Galvanized sheet steel,IP 54,F,Motor wiring speed regulation,-40~+65℃,,,,,Airtek Power Catalog (AC _ EC).pdf,241,Airtek V.2024 parsed - exact source page embedded,Original Airtek V.2024 PDF page 241. Published numeric Pa / m3/h / rpm / W curve-table points are stored separately when present. D2 and H are decoded from Airtek model nomenclature; the catalogue model-code key identifies impeller diameter and H as impeller height.
Airtek Power,Airtek Power V.2024 - AC Double Inlet Blowers,FD23A200H301-137-A1,Forward curved / Sirocco,DWDI / dual inlet,AC,200.0,301.0,,,2100.0,,,1280.0,620.0,,,75.0,230.0,50,,Galvanized sheet steel,IP 54,F,Motor wiring speed regulation,-40~+65℃,,,,,Airtek Power Catalog (AC _ EC).pdf,242,Airtek V.2024 parsed - exact source page embedded,Multiple AC frequency/speed ratings are printed on the source page; 50 Hz is preferred as the database summary when available. Original Airtek V.2024 PDF page 242. Published numeric Pa / m3/h / rpm / W curve-table points are stored separately when present. D2 and H are decoded from Airtek model nomenclature; the catalogue model-code key identifies impeller diameter and H as impeller height.
Airtek Power,Airtek Power V.2024 - AC Double Inlet Blowers,FD23A225H304-137-A0,Forward curved / Sirocco,DWDI / dual inlet,AC,225.0,304.0,,,2400.0,,,1300.0,650.0,,,75.0,230.0,50,,Galvanized sheet steel,IP 54,F,Motor wiring speed regulation,-40~+65℃,,,,,Airtek Power Catalog (AC _ EC).pdf,243,Airtek V.2024 parsed - exact source page embedded,Original Airtek V.2024 PDF page 243. Published numeric Pa / m3/h / rpm / W curve-table points are stored separately when present. D2 and H are decoded from Airtek model nomenclature; the catalogue model-code key identifies impeller diameter and H as impeller height.
Airtek Power,Airtek Power V.2024 - AC Double Inlet Blowers,FD38A225H304-137-A0,Forward curved / Sirocco,DWDI / dual inlet,AC,225.0,304.0,,,2400.0,,,1300.0,650.0,,,75.0,380.0,50,,Galvanized sheet steel,IP 54,F,Motor wiring speed regulation,-40~+65℃,,,,,Airtek Power Catalog (AC _ EC).pdf,243,Airtek V.2024 parsed - exact source page embedded,Original Airtek V.2024 PDF page 243. Published numeric Pa / m3/h / rpm / W curve-table points are stored separately when present. D2 and H are decoded from Airtek model nomenclature; the catalogue model-code key identifies impeller diameter and H as impeller height.
Airtek Power,Airtek Power V.2024 - AC Double Inlet Blowers,FD23A225H304-137-A1,Forward curved / Sirocco,DWDI / dual inlet,AC,225.0,304.0,,,1290.0,,,650.0,620.0,,,73.0,230.0,50,,Galvanized sheet steel,IP 54,F,Motor wiring speed regulation,-40~+65℃,,,,,Airtek Power Catalog (AC _ EC).pdf,244,Airtek V.2024 parsed - exact source page embedded,Multiple AC frequency/speed ratings are printed on the source page; 50 Hz is preferred as the database summary when available. Original Airtek V.2024 PDF page 244. Published numeric Pa / m3/h / rpm / W curve-table points are stored separately when present. D2 and H are decoded from Airtek model nomenclature; the catalogue model-code key identifies impeller diameter and H as impeller height.
Airtek Power,Airtek Power V.2024 - AC Double Inlet Blowers,FD23A250H344-137-A0,Forward curved / Sirocco,DWDI / dual inlet,AC,250.0,344.0,,,3950.0,,,1300.0,900.0,,,77.0,230.0,50,,Galvanized sheet steel,IP 54,F,Motor wiring speed regulation,-40~+65℃,,,,,Airtek Power Catalog (AC _ EC).pdf,245,Airtek V.2024 parsed - exact source page embedded,Original Airtek V.2024 PDF page 245. Published numeric Pa / m3/h / rpm / W curve-table points are stored separately when present. D2 and H are decoded from Airtek model nomenclature; the catalogue model-code key identifies impeller diameter and H as impeller height.
Airtek Power,Airtek Power V.2024 - AC Double Inlet Blowers,FD38A250H344-137-A0,Forward curved / Sirocco,DWDI / dual inlet,AC,250.0,344.0,,,3950.0,,,1300.0,900.0,,,77.0,380.0,50,,Galvanized sheet steel,IP 54,F,Motor wiring speed regulation,-40~+65℃,,,,,Airtek Power Catalog (AC _ EC).pdf,245,Airtek V.2024 parsed - exact source page embedded,Original Airtek V.2024 PDF page 245. Published numeric Pa / m3/h / rpm / W curve-table points are stored separately when present. D2 and H are decoded from Airtek model nomenclature; the catalogue model-code key identifies impeller diameter and H as impeller height.
Airtek Power,Airtek Power V.2024 - AC Double Inlet Blowers,FD23A250H344-137-A1,Forward curved / Sirocco,DWDI / dual inlet,AC,250.0,344.0,,,3450.0,,,1300.0,800.0,,,73.0,230.0,50,,Galvanized sheet steel,IP 54,F,Motor wiring speed regulation,-40~+65℃,,,,,Airtek Power Catalog (AC _ EC).pdf,246,Airtek V.2024 parsed - exact source page embedded,Multiple AC frequency/speed ratings are printed on the source page; 50 Hz is preferred as the database summary when available. Original Airtek V.2024 PDF page 246. Published numeric Pa / m3/h / rpm / W curve-table points are stored separately when present. D2 and H are decoded from Airtek model nomenclature; the catalogue model-code key identifies impeller diameter and H as impeller height.
Airtek Power,Airtek Power V.2024 - EC Axial Fans,G23E250S-72-C0,Axial,Axial panel / ring,EC,250.0,,,,1400.0,,,2250.0,61.0,,,60.0,230.0,50/60,,PA66+GF,IP 54,F,0-10VDC/PWM (Control input 4-20mA),-25~+60℃,,,,,Airtek Power Catalog (AC _ EC).pdf,248,Airtek V.2024 parsed - exact source page embedded,Original Airtek V.2024 PDF page 248. Published numeric Pa / m3/h / rpm / W curve-table points are stored separately when present. Nominal axial fan diameter is decoded from Airtek model nomenclature.
Airtek Power,Airtek Power V.2024 - EC Axial Fans,G23E250S-92-C1,Axial,Axial panel / ring,EC,250.0,,,,1900.0,,,3000.0,120.0,,,70.0,230.0,50/60,,Painting Steel,IP 54,F,0-10VDC/PWM (Control input 4-20mA),-25~+60℃,,,,,Airtek Power Catalog (AC _ EC).pdf,249,Airtek V.2024 parsed - exact source page embedded,Original Airtek V.2024 PDF page 249. Published numeric Pa / m3/h / rpm / W curve-table points are stored separately when present. Nominal axial fan diameter is decoded from Airtek model nomenclature.
Airtek Power,Airtek Power V.2024 - EC Axial Fans,G23E300S-92-C0,Axial,Axial panel / ring,EC,300.0,,,,2690.0,,,2100.0,126.0,,,65.0,230.0,50/60,,PA66 + GF,IP 54,F,0-10VDC/PWM (Control input 4-20mA),-25~+60℃,,,,,Airtek Power Catalog (AC _ EC).pdf,250,Airtek V.2024 parsed - exact source page embedded,Original Airtek V.2024 PDF page 250. Published numeric Pa / m3/h / rpm / W curve-table points are stored separately when present. Nominal axial fan diameter is decoded from Airtek model nomenclature.
Airtek Power,Airtek Power V.2024 - EC Axial Fans,G23E350S-92-C0,Axial,Axial panel / ring,EC,350.0,,,,3280.0,,,1700.0,139.0,,,62.0,230.0,50/60,,PA66 + GF,IP 54,F,0-10VDC/PWM (Control input 4-20mA),-25~+60℃,,,,,Airtek Power Catalog (AC _ EC).pdf,251,Airtek V.2024 parsed - exact source page embedded,Original Airtek V.2024 PDF page 251. Published numeric Pa / m3/h / rpm / W curve-table points are stored separately when present. Nominal axial fan diameter is decoded from Airtek model nomenclature.
Airtek Power,Airtek Power V.2024 - EC Axial Fans,G23E350S-102-C1,Axial,Axial panel / ring,EC,350.0,,,,4400.0,,,2200.0,414.0,,,72.0,230.0,50/60,,PA66 + GF,IP 54,F,0-10VDC/PWM (Control input 4-20mA),-25~+60℃,,,,,Airtek Power Catalog (AC _ EC).pdf,252,Airtek V.2024 parsed - exact source page embedded,Original Airtek V.2024 PDF page 252. Published numeric Pa / m3/h / rpm / W curve-table points are stored separately when present. Nominal axial fan diameter is decoded from Airtek model nomenclature.
Airtek Power,Airtek Power V.2024 - EC Axial Fans,G23E400S-102-C0,Axial,Axial panel / ring,EC,400.0,,,,4850.0,,,1600.0,273.0,,,66.0,230.0,50/60,,PA66 + GF,IP 54,F,0-10VDC/PWM (Control input 4-20mA),-25~+60℃,,,,,Airtek Power Catalog (AC _ EC).pdf,253,Airtek V.2024 parsed - exact source page embedded,Original Airtek V.2024 PDF page 253. Published numeric Pa / m3/h / rpm / W curve-table points are stored separately when present. Nominal axial fan diameter is decoded from Airtek model nomenclature.
Airtek Power,Airtek Power V.2024 - EC Axial Fans,G23E450S-102-C0,Axial,Axial panel / ring,EC,450.0,,,,6000.0,,,1500.0,332.0,,,67.0,230.0,50/60,,PA66 + GF,IP 54,F,0-10VDC/PWM (Control input 4-20mA),-25~+60℃,,,,,Airtek Power Catalog (AC _ EC).pdf,254,Airtek V.2024 parsed - exact source page embedded,Original Airtek V.2024 PDF page 254. Published numeric Pa / m3/h / rpm / W curve-table points are stored separately when present. Nominal axial fan diameter is decoded from Airtek model nomenclature.
Airtek Power,Airtek Power V.2024 - EC Axial Fans,G23E500S-102-C0,Axial,Axial panel / ring,EC,500.0,,,,6600.0,,,1380.0,343.0,,,74.0,230.0,50/60,,PA66 + GF,IP 54,F,0-10VDC/PWM (Control input 4-20mA),-25~+60℃,,,,,Airtek Power Catalog (AC _ EC).pdf,255,Airtek V.2024 parsed - exact source page embedded,Original Airtek V.2024 PDF page 255. Published numeric Pa / m3/h / rpm / W curve-table points are stored separately when present. Nominal axial fan diameter is decoded from Airtek model nomenclature.
Airtek Power,Airtek Power V.2024 - EC Axial Fans,G23E500S-137-C0,Axial,Axial panel / ring,EC,500.0,,,,8650.0,,,1750.0,498.0,,,72.0,230.0,50/60,,PA66 + GF,IP 54,F,0-10VDC/PWM (Control input 4-20mA),-25~+60℃,,,,,Airtek Power Catalog (AC _ EC).pdf,256,Airtek V.2024 parsed - exact source page embedded,Original Airtek V.2024 PDF page 256. Published numeric Pa / m3/h / rpm / W curve-table points are stored separately when present. Nominal axial fan diameter is decoded from Airtek model nomenclature.
Airtek Power,Airtek Power V.2024 - EC Axial Fans,G23E500S-137-C1,Axial,Axial panel / ring,EC,500.0,,,,8650.0,,,1750.0,495.0,,,72.0,230.0,50/60,,PA66 + GF,IP 54,F,0-10VDC/PWM (Control input 4-20mA),-25~+60℃,,,,,Airtek Power Catalog (AC _ EC).pdf,257,Airtek V.2024 parsed - exact source page embedded,Original Airtek V.2024 PDF page 257. Published numeric Pa / m3/h / rpm / W curve-table points are stored separately when present. Nominal axial fan diameter is decoded from Airtek model nomenclature.
Airtek Power,Airtek Power V.2024 - EC Axial Fans,G38E500S-137-C0,Axial,Axial panel / ring,EC,500.0,,,,8650.0,,,1750.0,488.0,,,72.0,380.0,50/60,,PA66 + GF,IP 54,F,0-10VDC/PWM (Control input 4-20mA),-25~+60℃,,,,,Airtek Power Catalog (AC _ EC).pdf,258,Airtek V.2024 parsed - exact source page embedded,Original Airtek V.2024 PDF page 258. Published numeric Pa / m3/h / rpm / W curve-table points are stored separately when present. Nominal axial fan diameter is decoded from Airtek model nomenclature.
Airtek Power,Airtek Power V.2024 - EC Axial Fans,S23E500S-137-C0,Axial,Axial panel / ring,EC,500.0,,,,8650.0,,,1750.0,498.0,,,72.0,230.0,50/60,,PA66 + GF,IP 54,F,0-10VDC/PWM (Control input 4-20mA),-25~+60℃,,,,,Airtek Power Catalog (AC _ EC).pdf,259,Airtek V.2024 parsed - exact source page embedded,Original Airtek V.2024 PDF page 259. Published numeric Pa / m3/h / rpm / W curve-table points are stored separately when present. Nominal axial fan diameter is decoded from Airtek model nomenclature.
Airtek Power,Airtek Power V.2024 - EC Axial Fans,S23E500S-137-C1,Axial,Axial panel / ring,EC,500.0,,,,8650.0,,,1750.0,495.0,,,72.0,230.0,50/60,,PA66 + GF,IP 54,F,0-10VDC/PWM (Control input 4-20mA),-25~+60℃,,,,,Airtek Power Catalog (AC _ EC).pdf,260,Airtek V.2024 parsed - exact source page embedded,Original Airtek V.2024 PDF page 260. Published numeric Pa / m3/h / rpm / W curve-table points are stored separately when present. Nominal axial fan diameter is decoded from Airtek model nomenclature.
Airtek Power,Airtek Power V.2024 - EC Axial Fans,S38E500S-137-C0,Axial,Axial panel / ring,EC,500.0,,,,8650.0,,,1750.0,488.0,,,72.0,380.0,50/60,,PA66 + GF,IP 54,F,0-10VDC/PWM (Control input 4-20mA),-25~+60℃,,,,,Airtek Power Catalog (AC _ EC).pdf,261,Airtek V.2024 parsed - exact source page embedded,Original Airtek V.2024 PDF page 261. Published numeric Pa / m3/h / rpm / W curve-table points are stored separately when present. Nominal axial fan diameter is decoded from Airtek model nomenclature.
Airtek Power,Airtek Power V.2024 - EC Axial Fans,R23E500S-137-C0,Axial,Axial panel / ring,EC,500.0,,,,8650.0,,,1750.0,420.0,,,72.0,230.0,50/60,,PA66 + GF,IP 54,F,0-10VDC/PWM (Control input 4-20mA),-25~+60℃,,,,,Airtek Power Catalog (AC _ EC).pdf,262,Airtek V.2024 parsed - exact source page embedded,Original Airtek V.2024 PDF page 262. Published numeric Pa / m3/h / rpm / W curve-table points are stored separately when present. Nominal axial fan diameter is decoded from Airtek model nomenclature.
Airtek Power,Airtek Power V.2024 - EC Axial Fans,R23E500S-137-C1,Axial,Axial panel / ring,EC,500.0,,,,8650.0,,,1750.0,420.0,,,72.0,230.0,50/60,,PA66 + GF,IP 54,F,0-10VDC/PWM (Control input 4-20mA),-25~+60℃,,,,,Airtek Power Catalog (AC _ EC).pdf,263,Airtek V.2024 parsed - exact source page embedded,Original Airtek V.2024 PDF page 263. Published numeric Pa / m3/h / rpm / W curve-table points are stored separately when present. Nominal axial fan diameter is decoded from Airtek model nomenclature.
Airtek Power,Airtek Power V.2024 - EC Axial Fans,R38E500S-137-C0,Axial,Axial panel / ring,EC,500.0,,,,8650.0,,,1750.0,410.0,,,72.0,380.0,50/60,,PA66 + GF,IP 54,F,0-10VDC/PWM (Control input 4-20mA),-25~+60℃,,,,,Airtek Power Catalog (AC _ EC).pdf,264,Airtek V.2024 parsed - exact source page embedded,Original Airtek V.2024 PDF page 264. Published numeric Pa / m3/h / rpm / W curve-table points are stored separately when present. Nominal axial fan diameter is decoded from Airtek model nomenclature.
Airtek Power,Airtek Power V.2024 - EC Axial Fans,G23E550S-102-C0,Axial,Axial panel / ring,EC,550.0,,,,8900.0,,,1200.0,445.0,,,69.0,230.0,50/60,,Painting Steel,IP 54,F,0-10VDC/PWM (Control input 4-20mA),-25~+60℃,,,,,Airtek Power Catalog (AC _ EC).pdf,265,Airtek V.2024 parsed - exact source page embedded,Original Airtek V.2024 PDF page 265. Published numeric Pa / m3/h / rpm / W curve-table points are stored separately when present. Nominal axial fan diameter is decoded from Airtek model nomenclature.
Airtek Power,Airtek Power V.2024 - EC Axial Fans,G23E550S-102-C1,Axial,Axial panel / ring,EC,550.0,,,,10800.0,,,1450.0,800.0,,,73.0,230.0,50/60,,Painting Steel,IP 54,F,0-10VDC/PWM (Control input 4-20mA),-25~+60℃,,,,,Airtek Power Catalog (AC _ EC).pdf,266,Airtek V.2024 parsed - exact source page embedded,Original Airtek V.2024 PDF page 266. Published numeric Pa / m3/h / rpm / W curve-table points are stored separately when present. Nominal axial fan diameter is decoded from Airtek model nomenclature.
Airtek Power,Airtek Power V.2024 - EC Axial Fans,G38E550S-137-C2,Axial,Axial panel / ring,EC,550.0,,,,11600.0,,,1580.0,1025.0,,,75.0,380.0,50/60,,Painting Steel,IP 54,F,0-10VDC/PWM (Control input 4-20mA),-25~+60℃,,,,,Airtek Power Catalog (AC _ EC).pdf,267,Airtek V.2024 parsed - exact source page embedded,Original Airtek V.2024 PDF page 267. Published numeric Pa / m3/h / rpm / W curve-table points are stored separately when present. Nominal axial fan diameter is decoded from Airtek model nomenclature.
Airtek Power,Airtek Power V.2024 - EC Axial Fans,S23E550S-102-C0,Axial,Axial panel / ring,EC,550.0,,,,8900.0,,,1200.0,445.0,,,69.0,230.0,50/60,,Painting Steel,IP 54,F,0-10VDC/PWM (Control input 4-20mA),-25~+60℃,,,,,Airtek Power Catalog (AC _ EC).pdf,268,Airtek V.2024 parsed - exact source page embedded,Original Airtek V.2024 PDF page 268. Published numeric Pa / m3/h / rpm / W curve-table points are stored separately when present. Nominal axial fan diameter is decoded from Airtek model nomenclature.
Airtek Power,Airtek Power V.2024 - EC Axial Fans,S23E550S-102-C1,Axial,Axial panel / ring,EC,550.0,,,,10800.0,,,1450.0,800.0,,,73.0,230.0,50/60,,Painting Steel,IP 54,F,0-10VDC/PWM (Control input 4-20mA),-25~+60℃,,,,,Airtek Power Catalog (AC _ EC).pdf,269,Airtek V.2024 parsed - exact source page embedded,Original Airtek V.2024 PDF page 269. Published numeric Pa / m3/h / rpm / W curve-table points are stored separately when present. Nominal axial fan diameter is decoded from Airtek model nomenclature.
Airtek Power,Airtek Power V.2024 - EC Axial Fans,S38E550S-137-C0,Axial,Axial panel / ring,EC,550.0,,,,11600.0,,,1580.0,1025.0,,,75.0,380.0,50/60,,Painting Steel,IP 54,F,0-10VDC/PWM (Control input 4-20mA),-25~+60℃,,,,,Airtek Power Catalog (AC _ EC).pdf,270,Airtek V.2024 parsed - exact source page embedded,Original Airtek V.2024 PDF page 270. Published numeric Pa / m3/h / rpm / W curve-table points are stored separately when present. Nominal axial fan diameter is decoded from Airtek model nomenclature.
Airtek Power,Airtek Power V.2024 - EC Axial Fans,G23E630S-102-C0,Axial,Axial panel / ring,EC,630.0,,,,12000.0,,,1050.0,614.0,,,67.0,230.0,50/60,,PA66 + FG,IP 54,F,0-10VDC/PWM (Control input 4-20mA),-25~+60℃,,,,,Airtek Power Catalog (AC _ EC).pdf,271,Airtek V.2024 parsed - exact source page embedded,Original Airtek V.2024 PDF page 271. Published numeric Pa / m3/h / rpm / W curve-table points are stored separately when present. Nominal axial fan diameter is decoded from Airtek model nomenclature.
Airtek Power,Airtek Power V.2024 - EC Axial Fans,G23E630S-102-C1,Axial,Axial panel / ring,EC,630.0,,,,13100.0,,,1200.0,895.0,,,74.0,230.0,50/60,,PA66 + FG,IP 54,F,0-10VDC/PWM (Control input 4-20mA),-25~+60℃,,,,,Airtek Power Catalog (AC _ EC).pdf,272,Airtek V.2024 parsed - exact source page embedded,Original Airtek V.2024 PDF page 272. Published numeric Pa / m3/h / rpm / W curve-table points are stored separately when present. Nominal axial fan diameter is decoded from Airtek model nomenclature.
Airtek Power,Airtek Power V.2024 - EC Axial Fans,G23E630S-102-C2,Axial,Axial panel / ring,EC,630.0,,,,13800.0,,,1530.0,1092.0,,,78.0,230.0,50/60,,PA66 + FG,IP 54,F,0-10VDC/PWM (Control input 4-20mA),-25~+60℃,,,,,Airtek Power Catalog (AC _ EC).pdf,273,Airtek V.2024 parsed - exact source page embedded,Original Airtek V.2024 PDF page 273. Published numeric Pa / m3/h / rpm / W curve-table points are stored separately when present. Nominal axial fan diameter is decoded from Airtek model nomenclature.
Airtek Power,Airtek Power V.2024 - EC Axial Fans,G23E630S-137-C2,Axial,Axial panel / ring,EC,630.0,,,,13100.0,,,1200.0,887.0,,,74.0,230.0,50/60,,PA66 + FG,IP 54,F,0-10VDC/PWM (Control input 4-20mA),-25~+60℃,,,,,Airtek Power Catalog (AC _ EC).pdf,274,Airtek V.2024 parsed - exact source page embedded,Original Airtek V.2024 PDF page 274. Published numeric Pa / m3/h / rpm / W curve-table points are stored separately when present. Nominal axial fan diameter is decoded from Airtek model nomenclature.
Airtek Power,Airtek Power V.2024 - EC Axial Fans,G38E630S-137-C1,Axial,Axial panel / ring,EC,630.0,,,,14500.0,,,1660.0,1330.0,,,80.0,380.0,50/60,,PA66 + FG,IP 54,F,0-10VDC/PWM (Control input 4-20mA),-25~+60℃,,,,,Airtek Power Catalog (AC _ EC).pdf,275,Airtek V.2024 parsed - exact source page embedded,Original Airtek V.2024 PDF page 275. Published numeric Pa / m3/h / rpm / W curve-table points are stored separately when present. Nominal axial fan diameter is decoded from Airtek model nomenclature.
Airtek Power,Airtek Power V.2024 - EC Axial Fans,S23E630S-102-C0,Axial,Axial panel / ring,EC,630.0,,,,12000.0,,,1050.0,614.0,,,67.0,230.0,50/60,,PA66 + FG,IP 54,F,0-10VDC/PWM (Control input 4-20mA),-25~+60℃,,,,,Airtek Power Catalog (AC _ EC).pdf,276,Airtek V.2024 parsed - exact source page embedded,Original Airtek V.2024 PDF page 276. Published numeric Pa / m3/h / rpm / W curve-table points are stored separately when present. Nominal axial fan diameter is decoded from Airtek model nomenclature.
Airtek Power,Airtek Power V.2024 - EC Axial Fans,S23E630S-102-C1,Axial,Axial panel / ring,EC,630.0,,,,13100.0,,,1200.0,895.0,,,74.0,230.0,50/60,,PA66 + FG,IP 54,F,0-10VDC/PWM (Control input 4-20mA),-25~+60℃,,,,,Airtek Power Catalog (AC _ EC).pdf,277,Airtek V.2024 parsed - exact source page embedded,Original Airtek V.2024 PDF page 277. Published numeric Pa / m3/h / rpm / W curve-table points are stored separately when present. Nominal axial fan diameter is decoded from Airtek model nomenclature.
Airtek Power,Airtek Power V.2024 - EC Axial Fans,S23E630S-102-C2,Axial,Axial panel / ring,EC,630.0,,,,13800.0,,,1530.0,1092.0,,,78.0,230.0,50/60,,PA66 + FG,IP 54,F,0-10VDC/PWM (Control input 4-20mA),-25~+60℃,,,,,Airtek Power Catalog (AC _ EC).pdf,278,Airtek V.2024 parsed - exact source page embedded,Original Airtek V.2024 PDF page 278. Published numeric Pa / m3/h / rpm / W curve-table points are stored separately when present. Nominal axial fan diameter is decoded from Airtek model nomenclature.
Airtek Power,Airtek Power V.2024 - EC Axial Fans,S38E630S-137-C0,Axial,Axial panel / ring,EC,630.0,,,,13100.0,,,1200.0,887.0,,,74.0,380.0,50/60,,PA66 + FG,IP 54,F,0-10VDC/PWM (Control input 4-20mA),-25~+60℃,,,,,Airtek Power Catalog (AC _ EC).pdf,279,Airtek V.2024 parsed - exact source page embedded,Original Airtek V.2024 PDF page 279. Published numeric Pa / m3/h / rpm / W curve-table points are stored separately when present. Nominal axial fan diameter is decoded from Airtek model nomenclature.
Airtek Power,Airtek Power V.2024 - EC Axial Fans,S38E630S-137-C1,Axial,Axial panel / ring,EC,630.0,,,,14500.0,,,1660.0,1282.0,,,80.0,380.0,50/60,,PA66 + FG,IP 54,F,0-10VDC/PWM (Control input 4-20mA),-25~+60℃,,,,,Airtek Power Catalog (AC _ EC).pdf,280,Airtek V.2024 parsed - exact source page embedded,Original Airtek V.2024 PDF page 280. Published numeric Pa / m3/h / rpm / W curve-table points are stored separately when present. Nominal axial fan diameter is decoded from Airtek model nomenclature.
Airtek Power,Airtek Power V.2024 - EC Axial Fans,S38E630S-188-C0,Axial,Axial panel / ring,EC,630.0,,,,13100.0,,,1410.0,1318.0,,,72.0,380.0,50/60,,PA66 + FG,IP 54,F,0-10VDC/PWM (Control input 4-20mA),-25~+60℃,,,,,Airtek Power Catalog (AC _ EC).pdf,281,Airtek V.2024 parsed - exact source page embedded,Original Airtek V.2024 PDF page 281. Published numeric Pa / m3/h / rpm / W curve-table points are stored separately when present. Nominal axial fan diameter is decoded from Airtek model nomenclature.
Airtek Power,Airtek Power V.2024 - EC Axial Fans,S38E630S-188-C1,Axial,Axial panel / ring,EC,630.0,,,,20800.0,,,1760.0,2572.0,,,82.0,380.0,50/60,,PA66 + FG,IP 54,F,0-10VDC/PWM (Control input 4-20mA),-25~+60℃,,,,,Airtek Power Catalog (AC _ EC).pdf,282,Airtek V.2024 parsed - exact source page embedded,Original Airtek V.2024 PDF page 282. Published numeric Pa / m3/h / rpm / W curve-table points are stored separately when present. Nominal axial fan diameter is decoded from Airtek model nomenclature.
Airtek Power,Airtek Power V.2024 - EC Axial Fans,R23E630S-102-C0,Axial,Axial panel / ring,EC,630.0,,,,11600.0,,,1050.0,520.0,,,70.0,230.0,50/60,,PA66 + FG,IP 54,F,0-10VDC/PWM (Control input 4-20mA),-25~+60℃,,,,,Airtek Power Catalog (AC _ EC).pdf,283,Airtek V.2024 parsed - exact source page embedded,Original Airtek V.2024 PDF page 283. Published numeric Pa / m3/h / rpm / W curve-table points are stored separately when present. Nominal axial fan diameter is decoded from Airtek model nomenclature.
Airtek Power,Airtek Power V.2024 - EC Axial Fans,R23E630S-102-C1,Axial,Axial panel / ring,EC,630.0,,,,11600.0,,,1200.0,710.0,,,70.0,230.0,50/60,,PA66 + FG,IP 54,F,0-10VDC/PWM (Control input 4-20mA),-25~+60℃,,,,,Airtek Power Catalog (AC _ EC).pdf,284,Airtek V.2024 parsed - exact source page embedded,Original Airtek V.2024 PDF page 284. Published numeric Pa / m3/h / rpm / W curve-table points are stored separately when present. Nominal axial fan diameter is decoded from Airtek model nomenclature.
Airtek Power,Airtek Power V.2024 - EC Axial Fans,R38E630S-137-C0,Axial,Axial panel / ring,EC,630.0,,,,13950.0,,,1200.0,698.0,,,74.0,380.0,50/60,,PA66 + FG,IP 54,F,0-10VDC/PWM (Control input 4-20mA),-25~+60℃,,,,,Airtek Power Catalog (AC _ EC).pdf,285,Airtek V.2024 parsed - exact source page embedded,Original Airtek V.2024 PDF page 285. Published numeric Pa / m3/h / rpm / W curve-table points are stored separately when present. Nominal axial fan diameter is decoded from Airtek model nomenclature.
Airtek Power,Airtek Power V.2024 - EC Axial Fans,S23E710S-137-C0,Axial,Axial panel / ring,EC,710.0,,,,13150.0,,,1150.0,662.0,,,66.0,230.0,50/60,,PA66 + FG,IP 54,F,0-10VDC/PWM (Control input 4-20mA),-25~+60℃,,,,,Airtek Power Catalog (AC _ EC).pdf,286,Airtek V.2024 parsed - exact source page embedded,Original Airtek V.2024 PDF page 286. Published numeric Pa / m3/h / rpm / W curve-table points are stored separately when present. Nominal axial fan diameter is decoded from Airtek model nomenclature.
Airtek Power,Airtek Power V.2024 - EC Axial Fans,S23E710S-137-C1,Axial,Axial panel / ring,EC,710.0,,,,13150.0,,,1150.0,675.0,,,66.0,230.0,50/60,,PA66 + FG,IP 54,F,0-10VDC/PWM (Control input 4-20mA),-25~+60℃,,,,,Airtek Power Catalog (AC _ EC).pdf,287,Airtek V.2024 parsed - exact source page embedded,Original Airtek V.2024 PDF page 287. Published numeric Pa / m3/h / rpm / W curve-table points are stored separately when present. Nominal axial fan diameter is decoded from Airtek model nomenclature.
Airtek Power,Airtek Power V.2024 - EC Axial Fans,S38E710S-137-C0,Axial,Axial panel / ring,EC,710.0,,,,15900.0,,,1200.0,694.0,,,69.0,380.0,50/60,,PA66 + FG,IP 54,F,0-10VDC/PWM (Control input 4-20mA),-25~+60℃,,,,,Airtek Power Catalog (AC _ EC).pdf,288,Airtek V.2024 parsed - exact source page embedded,Original Airtek V.2024 PDF page 288. Published numeric Pa / m3/h / rpm / W curve-table points are stored separately when present. Nominal axial fan diameter is decoded from Airtek model nomenclature.
Airtek Power,Airtek Power V.2024 - EC Axial Fans,S38E710S-188-C0,Axial,Axial panel / ring,EC,710.0,,,,18500.0,,,1200.0,1146.0,,,74.0,380.0,50/60,,PA66 + FG,IP 54,F,0-10VDC/PWM (Control input 4-20mA),-25~+60℃,,,,,Airtek Power Catalog (AC _ EC).pdf,289,Airtek V.2024 parsed - exact source page embedded,Original Airtek V.2024 PDF page 289. Published numeric Pa / m3/h / rpm / W curve-table points are stored separately when present. Nominal axial fan diameter is decoded from Airtek model nomenclature.
Airtek Power,Airtek Power V.2024 - EC Axial Fans,S38E710S-188-C1,Axial,Axial panel / ring,EC,710.0,,,,21200.0,,,1400.0,1861.0,,,76.0,380.0,50/60,,PA66 + FG,IP 54,F,0-10VDC/PWM (Control input 4-20mA),-25~+60℃,,,,,Airtek Power Catalog (AC _ EC).pdf,290,Airtek V.2024 parsed - exact source page embedded,Original Airtek V.2024 PDF page 290. Published numeric Pa / m3/h / rpm / W curve-table points are stored separately when present. Nominal axial fan diameter is decoded from Airtek model nomenclature.
Airtek Power,Airtek Power V.2024 - EC Axial Fans,S23E800S-137-C0,Axial,Axial panel / ring,EC,800.0,,,,14150.0,,,800.0,509.0,,,65.0,230.0,50/60,,PA66 + FG,IP 54,F,0-10VDC/PWM (Control input 4-20mA),-25~+60℃,,,,,Airtek Power Catalog (AC _ EC).pdf,291,Airtek V.2024 parsed - exact source page embedded,Original Airtek V.2024 PDF page 291. Published numeric Pa / m3/h / rpm / W curve-table points are stored separately when present. Nominal axial fan diameter is decoded from Airtek model nomenclature.
Airtek Power,Airtek Power V.2024 - EC Axial Fans,S38E800S-137-C0,Axial,Axial panel / ring,EC,800.0,,,,15800.0,,,900.0,607.0,,,70.0,380.0,50/60,,PA66 + FG,IP 54,F,0-10VDC/PWM (Control input 4-20mA),-25~+60℃,,,,,Airtek Power Catalog (AC _ EC).pdf,292,Airtek V.2024 parsed - exact source page embedded,Original Airtek V.2024 PDF page 292. Published numeric Pa / m3/h / rpm / W curve-table points are stored separately when present. Nominal axial fan diameter is decoded from Airtek model nomenclature.
Airtek Power,Airtek Power V.2024 - EC Axial Fans,S38E800S-188-C0,Axial,Axial panel / ring,EC,800.0,,,,21600.0,,,1000.0,1500.0,,,74.0,380.0,50/60,,PA66 + FG,IP 54,F,0-10VDC/PWM (Control input 4-20mA),-25~+60℃,,,,,Airtek Power Catalog (AC _ EC).pdf,293,Airtek V.2024 parsed - exact source page embedded,Original Airtek V.2024 PDF page 293. Published numeric Pa / m3/h / rpm / W curve-table points are stored separately when present. Nominal axial fan diameter is decoded from Airtek model nomenclature.
Airtek Power,Airtek Power V.2024 - EC Axial Fans,S38E800S-225-01,Axial,Axial panel / ring,EC,800.0,,,,25320.0,,,973.0,1800.0,,,69.0,380.0,50,,PA66+GF,IP 55,F,0-10VDC/PWM (Control input 4-20mA),-25~+60℃,,,,,Airtek Power Catalog (AC _ EC).pdf,294,Airtek V.2024 parsed - exact source page embedded,Original Airtek V.2024 PDF page 294. Published numeric Pa / m3/h / rpm / W curve-table points are stored separately when present. Nominal axial fan diameter is decoded from Airtek model nomenclature.
Airtek Power,Airtek Power V.2024 - EC Axial Fans,S38E800S-225-02,Axial,Axial panel / ring,EC,800.0,,,,25320.0,,,973.0,1800.0,,,69.0,380.0,50,,PA66+GF,IP 55,F,0-10VDC/PWM (Control input 4-20mA),-25~+60℃,,,,,Airtek Power Catalog (AC _ EC).pdf,295,Airtek V.2024 parsed - exact source page embedded,Original Airtek V.2024 PDF page 295. Published numeric Pa / m3/h / rpm / W curve-table points are stored separately when present. Nominal axial fan diameter is decoded from Airtek model nomenclature.
Airtek Power,Airtek Power V.2024 - EC Axial Fans,S38E800S-225-03,Axial,Axial panel / ring,EC,800.0,,,,28000.0,,,1020.0,2220.0,,,72.0,380.0,50,,PA66+GF,IP 55,F,0-10VDC/PWM (Control input 4-20mA),-25~+60℃,,,,,Airtek Power Catalog (AC _ EC).pdf,296,Airtek V.2024 parsed - exact source page embedded,Original Airtek V.2024 PDF page 296. Published numeric Pa / m3/h / rpm / W curve-table points are stored separately when present. Nominal axial fan diameter is decoded from Airtek model nomenclature.
Airtek Power,Airtek Power V.2024 - EC Axial Fans,R38E800S-188-C0,Axial,Axial panel / ring,EC,800.0,,,,24600.0,,,1000.0,1409.0,,,72.0,380.0,50/60,,PA66 + FG,IP 54,F,0-10VDC/PWM (Control input 4-20mA),-25~+60℃,,,,,Airtek Power Catalog (AC _ EC).pdf,297,Airtek V.2024 parsed - exact source page embedded,Original Airtek V.2024 PDF page 297. Published numeric Pa / m3/h / rpm / W curve-table points are stored separately when present. Nominal axial fan diameter is decoded from Airtek model nomenclature.
Airtek Power,Airtek Power V.2024 - EC Axial Fans,S38E850S-225-00,Axial,Axial panel / ring,EC,850.0,,,,26136.0,,,1000.0,1875.0,,,72.0,380.0,50,,PA66+GF,IP 55,F,0-10VDC/PWM (Control input 4-20mA),-25~+60℃,,,,,Airtek Power Catalog (AC _ EC).pdf,298,Airtek V.2024 parsed - exact source page embedded,Original Airtek V.2024 PDF page 298. Published numeric Pa / m3/h / rpm / W curve-table points are stored separately when present. Nominal axial fan diameter is decoded from Airtek model nomenclature.
Airtek Power,Airtek Power V.2024 - EC Axial Fans,S23E900S-137-C0,Axial,Axial panel / ring,EC,900.0,,,,18200.0,,,750.0,455.0,,,72.0,230.0,50/60,,PA66 + FG,IP 54,F,0-10VDC/PWM (Control input 4-20mA),-25~+60℃,,,,,Airtek Power Catalog (AC _ EC).pdf,299,Airtek V.2024 parsed - exact source page embedded,Original Airtek V.2024 PDF page 299. Published numeric Pa / m3/h / rpm / W curve-table points are stored separately when present. Nominal axial fan diameter is decoded from Airtek model nomenclature.
Airtek Power,Airtek Power V.2024 - EC Axial Fans,S23E900S-137-C1,Axial,Axial panel / ring,EC,900.0,,,,18000.0,,,750.0,425.0,,,72.0,230.0,50/60,,PA66 + FG,IP 54,F,0-10VDC/PWM (Control input 4-20mA),-25~+60℃,,,,,Airtek Power Catalog (AC _ EC).pdf,300,Airtek V.2024 parsed - exact source page embedded,Original Airtek V.2024 PDF page 300. Published numeric Pa / m3/h / rpm / W curve-table points are stored separately when present. Nominal axial fan diameter is decoded from Airtek model nomenclature.
Airtek Power,Airtek Power V.2024 - EC Axial Fans,S38E900S-137-C1,Axial,Axial panel / ring,EC,900.0,,,,18100.0,,,750.0,415.0,,,72.0,380.0,50/60,,PA66 + FG,IP 54,F,0-10VDC/PWM (Control input 4-20mA),-25~+60℃,,,,,Airtek Power Catalog (AC _ EC).pdf,301,Airtek V.2024 parsed - exact source page embedded,Original Airtek V.2024 PDF page 301. Published numeric Pa / m3/h / rpm / W curve-table points are stored separately when present. Nominal axial fan diameter is decoded from Airtek model nomenclature.
Airtek Power,Airtek Power V.2024 - EC Axial Fans,S38E900S-188-C0,Axial,Axial panel / ring,EC,900.0,,,,31500.0,,,940.0,1645.0,,,76.0,380.0,50/60,,PA66 + FG,IP 54,F,0-10VDC/PWM (Control input 4-20mA),-25~+60℃,,,,,Airtek Power Catalog (AC _ EC).pdf,302,Airtek V.2024 parsed - exact source page embedded,Original Airtek V.2024 PDF page 302. Published numeric Pa / m3/h / rpm / W curve-table points are stored separately when present. Nominal axial fan diameter is decoded from Airtek model nomenclature.
Airtek Power,Airtek Power V.2024 - EC Axial Fans,S38E900S-188-C1,Axial,Axial panel / ring,EC,900.0,,,,29500.0,,,1020.0,1926.0,,,76.0,380.0,50/60,,PA66 + FG,IP 54,F,0-10VDC/PWM (Control input 4-20mA),-25~+60℃,,,,,Airtek Power Catalog (AC _ EC).pdf,303,Airtek V.2024 parsed - exact source page embedded,Original Airtek V.2024 PDF page 303. Published numeric Pa / m3/h / rpm / W curve-table points are stored separately when present. Nominal axial fan diameter is decoded from Airtek model nomenclature.
Airtek Power,Airtek Power V.2024 - EC Axial Fans,S38E900S-188-C2,Axial,Axial panel / ring,EC,900.0,,,,32500.0,,,1030.0,1930.0,,,77.0,380.0,50/60,,PA66 + FG,IP 54,F,0-10VDC/PWM (Control input 4-20mA),-25~+60℃,,,,,Airtek Power Catalog (AC _ EC).pdf,304,Airtek V.2024 parsed - exact source page embedded,Original Airtek V.2024 PDF page 304. Published numeric Pa / m3/h / rpm / W curve-table points are stored separately when present. Nominal axial fan diameter is decoded from Airtek model nomenclature.
Airtek Power,Airtek Power V.2024 - EC Axial Fans,S38E900S-188-C3,Axial,Axial panel / ring,EC,900.0,,,,39500.0,,,1100.0,2355.0,,,78.0,380.0,50/60,,PA66 + FG,IP 54,F,0-10VDC/PWM (Control input 4-20mA),-25~+60℃,,,,,Airtek Power Catalog (AC _ EC).pdf,305,Airtek V.2024 parsed - exact source page embedded,Original Airtek V.2024 PDF page 305. Published numeric Pa / m3/h / rpm / W curve-table points are stored separately when present. Nominal axial fan diameter is decoded from Airtek model nomenclature.
Airtek Power,Airtek Power V.2024 - EC Axial Fans,S38E900S-188-C4,Axial,Axial panel / ring,EC,900.0,,,,32000.0,,,1000.0,1771.0,,,78.0,380.0,50/60,,PA66 + FG,IP 54,F,0-10VDC/PWM (Control input 4-20mA),-25~+60℃,,,,,Airtek Power Catalog (AC _ EC).pdf,306,Airtek V.2024 parsed - exact source page embedded,Original Airtek V.2024 PDF page 306. Published numeric Pa / m3/h / rpm / W curve-table points are stored separately when present. Nominal axial fan diameter is decoded from Airtek model nomenclature.
Airtek Power,Airtek Power V.2024 - EC Axial Fans,S38E900S-225-00,Axial,Axial panel / ring,EC,900.0,,,,27898.0,,,983.0,1850.0,,,73.0,380.0,50,,PA66+GF,IP 55,F,0-10VDC/PWM (Control input 4-20mA),-25~+60℃,,,,,Airtek Power Catalog (AC _ EC).pdf,307,Airtek V.2024 parsed - exact source page embedded,Original Airtek V.2024 PDF page 307. Published numeric Pa / m3/h / rpm / W curve-table points are stored separately when present. Nominal axial fan diameter is decoded from Airtek model nomenclature.
Airtek Power,Airtek Power V.2024 - EC Axial Fans,S38E900S-225-01,Axial,Axial panel / ring,EC,900.0,,,,31908.0,,,1005.0,2295.0,,,75.0,380.0,50,,PA66+GF,IP 55,F,0-10VDC/PWM (Control input 4-20mA),-25~+60℃,,,,,Airtek Power Catalog (AC _ EC).pdf,308,Airtek V.2024 parsed - exact source page embedded,Original Airtek V.2024 PDF page 308. Published numeric Pa / m3/h / rpm / W curve-table points are stored separately when present. Nominal axial fan diameter is decoded from Airtek model nomenclature.
Airtek Power,Airtek Power V.2024 - AC Axial Fans,S23A200S-72-00,Axial,Axial panel / ring,AC,200.0,,,,865.0,,,2820.0,54.0,,,58.0,220.0,50,,PA66+FG,IP 54,F,Motor wiring speed regulation,-40~+65℃,,,,,Airtek Power Catalog (AC _ EC).pdf,310,Airtek V.2024 parsed - exact source page embedded,Original Airtek V.2024 PDF page 310. Published numeric Pa / m3/h / rpm / W curve-table points are stored separately when present. Nominal axial fan diameter is decoded from Airtek model nomenclature.
Airtek Power,Airtek Power V.2024 - AC Axial Fans,S23A200S-72-01,Axial,Axial panel / ring,AC,200.0,,,,893.0,,,2680.0,67.0,,,63.0,230.0,50,,PA66+FG,IP 54,F,Motor wiring speed regulation,-40~+65℃,,,,,Airtek Power Catalog (AC _ EC).pdf,311,Airtek V.2024 parsed - exact source page embedded,Multiple AC frequency/speed ratings are printed on the source page; 50 Hz is preferred as the database summary when available. Original Airtek V.2024 PDF page 311. Published numeric Pa / m3/h / rpm / W curve-table points are stored separately when present. Nominal axial fan diameter is decoded from Airtek model nomenclature.
Airtek Power,Airtek Power V.2024 - AC Axial Fans,R40A250S-72-00,Axial,Axial panel / ring,AC,250.0,,,,1794.0,,,2945.0,160.0,,,65.0,400.0,60,,Cold rolled steel,IP 54,F,Motor wiring speed regulation,-40~+65℃,,,,,Airtek Power Catalog (AC _ EC).pdf,312,Airtek V.2024 parsed - exact source page embedded,Original Airtek V.2024 PDF page 312. Published numeric Pa / m3/h / rpm / W curve-table points are stored separately when present. Nominal axial fan diameter is decoded from Airtek model nomenclature.
Airtek Power,Airtek Power V.2024 - AC Axial Fans,R23A250S-72-00,Axial,Axial panel / ring,AC,250.0,,,,1641.0,,,2665.0,137.0,,,62.0,230.0,50,,Cold rolled steel,IP 54,F,Motor wiring speed regulation,-40~+65℃,,,,,Airtek Power Catalog (AC _ EC).pdf,312,Airtek V.2024 parsed - exact source page embedded,Original Airtek V.2024 PDF page 312. Published numeric Pa / m3/h / rpm / W curve-table points are stored separately when present. Nominal axial fan diameter is decoded from Airtek model nomenclature.
Airtek Power,Airtek Power V.2024 - AC Axial Fans,A23A290S-72-00,Axial,Axial panel / ring,AC,290.0,,,,1751.0,,,1585.0,79.8,,,55.0,220.0,60,,PA66+FG,IP 54,F,Motor wiring speed regulation,-40~+65℃,,,,,Airtek Power Catalog (AC _ EC).pdf,313,Airtek V.2024 parsed - exact source page embedded,Original Airtek V.2024 PDF page 313. Published numeric Pa / m3/h / rpm / W curve-table points are stored separately when present. Nominal axial fan diameter is decoded from Airtek model nomenclature.
Airtek Power,Airtek Power V.2024 - AC Axial Fans,R40A300S-92-00,Axial,Axial panel / ring,AC,300.0,,,,3150.0,,,2920.0,390.0,,,68.0,400.0,50,,Cold rolled steel,IP 54,F,Motor wiring speed regulation,-40~+65℃,,,,,Airtek Power Catalog (AC _ EC).pdf,314,Airtek V.2024 parsed - exact source page embedded,Original Airtek V.2024 PDF page 314. Published numeric Pa / m3/h / rpm / W curve-table points are stored separately when present. Nominal axial fan diameter is decoded from Airtek model nomenclature.
Airtek Power,Airtek Power V.2024 - AC Axial Fans,R23A300S-92-00,Axial,Axial panel / ring,AC,300.0,,,,2950.0,,,2740.0,417.0,,,65.0,230.0,50,,Cold rolled steel,IP 54,F,Motor wiring speed regulation,-40~+65℃,,,,,Airtek Power Catalog (AC _ EC).pdf,314,Airtek V.2024 parsed - exact source page embedded,Original Airtek V.2024 PDF page 314. Published numeric Pa / m3/h / rpm / W curve-table points are stored separately when present. Nominal axial fan diameter is decoded from Airtek model nomenclature.
Airtek Power,Airtek Power V.2024 - AC Axial Fans,G40A350S-92-00,Axial,Axial panel / ring,AC,350.0,,,,2863.0,,,1425.0,185.0,,,62.0,380.0,50,,Cold rolled steel,IP 54,F,Motor wiring speed regulation,-40~+65℃,,,,,Airtek Power Catalog (AC _ EC).pdf,315,Airtek V.2024 parsed - exact source page embedded,Original Airtek V.2024 PDF page 315. Published numeric Pa / m3/h / rpm / W curve-table points are stored separately when present. Nominal axial fan diameter is decoded from Airtek model nomenclature.
Airtek Power,Airtek Power V.2024 - AC Axial Fans,G23A350S-92-00,Axial,Axial panel / ring,AC,350.0,,,,2863.0,,,1425.0,185.0,,,62.0,230.0,50,,Cold rolled steel,IP 54,F,Motor wiring speed regulation,-40~+65℃,,,,,Airtek Power Catalog (AC _ EC).pdf,315,Airtek V.2024 parsed - exact source page embedded,Original Airtek V.2024 PDF page 315. Published numeric Pa / m3/h / rpm / W curve-table points are stored separately when present. Nominal axial fan diameter is decoded from Airtek model nomenclature.
Airtek Power,Airtek Power V.2024 - AC Axial Fans,G23A400S-102-00,Axial,Axial panel / ring,AC,400.0,,,,3768.0,,,1400.0,270.0,,,66.0,230.0,50,,Cold rolled steel,IP 54,F,Motor wiring speed regulation,-40~+65℃,,,,,Airtek Power Catalog (AC _ EC).pdf,316,Airtek V.2024 parsed - exact source page embedded,Original Airtek V.2024 PDF page 316. Published numeric Pa / m3/h / rpm / W curve-table points are stored separately when present. Nominal axial fan diameter is decoded from Airtek model nomenclature.
Airtek Power,Airtek Power V.2024 - AC Axial Fans,G38A450S-102-00,Axial,Axial panel / ring,AC,450.0,,,,5411.0,,,1398.0,479.0,,,63.0,380.0,50,,Cold rolled steel,IP 54,F,Motor wiring speed regulation,-40~+65℃,,,,,Airtek Power Catalog (AC _ EC).pdf,317,Airtek V.2024 parsed - exact source page embedded,Original Airtek V.2024 PDF page 317. Published numeric Pa / m3/h / rpm / W curve-table points are stored separately when present. Nominal axial fan diameter is decoded from Airtek model nomenclature.
Airtek Power,Airtek Power V.2024 - AC Axial Fans,G40A500S-102-00,Axial,Axial panel / ring,AC,500.0,,,,8080.0,,,1410.0,655.0,,,69.0,400.0,50,,Cold rolled steel,IP 54,F,Motor wiring speed regulation,-40~+65℃,,,,,Airtek Power Catalog (AC _ EC).pdf,318,Airtek V.2024 parsed - exact source page embedded,Multiple AC frequency/speed ratings are printed on the source page; 50 Hz is preferred as the database summary when available. Original Airtek V.2024 PDF page 318. Published numeric Pa / m3/h / rpm / W curve-table points are stored separately when present. Nominal axial fan diameter is decoded from Airtek model nomenclature.
Airtek Power,Airtek Power V.2024 - AC Axial Fans,G40A550S-138-00,Axial,Axial panel / ring,AC,550.0,,,,9540.0,,,1440.0,922.0,,,72.0,400.0,50,,Cold rolled steel,IP 54,F,Motor wiring speed regulation,-40~+65℃,,,,,Airtek Power Catalog (AC _ EC).pdf,319,Airtek V.2024 parsed - exact source page embedded,Multiple AC frequency/speed ratings are printed on the source page; 50 Hz is preferred as the database summary when available. Original Airtek V.2024 PDF page 319. Published numeric Pa / m3/h / rpm / W curve-table points are stored separately when present. Nominal axial fan diameter is decoded from Airtek model nomenclature.
Airtek Power,Airtek Power V.2024 - AC Axial Fans,S23A630S-155-00,Axial,Axial panel / ring,AC,630.0,,,,10500.0,,,925.0,785.0,,,67.0,230.0,50,,Cold rolled steel,IP 54,F,Motor wiring speed regulation,-40~+65℃,,,,,Airtek Power Catalog (AC _ EC).pdf,320,Airtek V.2024 parsed - exact source page embedded,Original Airtek V.2024 PDF page 320. Published numeric Pa / m3/h / rpm / W curve-table points are stored separately when present. Nominal axial fan diameter is decoded from Airtek model nomenclature.
Airtek Power,Airtek Power V.2024 - AC Axial Fans,G23A630S-155-00,Axial,Axial panel / ring,AC,630.0,,,,10500.0,,,925.0,785.0,,,67.0,230.0,50,,Cold rolled steel,IP 54,F,Motor wiring speed regulation,-40~+65℃,,,,,Airtek Power Catalog (AC _ EC).pdf,321,Airtek V.2024 parsed - exact source page embedded,Original Airtek V.2024 PDF page 321. Published numeric Pa / m3/h / rpm / W curve-table points are stored separately when present. Nominal axial fan diameter is decoded from Airtek model nomenclature.
Airtek Power,Airtek Power V.2024 - AC Axial Fans,S38A630S-155-00,Axial,Axial panel / ring,AC,630.0,,,,10500.0,,,925.0,785.0,,,67.0,380.0,50,,Cold rolled steel,IP 54,F,Motor wiring speed regulation,-40~+65℃,,,,,Airtek Power Catalog (AC _ EC).pdf,322,Airtek V.2024 parsed - exact source page embedded,Original Airtek V.2024 PDF page 322. Published numeric Pa / m3/h / rpm / W curve-table points are stored separately when present. Nominal axial fan diameter is decoded from Airtek model nomenclature.
Airtek Power,Airtek Power V.2024 - AC Axial Fans,G38A630S-155-00,Axial,Axial panel / ring,AC,630.0,,,,10500.0,,,925.0,785.0,,,67.0,380.0,50,,Cold rolled steel,IP 54,F,Motor wiring speed regulation,-40~+65℃,,,,,Airtek Power Catalog (AC _ EC).pdf,323,Airtek V.2024 parsed - exact source page embedded,Original Airtek V.2024 PDF page 323. Published numeric Pa / m3/h / rpm / W curve-table points are stored separately when present. Nominal axial fan diameter is decoded from Airtek model nomenclature.
Airtek Power,Airtek Power V.2024 - AC Axial Fans,G38A630S-188-00,Axial,Axial panel / ring,AC,630.0,,,,17933.0,,,1398.0,2550.0,,,76.0,380.0,50,,Cold rolled steel,IP 54,F,Motor wiring speed regulation,-40~+65℃,,,,,Airtek Power Catalog (AC _ EC).pdf,324,Airtek V.2024 parsed - exact source page embedded,Original Airtek V.2024 PDF page 324. Published numeric Pa / m3/h / rpm / W curve-table points are stored separately when present. Nominal axial fan diameter is decoded from Airtek model nomenclature.
Airtek Power,Airtek Power V.2024 - AC Axial Fans,S38A710S-155-00,Axial,Axial panel / ring,AC,710.0,,,,14500.0,,,880.0,775.0,,,71.0,380.0,50,,Cold rolled steel,IP 54,F,Motor wiring speed regulation,-40~+65℃,,,,,Airtek Power Catalog (AC _ EC).pdf,325,Airtek V.2024 parsed - exact source page embedded,Original Airtek V.2024 PDF page 325. Published numeric Pa / m3/h / rpm / W curve-table points are stored separately when present. Nominal axial fan diameter is decoded from Airtek model nomenclature.
Airtek Power,Airtek Power V.2024 - AC Axial Fans,G38A710S-155-00,Axial,Axial panel / ring,AC,710.0,,,,14500.0,,,880.0,775.0,,,71.0,380.0,50,,Cold rolled steel,IP 54,F,Motor wiring speed regulation,-40~+65℃,,,,,Airtek Power Catalog (AC _ EC).pdf,326,Airtek V.2024 parsed - exact source page embedded,Original Airtek V.2024 PDF page 326. Published numeric Pa / m3/h / rpm / W curve-table points are stored separately when present. Nominal axial fan diameter is decoded from Airtek model nomenclature.
Airtek Power,Airtek Power V.2024 - AC Axial Fans,S38A710S-155-01,Axial,Axial panel / ring,AC,710.0,,,,17000.0,,,960.0,980.0,,,72.0,380.0,50,,Cold rolled steel,IP 54,F,Motor wiring speed regulation,-40~+65℃,,,,,Airtek Power Catalog (AC _ EC).pdf,327,Airtek V.2024 parsed - exact source page embedded,Original Airtek V.2024 PDF page 327. Published numeric Pa / m3/h / rpm / W curve-table points are stored separately when present. Nominal axial fan diameter is decoded from Airtek model nomenclature.
Airtek Power,Airtek Power V.2024 - AC Axial Fans,G38A710S-155-01,Axial,Axial panel / ring,AC,710.0,,,,17000.0,,,960.0,980.0,,,72.0,380.0,50,,Cold rolled steel,IP 54,F,Motor wiring speed regulation,-40~+65℃,,,,,Airtek Power Catalog (AC _ EC).pdf,328,Airtek V.2024 parsed - exact source page embedded,Original Airtek V.2024 PDF page 328. Published numeric Pa / m3/h / rpm / W curve-table points are stored separately when present. Nominal axial fan diameter is decoded from Airtek model nomenclature.
Airtek Power,Airtek Power V.2024 - AC Axial Fans,S38A710S-180-01,Axial,Axial panel / ring,AC,710.0,,,,15090.0,,,940.0,920.0,,,72.0,380.0,50,,Cold rolled steel,IP 55,F,Motor wiring speed regulation,-40~+65℃,,,,,Airtek Power Catalog (AC _ EC).pdf,329,Airtek V.2024 parsed - exact source page embedded,Original Airtek V.2024 PDF page 329. Published numeric Pa / m3/h / rpm / W curve-table points are stored separately when present. Nominal axial fan diameter is decoded from Airtek model nomenclature.
Airtek Power,Airtek Power V.2024 - AC Axial Fans,S38A800S-225-00,Axial,Axial panel / ring,AC,800.0,,,,23300.0,,,920.0,2265.0,,,78.9,380.0,50,,Cold rolled steel,IP 54,F,Motor wiring speed regulation,-40~+65℃,,,,,Airtek Power Catalog (AC _ EC).pdf,330,Airtek V.2024 parsed - exact source page embedded,Original Airtek V.2024 PDF page 330. Published numeric Pa / m3/h / rpm / W curve-table points are stored separately when present. Nominal axial fan diameter is decoded from Airtek model nomenclature.
Airtek Power,Airtek Power V.2024 - AC Axial Fans,G38A800S-225-00,Axial,Axial panel / ring,AC,800.0,,,,23300.0,,,920.0,2265.0,,,78.9,380.0,50,,Cold rolled steel,IP 54,F,Motor wiring speed regulation,-40~+65℃,,,,,Airtek Power Catalog (AC _ EC).pdf,331,Airtek V.2024 parsed - exact source page embedded,Original Airtek V.2024 PDF page 331. Published numeric Pa / m3/h / rpm / W curve-table points are stored separately when present. Nominal axial fan diameter is decoded from Airtek model nomenclature.
Airtek Power,Airtek Power V.2024 - AC Axial Fans,G38A800S-225-01,Axial,Axial panel / ring,AC,800.0,,,,20778.0,,,1100.0,2530.0,,,75.0,380.0,50,,Cold rolled steel,IP 54,F,Motor wiring speed regulation,-40~+65℃,,,,,Airtek Power Catalog (AC _ EC).pdf,332,Airtek V.2024 parsed - exact source page embedded,Original Airtek V.2024 PDF page 332. Published numeric Pa / m3/h / rpm / W curve-table points are stored separately when present. Nominal axial fan diameter is decoded from Airtek model nomenclature.
Airtek Power,Airtek Power V.2024 - AC Axial Fans,S38A900S-225-00,Axial,Axial panel / ring,AC,900.0,,,,29945.0,,,930.0,2855.0,,,74.0,380.0,50,,Cold rolled steel,IP 54,F,10-50Hz,-25~+60℃,,,,,Airtek Power Catalog (AC _ EC).pdf,333,Airtek V.2024 parsed - exact source page embedded,Original Airtek V.2024 PDF page 333. Published numeric Pa / m3/h / rpm / W curve-table points are stored separately when present. Nominal axial fan diameter is decoded from Airtek model nomenclature.
Airtek Power,Airtek Power V.2024 - EC Duct Fans,D23E190D100-92-00,Duct fan,Inline duct,EC,190.0,,,,315.0,,,3200.0,80.0,,,72.0,220.0,50/60,,PA66+GF,IP 54,F,0-10VDC/PWM (Control input 4-20mA),-25~+60℃,,,,,Airtek Power Catalog (AC _ EC).pdf,335,Airtek V.2024 parsed - exact source page embedded,Original Airtek V.2024 PDF page 335. Published numeric Pa / m3/h / rpm / W curve-table points are stored separately when present. First diameter value is decoded from the Airtek duct-fan model code; verify the source drawing before manufacturing use.
Airtek Power,Airtek Power V.2024 - EC Duct Fans,D23E220D125-92-00,Duct fan,Inline duct,EC,220.0,,,,375.0,,,3400.0,85.0,,,69.0,220.0,50/60,,PA66+GF,IP 54,F,0-10VDC/PWM (Control input 4-20mA),-25~+60℃,,,,,Airtek Power Catalog (AC _ EC).pdf,336,Airtek V.2024 parsed - exact source page embedded,Original Airtek V.2024 PDF page 336. Published numeric Pa / m3/h / rpm / W curve-table points are stored separately when present. First diameter value is decoded from the Airtek duct-fan model code; verify the source drawing before manufacturing use.
Airtek Power,Airtek Power V.2024 - EC Duct Fans,D23E225D150-92-00,Duct fan,Inline duct,EC,225.0,,,,680.0,,,2650.0,85.0,,,65.0,220.0,50/60,,PA66+GF,IP 54,F,0-10VDC/PWM (Control input 4-20mA),-25~+60℃,,,,,Airtek Power Catalog (AC _ EC).pdf,337,Airtek V.2024 parsed - exact source page embedded,Original Airtek V.2024 PDF page 337. Published numeric Pa / m3/h / rpm / W curve-table points are stored separately when present. First diameter value is decoded from the Airtek duct-fan model code; verify the source drawing before manufacturing use.
Airtek Power,Airtek Power V.2024 - EC Duct Fans,D23E225D160-92-00,Duct fan,Inline duct,EC,225.0,,,,665.0,,,2750.0,85.0,,,68.0,220.0,50/60,,PA66+GF,IP 54,F,0-10VDC/PWM (Control input 4-20mA),-25~+60℃,,,,,Airtek Power Catalog (AC _ EC).pdf,338,Airtek V.2024 parsed - exact source page embedded,Original Airtek V.2024 PDF page 338. Published numeric Pa / m3/h / rpm / W curve-table points are stored separately when present. First diameter value is decoded from the Airtek duct-fan model code; verify the source drawing before manufacturing use.
Airtek Power,Airtek Power V.2024 - EC Duct Fans,D23E250D200-92-00,Duct fan,Inline duct,EC,250.0,,,,1190.0,,,2700.0,170.0,,,71.0,220.0,50/60,,PA66+GF,IP 54,F,0-10VDC/PWM (Control input 4-20mA),-25~+60℃,,,,,Airtek Power Catalog (AC _ EC).pdf,339,Airtek V.2024 parsed - exact source page embedded,Original Airtek V.2024 PDF page 339. Published numeric Pa / m3/h / rpm / W curve-table points are stored separately when present. First diameter value is decoded from the Airtek duct-fan model code; verify the source drawing before manufacturing use.
Airtek Power,Airtek Power V.2024 - EC Duct Fans,D23E250D250-92-00,Duct fan,Inline duct,EC,250.0,,,,1200.0,,,2700.0,170.0,,,72.0,220.0,50/60,,PA66+GF,IP 54,F,0-10VDC/PWM (Control input 4-20mA),-25~+60℃,,,,,Airtek Power Catalog (AC _ EC).pdf,340,Airtek V.2024 parsed - exact source page embedded,Original Airtek V.2024 PDF page 340. Published numeric Pa / m3/h / rpm / W curve-table points are stored separately when present. First diameter value is decoded from the Airtek duct-fan model code; verify the source drawing before manufacturing use.
Airtek Power,Airtek Power V.2024 - EC Duct Fans,D23E280D315-92-00,Duct fan,Inline duct,EC,280.0,,,,1780.0,,,2700.0,220.0,,,77.0,220.0,50/60,,Galvanized sheet steel,IP 54,F,0-10VDC/PWM (Control input 4-20mA),-25~+60℃,,,,,Airtek Power Catalog (AC _ EC).pdf,341,Airtek V.2024 parsed - exact source page embedded,Original Airtek V.2024 PDF page 341. Published numeric Pa / m3/h / rpm / W curve-table points are stored separately when present. First diameter value is decoded from the Airtek duct-fan model code; verify the source drawing before manufacturing use.
Airtek Power,Airtek Power V.2024 - AC Duct Fans,D23A190D100-92-00,Duct fan,Inline duct,AC,190.0,,,,235.0,,,2335.0,50.0,,,64.0,220.0,50,,Galvanized sheet steel,IP 54,F,Motor wiring speed regulation,-40~+65℃,,,,,Airtek Power Catalog (AC _ EC).pdf,343,Airtek V.2024 parsed - exact source page embedded,Original Airtek V.2024 PDF page 343. Published numeric Pa / m3/h / rpm / W curve-table points are stored separately when present. First diameter value is decoded from the Airtek duct-fan model code; verify the source drawing before manufacturing use.
Airtek Power,Airtek Power V.2024 - AC Duct Fans,D23A190D100-92-01,Duct fan,Inline duct,AC,190.0,,,,180.0,,,2095.0,44.0,,,58.0,220.0,50,,Galvanized sheet steel,IP 54,F,Motor wiring speed regulation,-40~+65℃,,,,,Airtek Power Catalog (AC _ EC).pdf,343,Airtek V.2024 parsed - exact source page embedded,Original Airtek V.2024 PDF page 343. Published numeric Pa / m3/h / rpm / W curve-table points are stored separately when present. First diameter value is decoded from the Airtek duct-fan model code; verify the source drawing before manufacturing use.
Airtek Power,Airtek Power V.2024 - AC Duct Fans,D23A190D125-92-00,Duct fan,Inline duct,AC,190.0,,,,325.0,,,2275.0,51.0,,,63.0,220.0,50,,Galvanized sheet steel,IP 54,F,Motor wiring speed regulation,-40~+65℃,,,,,Airtek Power Catalog (AC _ EC).pdf,344,Airtek V.2024 parsed - exact source page embedded,Original Airtek V.2024 PDF page 344. Published numeric Pa / m3/h / rpm / W curve-table points are stored separately when present. First diameter value is decoded from the Airtek duct-fan model code; verify the source drawing before manufacturing use.
Airtek Power,Airtek Power V.2024 - AC Duct Fans,D23A190D125-92-01,Duct fan,Inline duct,AC,190.0,,,,245.0,,,1720.0,44.0,,,56.0,220.0,50,,Galvanized sheet steel,IP 54,F,Motor wiring speed regulation,-40~+65℃,,,,,Airtek Power Catalog (AC _ EC).pdf,344,Airtek V.2024 parsed - exact source page embedded,Original Airtek V.2024 PDF page 344. Published numeric Pa / m3/h / rpm / W curve-table points are stored separately when present. First diameter value is decoded from the Airtek duct-fan model code; verify the source drawing before manufacturing use.
Airtek Power,Airtek Power V.2024 - AC Duct Fans,D23A225D150-92-00,Duct fan,Inline duct,AC,225.0,,,,465.0,,,2250.0,70.0,,,68.0,220.0,50,,Galvanized sheet steel,IP 54,F,Motor wiring speed regulation,-40~+65℃,,,,,Airtek Power Catalog (AC _ EC).pdf,345,Airtek V.2024 parsed - exact source page embedded,Original Airtek V.2024 PDF page 345. Published numeric Pa / m3/h / rpm / W curve-table points are stored separately when present. First diameter value is decoded from the Airtek duct-fan model code; verify the source drawing before manufacturing use.
Airtek Power,Airtek Power V.2024 - AC Duct Fans,D23A225D150-92-01,Duct fan,Inline duct,AC,225.0,,,,355.0,,,1730.0,60.0,,,62.0,220.0,50,,Galvanized sheet steel,IP 54,F,Motor wiring speed regulation,-40~+65℃,,,,,Airtek Power Catalog (AC _ EC).pdf,345,Airtek V.2024 parsed - exact source page embedded,Original Airtek V.2024 PDF page 345. Published numeric Pa / m3/h / rpm / W curve-table points are stored separately when present. First diameter value is decoded from the Airtek duct-fan model code; verify the source drawing before manufacturing use.
Airtek Power,Airtek Power V.2024 - AC Duct Fans,D23A225D160-92-00,Duct fan,Inline duct,AC,225.0,,,,495.0,,,2310.0,70.0,,,70.0,220.0,50,,Galvanized sheet steel,IP 54,F,Motor wiring speed regulation,-40~+65℃,,,,,Airtek Power Catalog (AC _ EC).pdf,346,Airtek V.2024 parsed - exact source page embedded,Original Airtek V.2024 PDF page 346. Published numeric Pa / m3/h / rpm / W curve-table points are stored separately when present. First diameter value is decoded from the Airtek duct-fan model code; verify the source drawing before manufacturing use.
Airtek Power,Airtek Power V.2024 - AC Duct Fans,D23A225D160-92-01,Duct fan,Inline duct,AC,225.0,,,,395.0,,,1850.0,60.0,,,65.0,220.0,50,,Galvanized sheet steel,IP 54,F,Motor wiring speed regulation,-40~+65℃,,,,,Airtek Power Catalog (AC _ EC).pdf,346,Airtek V.2024 parsed - exact source page embedded,Original Airtek V.2024 PDF page 346. Published numeric Pa / m3/h / rpm / W curve-table points are stored separately when present. First diameter value is decoded from the Airtek duct-fan model code; verify the source drawing before manufacturing use.
Airtek Power,Airtek Power V.2024 - AC Duct Fans,D23A250D200-92-00,Duct fan,Inline duct,AC,250.0,,,,920.0,,,2545.0,175.0,,,72.0,220.0,50,,Galvanized sheet steel,IP 54,F,Motor wiring speed regulation,-40~+65℃,,,,,Airtek Power Catalog (AC _ EC).pdf,347,Airtek V.2024 parsed - exact source page embedded,Original Airtek V.2024 PDF page 347. Published numeric Pa / m3/h / rpm / W curve-table points are stored separately when present. First diameter value is decoded from the Airtek duct-fan model code; verify the source drawing before manufacturing use.
Airtek Power,Airtek Power V.2024 - AC Duct Fans,D23A250D200-92-01,Duct fan,Inline duct,AC,250.0,,,,815.0,,,2255.0,175.0,,,70.0,220.0,50,,Galvanized sheet steel,IP 54,F,Motor wiring speed regulation,-40~+65℃,,,,,Airtek Power Catalog (AC _ EC).pdf,347,Airtek V.2024 parsed - exact source page embedded,Original Airtek V.2024 PDF page 347. Published numeric Pa / m3/h / rpm / W curve-table points are stored separately when present. First diameter value is decoded from the Airtek duct-fan model code; verify the source drawing before manufacturing use.
Airtek Power,Airtek Power V.2024 - AC Duct Fans,D23A250D250-92-00,Duct fan,Inline duct,AC,250.0,,,,920.0,,,2765.0,180.0,,,71.3,220.0,50,,Galvanized sheet steel,IP 54,F,Motor wiring speed regulation,-40~+65℃,,,,,Airtek Power Catalog (AC _ EC).pdf,348,Airtek V.2024 parsed - exact source page embedded,Original Airtek V.2024 PDF page 348. Published numeric Pa / m3/h / rpm / W curve-table points are stored separately when present. First diameter value is decoded from the Airtek duct-fan model code; verify the source drawing before manufacturing use.
Airtek Power,Airtek Power V.2024 - AC Duct Fans,D23A250D250-92-01,Duct fan,Inline duct,AC,250.0,,,,830.0,,,2495.0,170.0,,,69.7,220.0,50,,Galvanized sheet steel,IP 54,F,Motor wiring speed regulation,-40~+65℃,,,,,Airtek Power Catalog (AC _ EC).pdf,348,Airtek V.2024 parsed - exact source page embedded,Original Airtek V.2024 PDF page 348. Published numeric Pa / m3/h / rpm / W curve-table points are stored separately when present. First diameter value is decoded from the Airtek duct-fan model code; verify the source drawing before manufacturing use.
Airtek Power,Airtek Power V.2024 - AC Duct Fans,D23A280D315-92-00,Duct fan,Inline duct,AC,280.0,,,,1490.0,,,2415.0,255.0,,,73.0,220.0,50,,Galvanized sheet steel,IP 54,F,Motor wiring speed regulation,-40~+65℃,,,,,Airtek Power Catalog (AC _ EC).pdf,349,Airtek V.2024 parsed - exact source page embedded,Original Airtek V.2024 PDF page 349. Published numeric Pa / m3/h / rpm / W curve-table points are stored separately when present. First diameter value is decoded from the Airtek duct-fan model code; verify the source drawing before manufacturing use.
Airtek Power,Airtek Power V.2024 - AC Duct Fans,D23A280D315-92-01,Duct fan,Inline duct,AC,280.0,,,,1325.0,,,2190.0,235.0,,,71.3,220.0,50,,Galvanized sheet steel,IP 54,F,Motor wiring speed regulation,-40~+65℃,,,,,Airtek Power Catalog (AC _ EC).pdf,349,Airtek V.2024 parsed - exact source page embedded,Original Airtek V.2024 PDF page 349. Published numeric Pa / m3/h / rpm / W curve-table points are stored separately when present. First diameter value is decoded from the Airtek duct-fan model code; verify the source drawing before manufacturing use.
