model,curve_name,curve_kind,speed_rpm,control_setting,airflow_m3h,pressure_pa,power_w,efficiency_pct,noise_dba,source_file,source_page,point_status,notes
S3E-2A120-A7-01,Catalogue rated point,static_pressure,1850.0,Published row,580.0,250.0,35.0,,44.0,seemtek Forward Curved Centrifugal blower catalogue__Part_01_p001-020__Sub_02_p011-020.pdf,9,Catalogue extracted - review,"Published rated/summary point, not a full continuous curve."
S3E-2A120-A7-02,Catalogue rated point,static_pressure,2400.0,Published row,265.0,350.0,70.0,,66.0,seemtek Forward Curved Centrifugal blower catalogue__Part_01_p001-020__Sub_02_p011-020.pdf,10,Catalogue extracted - review,"Published rated/summary point, not a full continuous curve."
S3E-2A133-A7-01,Catalogue rated point,static_pressure,1700.0,Published row,650.0,268.0,45.0,,65.0,seemtek Forward Curved Centrifugal blower catalogue__Part_02_p021-040.pdf,1,Catalogue extracted - review,"Published rated/summary point, not a full continuous curve."
S3E-2A133-A7-02,Catalogue rated point,static_pressure,2100.0,Published row,310.0,310.0,65.0,,71.0,seemtek Forward Curved Centrifugal blower catalogue__Part_02_p021-040.pdf,2,Catalogue extracted - review,"Published rated/summary point, not a full continuous curve."
S3E-2A140-A7-01,Catalogue rated point,static_pressure,1250.0,Published row,500.0,310.0,30.0,,63.0,seemtek Forward Curved Centrifugal blower catalogue__Part_02_p021-040.pdf,3,Catalogue extracted - review,"Published rated/summary point, not a full continuous curve."
S3E-2A140-A7-02,Catalogue rated point,static_pressure,1800.0,Published row,460.0,450.0,80.0,,59.0,seemtek Forward Curved Centrifugal blower catalogue__Part_02_p021-040.pdf,4,Catalogue extracted - review,"Published rated/summary point, not a full continuous curve."
S3E-2A160-A7-01,Catalogue rated point,static_pressure,1500.0,Published row,630.0,420.0,80.0,,52.0,seemtek Forward Curved Centrifugal blower catalogue__Part_02_p021-040.pdf,5,Catalogue extracted - review,"Published rated/summary point, not a full continuous curve."
S3E-2A160-A7-02,Catalogue rated point,static_pressure,1900.0,Published row,835.0,512.0,120.0,,65.0,seemtek Forward Curved Centrifugal blower catalogue__Part_02_p021-040.pdf,6,Catalogue extracted - review,"Published rated/summary point, not a full continuous curve."
S3E-2A160-A7-03,Catalogue rated point,static_pressure,1750.0,Published row,900.0,490.0,100.0,,64.0,seemtek Forward Curved Centrifugal blower catalogue__Part_02_p021-040.pdf,7,Catalogue extracted - review,"Published rated/summary point, not a full continuous curve."
S3E-2A160-A9-04,Catalogue rated point,static_pressure,1900.0,Published row,610.0,516.0,110.0,,66.0,seemtek Forward Curved Centrifugal blower catalogue__Part_02_p021-040.pdf,8,Catalogue extracted - review,"Published rated/summary point, not a full continuous curve."
S3E-2A160-A9-05,Catalogue rated point,static_pressure,2150.0,Published row,620.0,600.0,150.0,,67.0,seemtek Forward Curved Centrifugal blower catalogue__Part_02_p021-040.pdf,9,Catalogue extracted - review,"Published rated/summary point, not a full continuous curve."
S3E-2A180-A9-01,Catalogue rated point,static_pressure,1200.0,Published row,700.0,600.0,90.0,,59.0,seemtek Forward Curved Centrifugal blower catalogue__Part_02_p021-040.pdf,10,Catalogue extracted - review,"Published rated/summary point, not a full continuous curve."
S3E-2A180-A9-02,Catalogue rated point,static_pressure,1600.0,Published row,680.0,740.0,180.0,,64.0,seemtek Forward Curved Centrifugal blower catalogue__Part_02_p021-040.pdf,11,Catalogue extracted - review,"Published rated/summary point, not a full continuous curve."
S3E-2A180-A2-03,Catalogue rated point,static_pressure,1600.0,Published row,950.0,1250.0,300.0,,74.0,seemtek Forward Curved Centrifugal blower catalogue__Part_02_p021-040.pdf,12,Catalogue extracted - review,"Published rated/summary point, not a full continuous curve."
S3E-2A200-A2-01,Catalogue rated point,static_pressure,1400.0,Published row,820.0,1380.0,280.0,,64.0,seemtek Forward Curved Centrifugal blower catalogue__Part_02_p021-040.pdf,13,Catalogue extracted - review,"Published rated/summary point, not a full continuous curve."
S3E-2A225-A2-01,Catalogue rated point,static_pressure,1250.0,Published row,980.0,1710.0,400.0,,69.0,seemtek Forward Curved Centrifugal blower catalogue__Part_02_p021-040.pdf,14,Catalogue extracted - review,"Published rated/summary point, not a full continuous curve."
S3E-2A250-A2-01,Catalogue rated point,static_pressure,950.0,Published row,985.0,1915.0,330.0,,69.0,seemtek Forward Curved Centrifugal blower catalogue__Part_02_p021-040.pdf,15,Catalogue extracted - review,"Published rated/summary point, not a full continuous curve."
S3E-3A280-A3-01,Catalogue rated point,static_pressure,1150.0,Published row,650.0,3000.0,950.0,,79.0,seemtek Forward Curved Centrifugal blower catalogue__Part_02_p021-040.pdf,16,Catalogue extracted - review,"Published rated/summary point, not a full continuous curve."
D3E-2A120-A7-01,Catalogue rated point,static_pressure,1900.0,Published row,260.0,420.0,70.0,,59.0,seemtek Forward Curved Centrifugal blower catalogue__Part_02_p021-040.pdf,18,Catalogue extracted - review,"Published rated/summary point, not a full continuous curve."
D3E-2A133-A7-01,Catalogue rated point,static_pressure,1500.0,Published row,250.0,585.0,80.0,,59.0,seemtek Forward Curved Centrifugal blower catalogue__Part_02_p021-040.pdf,19,Catalogue extracted - review,"Published rated/summary point, not a full continuous curve."
D3E-2A133-A9-02,Catalogue rated point,static_pressure,1700.0,Published row,320.0,660.0,115.0,,60.0,seemtek Forward Curved Centrifugal blower catalogue__Part_02_p021-040.pdf,20,Catalogue extracted - review,"Published rated/summary point, not a full continuous curve."
D3E-2A146-A9-01,Catalogue rated point,static_pressure,1300.0,Published row,520.0,830.0,80.0,,61.0,seemtek Forward Curved Centrifugal blower catalogue__Part_03_p041-060.pdf,1,Catalogue extracted - review,"Published rated/summary point, not a full continuous curve."
D3E-2A146-A9-02,Catalogue rated point,static_pressure,1700.0,Published row,640.0,1110.0,165.0,,65.0,seemtek Forward Curved Centrifugal blower catalogue__Part_03_p041-060.pdf,2,Catalogue extracted - review,"Published rated/summary point, not a full continuous curve."
D3E-2A160-A9-01,Catalogue rated point,static_pressure,1150.0,Published row,815.0,1270.0,120.0,,60.0,seemtek Forward Curved Centrifugal blower catalogue__Part_03_p041-060.pdf,3,Catalogue extracted - review,"Published rated/summary point, not a full continuous curve."
D3E-2A160-A9-02,Catalogue rated point,static_pressure,1500.0,Published row,780.0,1620.0,260.0,,70.0,seemtek Forward Curved Centrifugal blower catalogue__Part_03_p041-060.pdf,4,Catalogue extracted - review,"Published rated/summary point, not a full continuous curve."
D3E-2A180-A2-01,Catalogue rated point,static_pressure,1550.0,Published row,720.0,1980.0,400.0,,74.0,seemtek Forward Curved Centrifugal blower catalogue__Part_03_p041-060.pdf,5,Catalogue extracted - review,"Published rated/summary point, not a full continuous curve."
D3E-2A200-A2-01,Catalogue rated point,static_pressure,1150.0,Published row,1000.0,2000.0,300.0,,64.0,seemtek Forward Curved Centrifugal blower catalogue__Part_03_p041-060.pdf,6,Catalogue extracted - review,"Published rated/summary point, not a full continuous curve."
D3E-2A225-A3-01,Catalogue rated point,static_pressure,1250.0,Published row,360.0,3400.0,750.0,,77.0,seemtek Forward Curved Centrifugal blower catalogue__Part_03_p041-060.pdf,7,Catalogue extracted - review,"Published rated/summary point, not a full continuous curve."
D3E-3A225-A3-02,Catalogue rated point,static_pressure,1450.0,Published row,560.0,3500.0,1050.0,,78.0,seemtek Forward Curved Centrifugal blower catalogue__Part_03_p041-060.pdf,8,Catalogue extracted - review,"Published rated/summary point, not a full continuous curve."
D3E-2A250-A3-01,Catalogue rated point,static_pressure,960.0,Published row,470.0,3940.0,750.0,,75.0,seemtek Forward Curved Centrifugal blower catalogue__Part_03_p041-060.pdf,9,Catalogue extracted - review,"Published rated/summary point, not a full continuous curve."
D3E-3A250-A3-02,Catalogue rated point,static_pressure,920.0,Published row,725.0,3640.0,655.0,,74.0,seemtek Forward Curved Centrifugal blower catalogue__Part_03_p041-060.pdf,10,Catalogue extracted - review,"Published rated/summary point, not a full continuous curve."
D3E-2A280-A3-01,Catalogue rated point,static_pressure,820.0,Published row,575.0,4300.0,750.0,,74.0,seemtek Forward Curved Centrifugal blower catalogue__Part_03_p041-060.pdf,11,Catalogue extracted - review,"Published rated/summary point, not a full continuous curve."
D3E-3A280-A3-02,Catalogue rated point,static_pressure,800.0,Published row,890.0,4060.0,600.0,,72.0,seemtek Forward Curved Centrifugal blower catalogue__Part_03_p041-060.pdf,12,Catalogue extracted - review,"Published rated/summary point, not a full continuous curve."
D3E-3A315-A8-01,Catalogue rated point,static_pressure,1070.0,Published row,765.0,8500.0,2400.0,,81.0,seemtek Forward Curved Centrifugal blower catalogue__Part_03_p041-060.pdf,13,Catalogue extracted - review,"Published rated/summary point, not a full continuous curve."
D3E-3A355-A8-01,Catalogue rated point,static_pressure,760.0,Published row,1080.0,8550.0,1700.0,,81.0,seemtek Forward Curved Centrifugal blower catalogue__Part_03_p041-060.pdf,14,Catalogue extracted - review,"Published rated/summary point, not a full continuous curve."
D3E-3A400-A8-01,Catalogue rated point,static_pressure,735.0,Published row,1060.0,10000.0,2000.0,,80.0,seemtek Forward Curved Centrifugal blower catalogue__Part_03_p041-060.pdf,15,Catalogue extracted - review,"Published rated/summary point, not a full continuous curve."
S3D-48120-A7-01,Catalogue rated point,static_pressure,2400.0,Published row,300.0,360.0,95.0,,60.0,seemtek Forward Curved Centrifugal blower catalogue__Part_03_p041-060.pdf,17,Catalogue extracted - review,"Published rated/summary point, not a full continuous curve."
S3D-24120-A7-02,Catalogue rated point,static_pressure,2400.0,Published row,330.0,350.0,95.0,,60.0,seemtek Forward Curved Centrifugal blower catalogue__Part_03_p041-060.pdf,18,Catalogue extracted - review,"Published rated/summary point, not a full continuous curve."
S3D-3D120-A7-03,Catalogue rated point,static_pressure,2200.0,Published row,240.0,310.0,65.0,,57.0,seemtek Forward Curved Centrifugal blower catalogue__Part_03_p041-060.pdf,19,Catalogue extracted - review,"Published rated/summary point, not a full continuous curve."
S3D-48133-A7-01,Catalogue rated point,static_pressure,2040.0,Published row,250.0,310.0,60.0,,63.0,seemtek Forward Curved Centrifugal blower catalogue__Part_03_p041-060.pdf,20,Catalogue extracted - review,"Published rated/summary point, not a full continuous curve."
S3D-24133-A7-02,Catalogue rated point,static_pressure,2150.0,Published row,390.0,340.0,85.0,,63.0,seemtek Forward Curved Centrifugal blower catalogue__Part_04_p061-080.pdf,1,Catalogue extracted - review,"Published rated/summary point, not a full continuous curve."
S3D-3D133-A7-03,Catalogue rated point,static_pressure,2100.0,Published row,310.0,310.0,65.0,,59.0,seemtek Forward Curved Centrifugal blower catalogue__Part_04_p061-080.pdf,2,Catalogue extracted - review,"Published rated/summary point, not a full continuous curve."
S3D-48140-A7-01,Catalogue rated point,static_pressure,1800.0,Published row,385.0,450.0,80.0,,65.0,seemtek Forward Curved Centrifugal blower catalogue__Part_04_p061-080.pdf,3,Catalogue extracted - review,"Published rated/summary point, not a full continuous curve."
S3D-24140-A7-02,Catalogue rated point,static_pressure,1700.0,Published row,430.0,430.0,75.0,,61.0,seemtek Forward Curved Centrifugal blower catalogue__Part_04_p061-080.pdf,4,Catalogue extracted - review,"Published rated/summary point, not a full continuous curve."
S3D-3D140-A7-03,Catalogue rated point,static_pressure,1800.0,Published row,430.0,430.0,80.0,,71.0,seemtek Forward Curved Centrifugal blower catalogue__Part_04_p061-080.pdf,5,Catalogue extracted - review,"Published rated/summary point, not a full continuous curve."
S3D-24160-A7-01,Catalogue rated point,static_pressure,1450.0,Published row,500.0,450.0,65.0,,57.0,seemtek Forward Curved Centrifugal blower catalogue__Part_04_p061-080.pdf,6,Catalogue extracted - review,"Published rated/summary point, not a full continuous curve."
S3D-3D160-A7-02,Catalogue rated point,static_pressure,1600.0,Published row,620.0,420.0,80.0,,61.0,seemtek Forward Curved Centrifugal blower catalogue__Part_04_p061-080.pdf,7,Catalogue extracted - review,"Published rated/summary point, not a full continuous curve."
S3D-3D160-A7-03,Catalogue rated point,static_pressure,1900.0,Published row,810.0,500.0,120.0,,65.0,seemtek Forward Curved Centrifugal blower catalogue__Part_04_p061-080.pdf,8,Catalogue extracted - review,"Published rated/summary point, not a full continuous curve."
S3D-48160-A9-04,Catalogue rated point,static_pressure,1950.0,Published row,630.0,530.0,105.0,,62.0,seemtek Forward Curved Centrifugal blower catalogue__Part_04_p061-080.pdf,9,Catalogue extracted - review,"Published rated/summary point, not a full continuous curve."
S3D-24160-A9-05,Catalogue rated point,static_pressure,2050.0,Published row,505.0,580.0,145.0,,67.0,seemtek Forward Curved Centrifugal blower catalogue__Part_04_p061-080.pdf,10,Catalogue extracted - review,"Published rated/summary point, not a full continuous curve."
S3D-3D160-A9-06,Catalogue rated point,static_pressure,2400.0,Published row,580.0,660.0,220.0,,66.0,seemtek Forward Curved Centrifugal blower catalogue__Part_04_p061-080.pdf,11,Catalogue extracted - review,"Published rated/summary point, not a full continuous curve."
S3D-48180-A9-01,Catalogue rated point,static_pressure,1250.0,Published row,600.0,600.0,90.0,,67.0,seemtek Forward Curved Centrifugal blower catalogue__Part_04_p061-080.pdf,12,Catalogue extracted - review,"Published rated/summary point, not a full continuous curve."
S3D-24180-A9-02,Catalogue rated point,static_pressure,1250.0,Published row,600.0,620.0,90.0,,67.0,seemtek Forward Curved Centrifugal blower catalogue__Part_04_p061-080.pdf,13,Catalogue extracted - review,"Published rated/summary point, not a full continuous curve."
S3D-3D180-A9-03,Catalogue rated point,static_pressure,1600.0,Published row,680.0,740.0,180.0,,65.0,seemtek Forward Curved Centrifugal blower catalogue__Part_04_p061-080.pdf,14,Catalogue extracted - review,"Published rated/summary point, not a full continuous curve."
D3D-24133-A9-01,Catalogue rated point,static_pressure,1600.0,Published row,320.0,660.0,80.0,,64.0,seemtek Forward Curved Centrifugal blower catalogue__Part_04_p061-080.pdf,16,Catalogue extracted - review,"Published rated/summary point, not a full continuous curve."
D3D-48133-A9-02,Catalogue rated point,static_pressure,1600.0,Published row,320.0,660.0,80.0,,64.0,seemtek Forward Curved Centrifugal blower catalogue__Part_04_p061-080.pdf,17,Catalogue extracted - review,"Published rated/summary point, not a full continuous curve."
D3D-3D133-A9-03,Catalogue rated point,static_pressure,1950.0,Published row,400.0,800.0,160.0,,69.0,seemtek Forward Curved Centrifugal blower catalogue__Part_04_p061-080.pdf,18,Catalogue extracted - review,"Published rated/summary point, not a full continuous curve."
D3D-24146-A9-01,Catalogue rated point,static_pressure,1400.0,Published row,290.0,870.0,110.0,,61.0,seemtek Forward Curved Centrifugal blower catalogue__Part_04_p061-080.pdf,19,Catalogue extracted - review,"Published rated/summary point, not a full continuous curve."
D3D-48146-A9-02,Catalogue rated point,static_pressure,1400.0,Published row,290.0,870.0,110.0,,61.0,seemtek Forward Curved Centrifugal blower catalogue__Part_04_p061-080.pdf,20,Catalogue extracted - review,"Published rated/summary point, not a full continuous curve."
D3D-3D146-A9-03,Catalogue rated point,static_pressure,1650.0,Published row,505.0,1080.0,180.0,,67.0,seemtek Forward Curved Centrifugal blower catalogue__Part_05_p081-091.pdf,1,Catalogue extracted - review,"Published rated/summary point, not a full continuous curve."
D3D-3D160-A9-01,Catalogue rated point,static_pressure,1100.0,Published row,740.0,1100.0,100.0,,57.0,seemtek Forward Curved Centrifugal blower catalogue__Part_05_p081-091.pdf,2,Catalogue extracted - review,"Published rated/summary point, not a full continuous curve."
D3D-3D160-A9-02,Catalogue rated point,static_pressure,1250.0,Published row,770.0,1290.0,135.0,,59.0,seemtek Forward Curved Centrifugal blower catalogue__Part_05_p081-091.pdf,3,Catalogue extracted - review,"Published rated/summary point, not a full continuous curve."
D3D-3D180-A2-01,Catalogue rated point,static_pressure,1150.0,Published row,830.0,1630.0,200.0,,71.0,seemtek Forward Curved Centrifugal blower catalogue__Part_05_p081-091.pdf,4,Catalogue extracted - review,"Published rated/summary point, not a full continuous curve."
LWFA225,Catalogue operating row,static_pressure,-0.0,Published row,-20.0,-0.0,120.0,,0.0,AC Forward Centrifugal Fan longwell.pdf,4,Catalogue extracted - review,Published operating row.
LWFA355,Catalogue operating row,static_pressure,0.0,Published row,-20.0,-0.0,-20.0,,6.0,AC Forward Centrifugal Fan longwell.pdf,4,Catalogue extracted - review,Published operating row.
LWFA450,Catalogue operating row,static_pressure,-40.0,Published row,-0.0,4.0,-0.0,,-45.0,AC Forward Centrifugal Fan longwell.pdf,4,Catalogue extracted - review,Published operating row.
LWFA2E108-072NS-01,Catalogue operating row,static_pressure,155.0,Published row,185.0,53.0,30.0,,1.0,AC Forward Centrifugal Fan longwell.pdf,6,Catalogue extracted - review,Published operating row.
LWFA2E120-092NS-01,Catalogue operating row,static_pressure,2550.0,Published row,206.0,278.0,50.0,,51.0,AC Forward Centrifugal Fan longwell.pdf,6,Catalogue extracted - review,Published operating row.
LWFA2E120-092NS-02,Catalogue operating row,static_pressure,2800.0,Published row,216.0,391.0,63.0,,53.0,AC Forward Centrifugal Fan longwell.pdf,6,Catalogue extracted - review,Published operating row.
LWFA2E133-092NS-01,Catalogue operating row,static_pressure,2300.0,Published row,299.0,361.0,83.0,,61.0,AC Forward Centrifugal Fan longwell.pdf,7,Catalogue extracted - review,Published operating row.
LWFA2E140-092NS-01,Catalogue operating row,static_pressure,1600.0,Published row,335.0,330.0,100.0,,52.0,AC Forward Centrifugal Fan longwell.pdf,7,Catalogue extracted - review,Published operating row.
LWFA2E133-092NS-02,Catalogue operating row,static_pressure,2350.0,Published row,278.0,464.0,95.0,,63.0,AC Forward Centrifugal Fan longwell.pdf,7,Catalogue extracted - review,Published operating row.
LWFA2E140-092NS-02,Catalogue operating row,static_pressure,1500.0,Published row,314.0,484.0,110.0,,58.0,AC Forward Centrifugal Fan longwell.pdf,7,Catalogue extracted - review,Published operating row.
LWFA-150,Catalogue operating row,static_pressure,-30.0,Published row,60.0,100.0,-30.0,,0.42,AC Forward Centrifugal Fan longwell.pdf,8,Catalogue extracted - review,Published operating row.
LWFA2E150-092NS-01,Catalogue operating row,static_pressure,2600.0,Published row,551.0,464.0,135.0,,67.0,AC Forward Centrifugal Fan longwell.pdf,8,Catalogue extracted - review,Published operating row.
LWFA2E140-092NS-03,Catalogue operating row,static_pressure,1200.0,Published row,247.0,340.0,65.0,,40.0,AC Forward Centrifugal Fan longwell.pdf,8,Catalogue extracted - review,Published operating row.
LWFA2E150-092NS-02,Catalogue operating row,static_pressure,2850.0,Published row,500.0,649.0,180.0,,71.0,AC Forward Centrifugal Fan longwell.pdf,8,Catalogue extracted - review,Published operating row.
LWFA2E160-092NS-01,Catalogue operating row,static_pressure,1800.0,Published row,525.0,556.0,230.0,,69.0,AC Forward Centrifugal Fan longwell.pdf,9,Catalogue extracted - review,Published operating row.
LWFA4E180-092NS-01,Catalogue operating row,static_pressure,1450.0,Published row,773.0,196.0,85.0,,69.0,AC Forward Centrifugal Fan longwell.pdf,9,Catalogue extracted - review,Published operating row.
LWFA4E160-092NS-02,Catalogue operating row,static_pressure,1400.0,Published row,412.0,155.0,68.0,,58.0,AC Forward Centrifugal Fan longwell.pdf,9,Catalogue extracted - review,Published operating row.
LWFA4D200-102NT-01,Catalogue operating row,static_pressure,1270.0,Published row,1236.0,227.0,330.0,,59.0,AC Forward Centrifugal Fan longwell.pdf,10,Catalogue extracted - review,Published operating row.
LWFA4D225-138NT-01,Catalogue operating row,static_pressure,1300.0,Published row,1648.0,288.0,490.0,,65.0,AC Forward Centrifugal Fan longwell.pdf,10,Catalogue extracted - review,Published operating row.
LWFA4E200-102NS-02,Catalogue operating row,static_pressure,1280.0,Published row,1236.0,227.0,330.0,,59.0,AC Forward Centrifugal Fan longwell.pdf,10,Catalogue extracted - review,Published operating row.
LWFA4E225-138NS-02,Catalogue operating row,static_pressure,1320.0,Published row,1761.0,288.0,510.0,,65.0,AC Forward Centrifugal Fan longwell.pdf,10,Catalogue extracted - review,Published operating row.
LWFA6D225-138NT-03,Catalogue operating row,static_pressure,930.0,Published row,1339.0,237.0,300.0,,59.0,AC Forward Centrifugal Fan longwell.pdf,10,Catalogue extracted - review,Published operating row.
LWFA4D250-138NT-01,Catalogue operating row,static_pressure,1400.0,Published row,2369.0,407.0,870.0,,72.0,AC Forward Centrifugal Fan longwell.pdf,11,Catalogue extracted - review,Published operating row.
LWFA4D280-188NT-01,Catalogue operating row,static_pressure,1360.0,Published row,3502.0,464.0,1700.0,,77.0,AC Forward Centrifugal Fan longwell.pdf,11,Catalogue extracted - review,Published operating row.
LWFA4E250-138NS-02,Catalogue operating row,static_pressure,1330.0,Published row,2575.0,402.0,900.0,,72.0,AC Forward Centrifugal Fan longwell.pdf,11,Catalogue extracted - review,Published operating row.
LWFA4E280-188NS-02,Catalogue operating row,static_pressure,1360.0,Published row,2884.0,391.0,1600.0,,77.0,AC Forward Centrifugal Fan longwell.pdf,11,Catalogue extracted - review,Published operating row.
LWFA6D250-102NT-03,Catalogue operating row,static_pressure,910.0,Published row,1751.0,165.0,320.0,,62.0,AC Forward Centrifugal Fan longwell.pdf,11,Catalogue extracted - review,Published operating row.
LWFA6D280-138NT-03,Catalogue operating row,static_pressure,900.0,Published row,2318.0,247.0,450.0,,65.0,AC Forward Centrifugal Fan longwell.pdf,11,Catalogue extracted - review,Published operating row.
LWFA6E250-102NS-04,Catalogue operating row,static_pressure,900.0,Published row,1751.0,165.0,320.0,,62.0,AC Forward Centrifugal Fan longwell.pdf,11,Catalogue extracted - review,Published operating row.
LWFA6E280-138NS-04,Catalogue operating row,static_pressure,900.0,Published row,2318.0,247.0,450.0,,65.0,AC Forward Centrifugal Fan longwell.pdf,11,Catalogue extracted - review,Published operating row.
LWFA4D315-188NT-01,Catalogue operating row,static_pressure,1360.0,Published row,4326.0,577.0,2200.0,,80.0,AC Forward Centrifugal Fan longwell.pdf,12,Catalogue extracted - review,Published operating row.
LWFA4D355-188NT-01,Catalogue operating row,static_pressure,1340.0,Published row,5665.0,906.0,3500.0,,80.0,AC Forward Centrifugal Fan longwell.pdf,12,Catalogue extracted - review,Published operating row.
LWFA4E315-188NS-02,Catalogue operating row,static_pressure,1360.0,Published row,4429.0,618.0,2300.0,,80.0,AC Forward Centrifugal Fan longwell.pdf,12,Catalogue extracted - review,Published operating row.
LWFA6D355-188NT-02,Catalogue operating row,static_pressure,900.0,Published row,4172.0,412.0,1150.0,,70.0,AC Forward Centrifugal Fan longwell.pdf,12,Catalogue extracted - review,Published operating row.
LWFA6D315-138NT-03,Catalogue operating row,static_pressure,940.0,Published row,2987.0,249.0,780.0,,68.0,AC Forward Centrifugal Fan longwell.pdf,12,Catalogue extracted - review,Published operating row.
LWFA6E315-138NS-04,Catalogue operating row,static_pressure,870.0,Published row,3605.0,249.0,720.0,,68.0,AC Forward Centrifugal Fan longwell.pdf,12,Catalogue extracted - review,Published operating row.
LWFA4D400-188NT-01,Catalogue operating row,static_pressure,1400.0,Published row,6695.0,1030.0,4800.0,,82.0,AC Forward Centrifugal Fan longwell.pdf,13,Catalogue extracted - review,Published operating row.
LWFA6D450-188NT-01,Catalogue operating row,static_pressure,930.0,Published row,7725.0,639.0,3500.0,,74.0,AC Forward Centrifugal Fan longwell.pdf,13,Catalogue extracted - review,Published operating row.
LWFA6D400-188NT-02,Catalogue operating row,static_pressure,870.0,Published row,7313.0,541.0,2800.0,,74.0,AC Forward Centrifugal Fan longwell.pdf,13,Catalogue extracted - review,Published operating row.
LWFA8D450-188NT-02,Catalogue operating row,static_pressure,680.0,Published row,7416.0,371.0,2000.0,,68.0,AC Forward Centrifugal Fan longwell.pdf,13,Catalogue extracted - review,Published operating row.
LWFA8D400-188NT-03,Catalogue operating row,static_pressure,700.0,Published row,5974.0,345.0,1700.0,,65.0,AC Forward Centrifugal Fan longwell.pdf,13,Catalogue extracted - review,Published operating row.
LWFA6D500-188NT-01,Catalogue operating row,static_pressure,900.0,Published row,9064.0,917.0,4400.0,,75.0,AC Forward Centrifugal Fan longwell.pdf,14,Catalogue extracted - review,Published operating row.
LWFE3G120-072DS-01,Catalogue operating row,static_pressure,0.55,Published row,1900.0,433.0,60.0,,263.0,EC Dual Inlet Forward Centrifugal Blower longwell.pdf,6,Catalogue extracted - review,Published catalogue operating row.
LWFE3G133-072DS-01,Catalogue operating row,static_pressure,0.8,Published row,1750.0,773.0,60.0,,288.0,EC Dual Inlet Forward Centrifugal Blower longwell.pdf,6,Catalogue extracted - review,Published catalogue operating row.
LWFE3G133-072DS-02,Catalogue operating row,static_pressure,0.95,Published row,1450.0,979.0,60.0,,484.0,EC Dual Inlet Forward Centrifugal Blower longwell.pdf,7,Catalogue extracted - review,Published catalogue operating row.
LWFE3G133-092DS-03,Catalogue operating row,static_pressure,0.6,Published row,1550.0,690.0,60.0,,330.0,EC Dual Inlet Forward Centrifugal Blower longwell.pdf,7,Catalogue extracted - review,Published catalogue operating row.
LWFE3G146-072DS-01,Catalogue operating row,static_pressure,0.95,Published row,1350.0,989.0,60.0,,474.0,EC Dual Inlet Forward Centrifugal Blower longwell.pdf,8,Catalogue extracted - review,Published catalogue operating row.
LWFE3G146-092DS-02,Catalogue operating row,static_pressure,0.6,Published row,1300.0,855.0,60.0,,536.0,EC Dual Inlet Forward Centrifugal Blower longwell.pdf,8,Catalogue extracted - review,Published catalogue operating row.
LWFE3G146-092DS-03,Catalogue operating row,static_pressure,0.8,Published row,1450.0,1009.0,60.0,,670.0,EC Dual Inlet Forward Centrifugal Blower longwell.pdf,9,Catalogue extracted - review,Published catalogue operating row.
LWFE3G180-102DS-01,Catalogue operating row,static_pressure,1.9,Published row,1550.0,2060.0,60.0,,742.0,EC Dual Inlet Forward Centrifugal Blower longwell.pdf,9,Catalogue extracted - review,Published catalogue operating row.
LWFE3G180-092DS-02,Catalogue operating row,static_pressure,1.22,Published row,1090.0,1730.0,60.0,,247.0,EC Dual Inlet Forward Centrifugal Blower longwell.pdf,10,Catalogue extracted - review,Published catalogue operating row.
LWFE3G200-102DS-01,Catalogue operating row,static_pressure,1.36,Published row,1150.0,2060.0,60.0,,1030.0,EC Dual Inlet Forward Centrifugal Blower longwell.pdf,10,Catalogue extracted - review,Published catalogue operating row.
LWFE3G200-102DS-02,Catalogue operating row,static_pressure,1.55,Published row,1300.0,2575.0,60.0,,464.0,EC Dual Inlet Forward Centrifugal Blower longwell.pdf,11,Catalogue extracted - review,Published catalogue operating row.
LWFE3G225-138DS-01,Catalogue operating row,static_pressure,1.8,Published row,1450.0,3605.0,60.0,,577.0,EC Dual Inlet Forward Centrifugal Blower longwell.pdf,11,Catalogue extracted - review,Published catalogue operating row.
LWFE3G225-102DS-02,Catalogue operating row,static_pressure,1.75,Published row,1300.0,3039.0,60.0,,484.0,EC Dual Inlet Forward Centrifugal Blower longwell.pdf,12,Catalogue extracted - review,Published catalogue operating row.
LWFE3G225-138DS-03,Catalogue operating row,static_pressure,3.5,Published row,1250.0,3502.0,60.0,,371.0,EC Dual Inlet Forward Centrifugal Blower longwell.pdf,12,Catalogue extracted - review,Published catalogue operating row.
LWFE3G250-138DS-01,Catalogue operating row,static_pressure,1.2,Published row,920.0,3811.0,60.0,,742.0,EC Dual Inlet Forward Centrifugal Blower longwell.pdf,13,Catalogue extracted - review,Published catalogue operating row.
LWFE3G250-138DS-02,Catalogue operating row,static_pressure,3.5,Published row,960.0,4058.0,60.0,,479.0,EC Dual Inlet Forward Centrifugal Blower longwell.pdf,13,Catalogue extracted - review,Published catalogue operating row.
LWFE3G280-138DS-01,Catalogue operating row,static_pressure,1.1,Published row,800.0,4223.0,60.0,,917.0,EC Dual Inlet Forward Centrifugal Blower longwell.pdf,14,Catalogue extracted - review,Published catalogue operating row.
LWFE3G280-138DS-02,Catalogue operating row,static_pressure,3.5,Published row,820.0,4422.0,60.0,,592.0,EC Dual Inlet Forward Centrifugal Blower longwell.pdf,14,Catalogue extracted - review,Published catalogue operating row.
LWFE3G315-188DS-01,Catalogue operating row,static_pressure,4.0,Published row,1070.0,8732.0,60.0,,783.0,EC Dual Inlet Forward Centrifugal Blower longwell.pdf,15,Catalogue extracted - review,Published catalogue operating row.
LWFE3G355-188DS-01,Catalogue operating row,static_pressure,3.0,Published row,760.0,8799.0,60.0,,1102.0,EC Dual Inlet Forward Centrifugal Blower longwell.pdf,15,Catalogue extracted - review,Published catalogue operating row.
LWFE3G146-072DS-04,Catalogue operating row,static_pressure,0.85,Published row,2400.0,752.0,60.0,,567.0,EC Dual Inlet Forward Centrifugal Blower longwell.pdf,16,Catalogue extracted - review,Published catalogue operating row.
LWFE3G146-092DS-05,Catalogue operating row,static_pressure,1.6,Published row,3200.0,1133.0,60.0,,876.0,EC Dual Inlet Forward Centrifugal Blower longwell.pdf,16,Catalogue extracted - review,Published catalogue operating row.
LWBE-155,Catalogue rated point,static_pressure,230.0,Published rated point,60.0,6.0,230.0,,50.0,EC Backward centrifugal fans longwell__Part_01_p001-020__Sub_01_p001-010.pdf,7,Catalogue extracted - review,Published catalogue rated point.
LWBE3G155-072NS-02,Catalogue rated point,static_pressure,3570.0,Published rated point,433.0,371.0,40.0,,63.0,EC Backward centrifugal fans longwell__Part_01_p001-020__Sub_01_p001-010.pdf,7,Catalogue extracted - review,Published catalogue rated point.
LWBE-190,Catalogue rated point,static_pressure,230.0,Published rated point,60.0,6.0,230.0,,50.0,EC Backward centrifugal fans longwell__Part_01_p001-020__Sub_01_p001-010.pdf,8,Catalogue extracted - review,Published catalogue rated point.
LWBE3G175-072NS-10,Catalogue rated point,static_pressure,5020.0,Published rated point,924.0,893.0,132.0,,,EC Backward centrifugal fans longwell__Part_01_p001-020__Sub_01_p001-010.pdf,8,Catalogue extracted - review,Published catalogue rated point.
LWBE3G190-072NS-16,Catalogue rated point,static_pressure,4230.0,Published rated point,851.0,798.0,104.0,,70.0,EC Backward centrifugal fans longwell__Part_01_p001-020__Sub_01_p001-010.pdf,8,Catalogue extracted - review,Published catalogue rated point.
LWBE-220,Catalogue rated point,static_pressure,230.0,Published rated point,60.0,6.0,230.0,,50.0,EC Backward centrifugal fans longwell__Part_01_p001-020__Sub_01_p001-010.pdf,9,Catalogue extracted - review,Published catalogue rated point.
LWBE3G220-072NS-11,Catalogue rated point,static_pressure,2600.0,Published rated point,886.0,433.0,75.0,,71.0,EC Backward centrifugal fans longwell__Part_01_p001-020__Sub_01_p001-010.pdf,9,Catalogue extracted - review,Published catalogue rated point.
LWBE3G220-092NS-10,Catalogue rated point,static_pressure,3310.0,Published rated point,989.0,711.0,145.0,,75.0,EC Backward centrifugal fans longwell__Part_01_p001-020__Sub_01_p001-010.pdf,9,Catalogue extracted - review,Published catalogue rated point.
LWBE-225,Catalogue rated point,static_pressure,230.0,Published rated point,60.0,6.0,230.0,,50.0,EC Backward centrifugal fans longwell__Part_01_p001-020__Sub_01_p001-010.pdf,10,Catalogue extracted - review,Published catalogue rated point.
LWBE3G225-072NS-10,Catalogue rated point,static_pressure,2500.0,Published rated point,1112.0,433.0,80.0,,69.0,EC Backward centrifugal fans longwell__Part_01_p001-020__Sub_01_p001-010.pdf,10,Catalogue extracted - review,Published catalogue rated point.
LWBE3G225-092NS-11,Catalogue rated point,static_pressure,3060.0,Published rated point,1528.0,683.0,170.0,,71.1,EC Backward centrifugal fans longwell__Part_01_p001-020__Sub_01_p001-010.pdf,10,Catalogue extracted - review,Published catalogue rated point.
LWBE-225,Catalogue rated point,static_pressure,50.0,Published rated point,60.0,230.0,230.0,,60.0,EC Backward centrifugal fans longwell__Part_01_p001-020__Sub_02_p011-020.pdf,1,Catalogue extracted - review,Published catalogue rated point.
LWBE3G225-092NS-12,Catalogue rated point,static_pressure,3000.0,Published rated point,1545.0,731.0,160.0,,71.0,EC Backward centrifugal fans longwell__Part_01_p001-020__Sub_02_p011-020.pdf,1,Catalogue extracted - review,Published catalogue rated point.
LWBE3G225-092NS-13,Catalogue rated point,static_pressure,3500.0,Published rated point,1630.0,839.0,315.0,,71.0,EC Backward centrifugal fans longwell__Part_01_p001-020__Sub_02_p011-020.pdf,1,Catalogue extracted - review,Published catalogue rated point.
LWBE3G250-072NS-29,Catalogue rated point,static_pressure,2150.0,Published rated point,1215.0,391.0,90.0,,68.0,EC Backward centrifugal fans longwell__Part_01_p001-020__Sub_02_p011-020.pdf,2,Catalogue extracted - review,Published catalogue rated point.
LWBE3G250-092NS-12,Catalogue rated point,static_pressure,3010.0,Published rated point,1531.0,785.0,140.0,,72.1,EC Backward centrifugal fans longwell__Part_01_p001-020__Sub_02_p011-020.pdf,2,Catalogue extracted - review,Published catalogue rated point.
LWBE-250,Catalogue rated point,static_pressure,50.0,Published rated point,60.0,230.0,230.0,,60.0,EC Backward centrifugal fans longwell__Part_01_p001-020__Sub_02_p011-020.pdf,3,Catalogue extracted - review,Published catalogue rated point.
LWBE3G250-072NS-21,Catalogue rated point,static_pressure,2760.0,Published rated point,1421.0,639.0,140.0,,77.0,EC Backward centrifugal fans longwell__Part_01_p001-020__Sub_02_p011-020.pdf,3,Catalogue extracted - review,Published catalogue rated point.
LWBE3G250-092NS-22,Catalogue rated point,static_pressure,2500.0,Published rated point,1730.0,525.0,145.0,,74.0,EC Backward centrifugal fans longwell__Part_01_p001-020__Sub_02_p011-020.pdf,3,Catalogue extracted - review,Published catalogue rated point.
LWBE-250,Catalogue rated point,static_pressure,230.0,Published rated point,60.0,6.0,115.0,,50.0,EC Backward centrifugal fans longwell__Part_01_p001-020__Sub_02_p011-020.pdf,4,Catalogue extracted - review,Published catalogue rated point.
LWBE3G250-072NU-20,Catalogue rated point,static_pressure,2760.0,Published rated point,1331.0,649.0,160.0,,68.0,EC Backward centrifugal fans longwell__Part_01_p001-020__Sub_02_p011-020.pdf,4,Catalogue extracted - review,Published catalogue rated point.
LWBE3G250-092NS-23,Catalogue rated point,static_pressure,2600.0,Published rated point,1421.0,556.0,170.0,,69.0,EC Backward centrifugal fans longwell__Part_01_p001-020__Sub_02_p011-020.pdf,4,Catalogue extracted - review,Published catalogue rated point.
LWBE-250,Catalogue rated point,static_pressure,60.0,Published rated point,230.0,50.0,50.0,,,EC Backward centrifugal fans longwell__Part_01_p001-020__Sub_02_p011-020.pdf,5,Catalogue extracted - review,Published catalogue rated point.
LWBE3G250-102NS-24,Catalogue rated point,static_pressure,3150.0,Published rated point,1524.0,773.0,240.0,,78.0,EC Backward centrifugal fans longwell__Part_01_p001-020__Sub_02_p011-020.pdf,5,Catalogue extracted - review,Published catalogue rated point.
LWBE3G250-102NS-25,Catalogue rated point,static_pressure,3170.0,Published rated point,1751.0,824.0,270.0,,84.0,EC Backward centrifugal fans longwell__Part_01_p001-020__Sub_02_p011-020.pdf,5,Catalogue extracted - review,Published catalogue rated point.
LWBE-270,Catalogue rated point,static_pressure,60.0,Published rated point,230.0,50.0,50.0,,,EC Backward centrifugal fans longwell__Part_01_p001-020__Sub_02_p011-020.pdf,6,Catalogue extracted - review,Published catalogue rated point.
LWBE3G250-102NS-26,Catalogue rated point,static_pressure,3500.0,Published rated point,1700.0,1082.0,370.0,,82.0,EC Backward centrifugal fans longwell__Part_01_p001-020__Sub_02_p011-020.pdf,6,Catalogue extracted - review,Published catalogue rated point.
LWBE3G270-092NS-02,Catalogue rated point,static_pressure,1900.0,Published rated point,1545.0,332.0,150.0,,68.0,EC Backward centrifugal fans longwell__Part_01_p001-020__Sub_02_p011-020.pdf,6,Catalogue extracted - review,Published catalogue rated point.
LWBE3G270-092NU-01,Catalogue rated point,static_pressure,1900.0,Published rated point,1545.0,332.0,170.0,,68.0,EC Backward centrifugal fans longwell__Part_01_p001-020__Sub_02_p011-020.pdf,7,Catalogue extracted - review,Published catalogue rated point.
LWBE3G280-092NS-12,Catalogue rated point,static_pressure,2600.0,Published rated point,1813.0,680.0,165.0,,74.0,EC Backward centrifugal fans longwell__Part_01_p001-020__Sub_02_p011-020.pdf,7,Catalogue extracted - review,Published catalogue rated point.
LWBE-280,Catalogue rated point,static_pressure,60.0,Published rated point,400.0,50.0,50.0,,,EC Backward centrifugal fans longwell__Part_01_p001-020__Sub_02_p011-020.pdf,8,Catalogue extracted - review,Published catalogue rated point.
LWBE3G280-092NS-17,Catalogue rated point,static_pressure,2200.0,Published rated point,2019.0,546.0,180.0,,72.0,EC Backward centrifugal fans longwell__Part_01_p001-020__Sub_02_p011-020.pdf,8,Catalogue extracted - review,Published catalogue rated point.
LWBE3G280-138NT-03,Catalogue rated point,static_pressure,3000.0,Published rated point,3028.0,886.0,860.0,,85.0,EC Backward centrifugal fans longwell__Part_01_p001-020__Sub_02_p011-020.pdf,8,Catalogue extracted - review,Published catalogue rated point.
LWBE3G280-092NS-13,Catalogue rated point,static_pressure,2200.0,Published rated point,1743.0,481.0,105.0,,,EC Backward centrifugal fans longwell__Part_01_p001-020__Sub_02_p011-020.pdf,9,Catalogue extracted - review,Published catalogue rated point.
LWBE3G280-102NS-14,Catalogue rated point,static_pressure,2760.0,Published rated point,2318.0,824.0,340.0,,78.0,EC Backward centrifugal fans longwell__Part_01_p001-020__Sub_02_p011-020.pdf,9,Catalogue extracted - review,Published catalogue rated point.
LWBE-280,Catalogue rated point,static_pressure,60.0,Published rated point,230.0,50.0,50.0,,,EC Backward centrifugal fans longwell__Part_01_p001-020__Sub_02_p011-020.pdf,10,Catalogue extracted - review,Published catalogue rated point.
LWBE3G280-102NS-15,Catalogue rated point,static_pressure,3100.0,Published rated point,2472.0,1051.0,475.0,,82.0,EC Backward centrifugal fans longwell__Part_01_p001-020__Sub_02_p011-020.pdf,10,Catalogue extracted - review,Published catalogue rated point.
LWBE3G280-102NS-19,Catalogue rated point,static_pressure,3000.0,Published rated point,3039.0,1102.0,625.0,,82.0,EC Backward centrifugal fans longwell__Part_01_p001-020__Sub_02_p011-020.pdf,10,Catalogue extracted - review,Published catalogue rated point.
LWBE3G280-138NT-18,Catalogue rated point,static_pressure,3500.0,Published rated point,3790.0,1421.0,1355.0,,89.0,EC Backward centrifugal fans longwell__Part_02_p021-040__Sub_01_p021-030.pdf,1,Catalogue extracted - review,Published catalogue rated point.
LWBE3G310-092NS-20,Catalogue rated point,static_pressure,1850.0,Published rated point,2235.0,474.0,160.0,,75.0,EC Backward centrifugal fans longwell__Part_02_p021-040__Sub_01_p021-030.pdf,1,Catalogue extracted - review,Published catalogue rated point.
LWBE3G310-092NS-17,Catalogue rated point,static_pressure,1750.0,Published rated point,2410.0,443.0,150.0,,75.0,EC Backward centrifugal fans longwell__Part_02_p021-040__Sub_01_p021-030.pdf,2,Catalogue extracted - review,Published catalogue rated point.
LWBE3G310-102NS-16,Catalogue rated point,static_pressure,2150.0,Published rated point,2869.0,630.0,285.0,,70.0,EC Backward centrifugal fans longwell__Part_02_p021-040__Sub_01_p021-030.pdf,2,Catalogue extracted - review,Published catalogue rated point.
LWBE-310,Catalogue rated point,static_pressure,60.0,Published rated point,230.0,50.0,50.0,,,EC Backward centrifugal fans longwell__Part_02_p021-040__Sub_01_p021-030.pdf,3,Catalogue extracted - review,Published catalogue rated point.
LWBE3G310-102NS-19,Catalogue rated point,static_pressure,2300.0,Published rated point,2936.0,700.0,370.0,,76.0,EC Backward centrifugal fans longwell__Part_02_p021-040__Sub_01_p021-030.pdf,3,Catalogue extracted - review,Published catalogue rated point.
LWBE3G310-102NS-18,Catalogue rated point,static_pressure,2600.0,Published rated point,2884.0,963.0,450.0,,78.0,EC Backward centrifugal fans longwell__Part_02_p021-040__Sub_01_p021-030.pdf,3,Catalogue extracted - review,Published catalogue rated point.
LWBE-310,Catalogue rated point,static_pressure,60.0,Published rated point,400.0,50.0,50.0,,,EC Backward centrifugal fans longwell__Part_02_p021-040__Sub_01_p021-030.pdf,4,Catalogue extracted - review,Published catalogue rated point.
LWBE3G310-138NT-05,Catalogue rated point,static_pressure,2600.0,Published rated point,4398.0,824.0,980.0,,74.0,EC Backward centrifugal fans longwell__Part_02_p021-040__Sub_01_p021-030.pdf,4,Catalogue extracted - review,Published catalogue rated point.
LWBE3G310-138NT-25,Catalogue rated point,static_pressure,3300.0,Published rated point,5593.0,1082.0,1588.0,,92.0,EC Backward centrifugal fans longwell__Part_02_p021-040__Sub_01_p021-030.pdf,4,Catalogue extracted - review,Published catalogue rated point.
LWBE3G355-092NS-19,Catalogue rated point,static_pressure,1400.0,Published rated point,2472.0,350.0,120.0,,68.0,EC Backward centrifugal fans longwell__Part_02_p021-040__Sub_01_p021-030.pdf,5,Catalogue extracted - review,Published catalogue rated point.
LWBE3G355-102NS-20,Catalogue rated point,static_pressure,1800.0,Published rated point,3554.0,618.0,285.0,,76.0,EC Backward centrifugal fans longwell__Part_02_p021-040__Sub_01_p021-030.pdf,5,Catalogue extracted - review,Published catalogue rated point.
LWBE-355,Catalogue rated point,static_pressure,60.0,Published rated point,230.0,50.0,50.0,,,EC Backward centrifugal fans longwell__Part_02_p021-040__Sub_01_p021-030.pdf,6,Catalogue extracted - review,Published catalogue rated point.
LWBE3G355-102NS-21,Catalogue rated point,static_pressure,1900.0,Published rated point,3142.0,670.0,330.0,,77.0,EC Backward centrifugal fans longwell__Part_02_p021-040__Sub_01_p021-030.pdf,6,Catalogue extracted - review,Published catalogue rated point.
LWBE3G355-102NS-15,Catalogue rated point,static_pressure,2050.0,Published rated point,3915.0,770.0,498.0,,47.0,EC Backward centrifugal fans longwell__Part_02_p021-040__Sub_01_p021-030.pdf,6,Catalogue extracted - review,Published catalogue rated point.
LWBE-355,Catalogue rated point,static_pressure,60.0,Published rated point,380.0,50.0,50.0,,,EC Backward centrifugal fans longwell__Part_02_p021-040__Sub_01_p021-030.pdf,7,Catalogue extracted - review,Published catalogue rated point.
LWBE3G355-138NT-17,Catalogue rated point,static_pressure,2100.0,Published rated point,5356.0,639.0,990.0,,79.0,EC Backward centrifugal fans longwell__Part_02_p021-040__Sub_01_p021-030.pdf,7,Catalogue extracted - review,Published catalogue rated point.
LWBE3G355-188NT-29,Catalogue rated point,static_pressure,3800.0,Published rated point,6756.0,2524.0,3100.0,,96.0,EC Backward centrifugal fans longwell__Part_02_p021-040__Sub_01_p021-030.pdf,7,Catalogue extracted - review,Published catalogue rated point.
LWBE-355,Catalogue rated point,static_pressure,60.0,Published rated point,400.0,50.0,50.0,,,EC Backward centrifugal fans longwell__Part_02_p021-040__Sub_01_p021-030.pdf,8,Catalogue extracted - review,Published catalogue rated point.
LWBE3G355-138NT-27,Catalogue rated point,static_pressure,2710.0,Published rated point,6249.0,1353.0,1500.0,,77.0,EC Backward centrifugal fans longwell__Part_02_p021-040__Sub_01_p021-030.pdf,8,Catalogue extracted - review,Published catalogue rated point.
LWBE3G355-138NT-12,Catalogue rated point,static_pressure,2700.0,Published rated point,7045.0,830.0,1700.0,,81.0,EC Backward centrifugal fans longwell__Part_02_p021-040__Sub_01_p021-030.pdf,8,Catalogue extracted - review,Published catalogue rated point.
LWBE-400,Catalogue rated point,static_pressure,60.0,Published rated point,400.0,50.0,50.0,,,EC Backward centrifugal fans longwell__Part_02_p021-040__Sub_01_p021-030.pdf,9,Catalogue extracted - review,Published catalogue rated point.
LWBE3G355-188NT-26,Catalogue rated point,static_pressure,3200.0,Published rated point,8034.0,1545.0,3090.0,,96.0,EC Backward centrifugal fans longwell__Part_02_p021-040__Sub_01_p021-030.pdf,9,Catalogue extracted - review,Published catalogue rated point.
LWBE3G400-138NT-12,Catalogue rated point,static_pressure,1100.0,Published rated point,7459.0,840.0,1480.0,,53.0,EC Backward centrifugal fans longwell__Part_02_p021-040__Sub_01_p021-030.pdf,9,Catalogue extracted - review,Published catalogue rated point.
LWBE3G400-102NS-15,Catalogue rated point,static_pressure,1520.0,Published rated point,5476.0,600.0,500.0,,55.0,EC Backward centrifugal fans longwell__Part_02_p021-040__Sub_01_p021-030.pdf,10,Catalogue extracted - review,Published catalogue rated point.
LWBE-400,Catalogue rated point,static_pressure,60.0,Published rated point,230.0,50.0,50.0,,,EC Backward centrifugal fans longwell__Part_02_p021-040__Sub_02_p031-040.pdf,1,Catalogue extracted - review,Published catalogue rated point.
LWBE3G400-102NS-16,Catalogue rated point,static_pressure,1460.0,Published rated point,3554.0,546.0,300.0,,76.0,EC Backward centrifugal fans longwell__Part_02_p021-040__Sub_02_p031-040.pdf,1,Catalogue extracted - review,Published catalogue rated point.
LWBE3G400-102NS-02,Catalogue rated point,static_pressure,1430.0,Published rated point,3914.0,556.0,330.0,,70.0,EC Backward centrifugal fans longwell__Part_02_p021-040__Sub_02_p031-040.pdf,1,Catalogue extracted - review,Published catalogue rated point.
LWBE-450,Catalogue rated point,static_pressure,60.0,Published rated point,230.0,50.0,50.0,,,EC Backward centrifugal fans longwell__Part_02_p021-040__Sub_02_p031-040.pdf,2,Catalogue extracted - review,Published catalogue rated point.
LWBE3G400-188NT-17,Catalogue rated point,static_pressure,2650.0,Published rated point,9682.0,1627.0,2060.0,,84.0,EC Backward centrifugal fans longwell__Part_02_p021-040__Sub_02_p031-040.pdf,2,Catalogue extracted - review,Published catalogue rated point.
LWBE3G450-102NS-21,Catalogue rated point,static_pressure,1400.0,Published rated point,5050.0,417.0,320.0,,68.0,EC Backward centrifugal fans longwell__Part_02_p021-040__Sub_02_p031-040.pdf,2,Catalogue extracted - review,Published catalogue rated point.
LWBE3G450-188NT-15,Catalogue rated point,static_pressure,2400.0,Published rated point,7425.0,1568.0,1590.0,,61.0,EC Backward centrifugal fans longwell__Part_02_p021-040__Sub_02_p031-040.pdf,3,Catalogue extracted - review,Published catalogue rated point.
LWBE3G450-138NT-08,Catalogue rated point,static_pressure,1720.0,Published rated point,7828.0,824.0,910.0,,63.0,EC Backward centrifugal fans longwell__Part_02_p021-040__Sub_02_p031-040.pdf,4,Catalogue extracted - review,Published catalogue rated point.
LWBE3G450-188NT-16,Catalogue rated point,static_pressure,2600.0,Published rated point,8019.0,1802.0,2060.0,,,EC Backward centrifugal fans longwell__Part_02_p021-040__Sub_02_p031-040.pdf,5,Catalogue extracted - review,Published catalogue rated point.
LWBE3G450-188NT-14,Catalogue rated point,static_pressure,2600.0,Published rated point,8985.0,840.0,2400.0,,65.0,EC Backward centrifugal fans longwell__Part_02_p021-040__Sub_02_p031-040.pdf,5,Catalogue extracted - review,Published catalogue rated point.
LWBE-450,Catalogue rated point,static_pressure,60.0,Published rated point,400.0,50.0,50.0,,,EC Backward centrifugal fans longwell__Part_02_p021-040__Sub_02_p031-040.pdf,6,Catalogue extracted - review,Published catalogue rated point.
LWBE3G450-188NT-22,Catalogue rated point,static_pressure,2400.0,Published rated point,10752.0,1669.0,2400.0,,92.0,EC Backward centrifugal fans longwell__Part_02_p021-040__Sub_02_p031-040.pdf,6,Catalogue extracted - review,Published catalogue rated point.
LWBE3G450-188NT-17,Catalogue rated point,static_pressure,2800.0,Published rated point,8661.0,2114.0,2595.0,,67.0,EC Backward centrifugal fans longwell__Part_02_p021-040__Sub_02_p031-040.pdf,6,Catalogue extracted - review,Published catalogue rated point.
LWBE3G450-188NT-21,Catalogue rated point,static_pressure,2800.0,Published rated point,12647.0,2342.0,4600.0,,96.0,EC Backward centrifugal fans longwell__Part_02_p021-040__Sub_02_p031-040.pdf,7,Catalogue extracted - review,Published catalogue rated point.
LWBE3G500-138NT-13,Catalogue rated point,static_pressure,1100.0,Published rated point,8137.0,464.0,870.0,,71.0,EC Backward centrifugal fans longwell__Part_02_p021-040__Sub_02_p031-040.pdf,7,Catalogue extracted - review,Published catalogue rated point.
LWBE3G500-188NT-14,Catalogue rated point,static_pressure,1705.0,Published rated point,10305.0,903.0,1900.0,,,EC Backward centrifugal fans longwell__Part_02_p021-040__Sub_02_p031-040.pdf,8,Catalogue extracted - review,Published catalogue rated point.
LWBE3G500-188NT-08,Catalogue rated point,static_pressure,1800.0,Published rated point,14214.0,886.0,3000.0,,89.0,EC Backward centrifugal fans longwell__Part_02_p021-040__Sub_02_p031-040.pdf,8,Catalogue extracted - review,Published catalogue rated point.
LWBE-500,Catalogue rated point,static_pressure,60.0,Published rated point,400.0,50.0,50.0,,,EC Backward centrifugal fans longwell__Part_02_p021-040__Sub_02_p031-040.pdf,9,Catalogue extracted - review,Published catalogue rated point.
LWBE3G500-188NT-09,Catalogue rated point,static_pressure,2000.0,Published rated point,12243.0,1265.0,3160.0,,,EC Backward centrifugal fans longwell__Part_02_p021-040__Sub_02_p031-040.pdf,9,Catalogue extracted - review,Published catalogue rated point.
LWBE3G500-188NT-10,Catalogue rated point,static_pressure,2200.0,Published rated point,13472.0,1541.0,4200.0,,73.0,EC Backward centrifugal fans longwell__Part_02_p021-040__Sub_02_p031-040.pdf,9,Catalogue extracted - review,Published catalogue rated point.
LWBE-560,Catalogue rated point,static_pressure,60.0,Published rated point,400.0,50.0,50.0,,,EC Backward centrifugal fans longwell__Part_02_p021-040__Sub_02_p031-040.pdf,10,Catalogue extracted - review,Published catalogue rated point.
LWBE3G560-188NT-10,Catalogue rated point,static_pressure,1500.0,Published rated point,14879.0,1013.0,2420.0,,,EC Backward centrifugal fans longwell__Part_02_p021-040__Sub_02_p031-040.pdf,10,Catalogue extracted - review,Published catalogue rated point.
LWBE3G560-188NT-09,Catalogue rated point,static_pressure,1520.0,Published rated point,16480.0,886.0,2770.0,,81.0,EC Backward centrifugal fans longwell__Part_02_p021-040__Sub_02_p031-040.pdf,10,Catalogue extracted - review,Published catalogue rated point.
LWBE-560,Catalogue rated point,static_pressure,60.0,Published rated point,380.0,50.0,50.0,,,EC Backward centrifugal fans longwell__Part_03_p041-043.pdf,1,Catalogue extracted - review,Published catalogue rated point.
LWBE3G560-188NT-01,Catalogue rated point,static_pressure,1610.0,Published rated point,16039.0,1166.0,3300.0,,,EC Backward centrifugal fans longwell__Part_03_p041-043.pdf,1,Catalogue extracted - review,Published catalogue rated point.
LWBE3G560-188NT-14,Catalogue rated point,static_pressure,1850.0,Published rated point,19760.0,1545.0,4700.0,,91.0,EC Backward centrifugal fans longwell__Part_03_p041-043.pdf,1,Catalogue extracted - review,Published catalogue rated point.
LWBE3G560-218NT-13,Catalogue rated point,static_pressure,1800.0,Published rated point,23896.0,1442.0,5600.0,,,EC Backward centrifugal fans longwell__Part_03_p041-043.pdf,2,Catalogue extracted - review,Published catalogue rated point.
LWBE3G630-188NT-06,Catalogue rated point,static_pressure,1300.0,Published rated point,19247.0,887.0,2195.0,,79.0,EC Backward centrifugal fans longwell__Part_03_p041-043.pdf,2,Catalogue extracted - review,Published catalogue rated point.
LWBE-630,Catalogue rated point,static_pressure,60.0,Published rated point,400.0,50.0,50.0,,,EC Backward centrifugal fans longwell__Part_03_p041-043.pdf,3,Catalogue extracted - review,Published catalogue rated point.
LWBE3G630-188NT-07,Catalogue rated point,static_pressure,1380.0,Published rated point,21100.0,1071.0,2955.0,,,EC Backward centrifugal fans longwell__Part_03_p041-043.pdf,3,Catalogue extracted - review,Published catalogue rated point.
LWBE3G630-188NT-09,Catalogue rated point,static_pressure,1780.0,Published rated point,21742.0,1677.0,5600.0,,81.0,EC Backward centrifugal fans longwell__Part_03_p041-043.pdf,3,Catalogue extracted - review,Published catalogue rated point.
B23E133H54-72-00,Published P-Q table Published curve,static_pressure,5230.0,Published curve,380.0,200.0,83.0,,,Airtek Power Catalog (AC _ EC).pdf,7,Published numeric Airtek table - verify source page,Numeric Pa / m3/h / rpm / W point printed on original Airtek V.2024 PDF page 7.
B23E133H54-72-00,Published P-Q table Published curve,static_pressure,5230.0,Published curve,360.0,240.0,85.0,,,Airtek Power Catalog (AC _ EC).pdf,7,Published numeric Airtek table - verify source page,Numeric Pa / m3/h / rpm / W point printed on original Airtek V.2024 PDF page 7.
B23E133H54-72-00,Published P-Q table Published curve,static_pressure,5235.0,Published curve,330.0,295.0,86.0,,,Airtek Power Catalog (AC _ EC).pdf,7,Published numeric Airtek table - verify source page,Numeric Pa / m3/h / rpm / W point printed on original Airtek V.2024 PDF page 7.
B23E133H54-72-00,Published P-Q table Published curve,static_pressure,5225.0,Published curve,300.0,350.0,88.0,,,Airtek Power Catalog (AC _ EC).pdf,7,Published numeric Airtek table - verify source page,Numeric Pa / m3/h / rpm / W point printed on original Airtek V.2024 PDF page 7.
B23E155H54-72-A0,Published P-Q table Published curve,static_pressure,3120.0,Published curve,150.0,300.0,33.0,,,Airtek Power Catalog (AC _ EC).pdf,8,Published numeric Airtek table - verify source page,Numeric Pa / m3/h / rpm / W point printed on original Airtek V.2024 PDF page 8.
B23E155H54-72-A0,Published P-Q table Published curve,static_pressure,3325.0,Published curve,260.0,200.0,35.0,,,Airtek Power Catalog (AC _ EC).pdf,8,Published numeric Airtek table - verify source page,Numeric Pa / m3/h / rpm / W point printed on original Airtek V.2024 PDF page 8.
B23E155H54-72-A0,Published P-Q table Published curve,static_pressure,3421.0,Published curve,340.0,100.0,38.0,,,Airtek Power Catalog (AC _ EC).pdf,8,Published numeric Airtek table - verify source page,Numeric Pa / m3/h / rpm / W point printed on original Airtek V.2024 PDF page 8.
B23E175H62-72-A0,Published P-Q table Published curve,static_pressure,3721.0,Published curve,610.0,100.0,79.0,,,Airtek Power Catalog (AC _ EC).pdf,9,Published numeric Airtek table - verify source page,Numeric Pa / m3/h / rpm / W point printed on original Airtek V.2024 PDF page 9.
B23E175H62-72-A0,Published P-Q table Published curve,static_pressure,3650.0,Published curve,545.0,200.0,76.0,,,Airtek Power Catalog (AC _ EC).pdf,9,Published numeric Airtek table - verify source page,Numeric Pa / m3/h / rpm / W point printed on original Airtek V.2024 PDF page 9.
B23E175H62-72-A0,Published P-Q table Published curve,static_pressure,3610.0,Published curve,440.0,300.0,73.0,,,Airtek Power Catalog (AC _ EC).pdf,9,Published numeric Airtek table - verify source page,Numeric Pa / m3/h / rpm / W point printed on original Airtek V.2024 PDF page 9.
B23E175H62-72-A0,Published P-Q table Published curve,static_pressure,3640.0,Published curve,300.0,400.0,73.0,,,Airtek Power Catalog (AC _ EC).pdf,9,Published numeric Airtek table - verify source page,Numeric Pa / m3/h / rpm / W point printed on original Airtek V.2024 PDF page 9.
B23E175H63-72-00,Published P-Q table Published curve,static_pressure,4980.0,Published curve,710.0,300.0,166.0,,,Airtek Power Catalog (AC _ EC).pdf,10,Published numeric Airtek table - verify source page,Numeric Pa / m3/h / rpm / W point printed on original Airtek V.2024 PDF page 10.
B23E175H63-72-00,Published P-Q table Published curve,static_pressure,4810.0,Published curve,610.0,400.0,160.0,,,Airtek Power Catalog (AC _ EC).pdf,10,Published numeric Airtek table - verify source page,Numeric Pa / m3/h / rpm / W point printed on original Airtek V.2024 PDF page 10.
B23E175H63-72-00,Published P-Q table Published curve,static_pressure,4770.0,Published curve,515.0,500.0,160.0,,,Airtek Power Catalog (AC _ EC).pdf,10,Published numeric Airtek table - verify source page,Numeric Pa / m3/h / rpm / W point printed on original Airtek V.2024 PDF page 10.
B23E175H63-72-00,Published P-Q table Published curve,static_pressure,4775.0,Published curve,440.0,560.0,160.0,,,Airtek Power Catalog (AC _ EC).pdf,10,Published numeric Airtek table - verify source page,Numeric Pa / m3/h / rpm / W point printed on original Airtek V.2024 PDF page 10.
B23E190H63-72-A0,Published P-Q table Published curve,static_pressure,3620.0,Published curve,615.0,200.0,96.0,,,Airtek Power Catalog (AC _ EC).pdf,11,Published numeric Airtek table - verify source page,Numeric Pa / m3/h / rpm / W point printed on original Airtek V.2024 PDF page 11.
B23E190H63-72-A0,Published P-Q table Published curve,static_pressure,3586.0,Published curve,550.0,300.0,93.0,,,Airtek Power Catalog (AC _ EC).pdf,11,Published numeric Airtek table - verify source page,Numeric Pa / m3/h / rpm / W point printed on original Airtek V.2024 PDF page 11.
B23E190H63-72-A0,Published P-Q table Published curve,static_pressure,3521.0,Published curve,455.0,400.0,90.0,,,Airtek Power Catalog (AC _ EC).pdf,11,Published numeric Airtek table - verify source page,Numeric Pa / m3/h / rpm / W point printed on original Airtek V.2024 PDF page 11.
B23E190H63-72-A0,Published P-Q table Published curve,static_pressure,3522.0,Published curve,240.0,500.0,89.0,,,Airtek Power Catalog (AC _ EC).pdf,11,Published numeric Airtek table - verify source page,Numeric Pa / m3/h / rpm / W point printed on original Airtek V.2024 PDF page 11.
B23E190H63-72-00,Published P-Q table Published curve,static_pressure,4200.0,Published curve,615.0,300.0,129.0,,,Airtek Power Catalog (AC _ EC).pdf,12,Published numeric Airtek table - verify source page,Numeric Pa / m3/h / rpm / W point printed on original Airtek V.2024 PDF page 12.
B23E190H63-72-00,Published P-Q table Published curve,static_pressure,4205.0,Published curve,550.0,400.0,142.0,,,Airtek Power Catalog (AC _ EC).pdf,12,Published numeric Airtek table - verify source page,Numeric Pa / m3/h / rpm / W point printed on original Airtek V.2024 PDF page 12.
B23E190H63-72-00,Published P-Q table Published curve,static_pressure,4205.0,Published curve,505.0,445.0,146.0,,,Airtek Power Catalog (AC _ EC).pdf,12,Published numeric Airtek table - verify source page,Numeric Pa / m3/h / rpm / W point printed on original Airtek V.2024 PDF page 12.
B23E190H63-72-00,Published P-Q table Published curve,static_pressure,4215.0,Published curve,445.0,505.0,150.0,,,Airtek Power Catalog (AC _ EC).pdf,12,Published numeric Airtek table - verify source page,Numeric Pa / m3/h / rpm / W point printed on original Airtek V.2024 PDF page 12.
B23E220H64-72-A0,Published P-Q table Published curve,static_pressure,2320.0,Published curve,305.0,350.0,68.0,,,Airtek Power Catalog (AC _ EC).pdf,13,Published numeric Airtek table - verify source page,Numeric Pa / m3/h / rpm / W point printed on original Airtek V.2024 PDF page 13.
B23E220H64-72-A0,Published P-Q table Published curve,static_pressure,2360.0,Published curve,575.0,250.0,69.0,,,Airtek Power Catalog (AC _ EC).pdf,13,Published numeric Airtek table - verify source page,Numeric Pa / m3/h / rpm / W point printed on original Airtek V.2024 PDF page 13.
B23E220H64-72-A0,Published P-Q table Published curve,static_pressure,2412.0,Published curve,700.0,150.0,71.0,,,Airtek Power Catalog (AC _ EC).pdf,13,Published numeric Airtek table - verify source page,Numeric Pa / m3/h / rpm / W point printed on original Airtek V.2024 PDF page 13.
B23E220H64-72-A0,Published P-Q table Published curve,static_pressure,2452.0,Published curve,764.0,100.0,72.0,,,Airtek Power Catalog (AC _ EC).pdf,13,Published numeric Airtek table - verify source page,Numeric Pa / m3/h / rpm / W point printed on original Airtek V.2024 PDF page 13.
B23E220H64-92-A1,Published P-Q table Published curve,static_pressure,2320.0,Published curve,305.0,350.0,68.0,,,Airtek Power Catalog (AC _ EC).pdf,14,Published numeric Airtek table - verify source page,Numeric Pa / m3/h / rpm / W point printed on original Airtek V.2024 PDF page 14.
B23E220H64-92-A1,Published P-Q table Published curve,static_pressure,2360.0,Published curve,575.0,250.0,69.0,,,Airtek Power Catalog (AC _ EC).pdf,14,Published numeric Airtek table - verify source page,Numeric Pa / m3/h / rpm / W point printed on original Airtek V.2024 PDF page 14.
B23E220H64-92-A1,Published P-Q table Published curve,static_pressure,2412.0,Published curve,700.0,150.0,71.0,,,Airtek Power Catalog (AC _ EC).pdf,14,Published numeric Airtek table - verify source page,Numeric Pa / m3/h / rpm / W point printed on original Airtek V.2024 PDF page 14.
B23E220H64-92-A1,Published P-Q table Published curve,static_pressure,2452.0,Published curve,764.0,100.0,72.0,,,Airtek Power Catalog (AC _ EC).pdf,14,Published numeric Airtek table - verify source page,Numeric Pa / m3/h / rpm / W point printed on original Airtek V.2024 PDF page 14.
B23E225H81-72-A0,Published P-Q table Published curve,static_pressure,2311.0,Published curve,700.0,200.0,81.0,,,Airtek Power Catalog (AC _ EC).pdf,15,Published numeric Airtek table - verify source page,Numeric Pa / m3/h / rpm / W point printed on original Airtek V.2024 PDF page 15.
B23E225H81-72-A0,Published P-Q table Published curve,static_pressure,2265.0,Published curve,500.0,300.0,79.0,,,Airtek Power Catalog (AC _ EC).pdf,15,Published numeric Airtek table - verify source page,Numeric Pa / m3/h / rpm / W point printed on original Airtek V.2024 PDF page 15.
B23E225H81-72-A0,Published P-Q table Published curve,static_pressure,2252.0,Published curve,400.0,350.0,78.0,,,Airtek Power Catalog (AC _ EC).pdf,15,Published numeric Airtek table - verify source page,Numeric Pa / m3/h / rpm / W point printed on original Airtek V.2024 PDF page 15.
B23E225H89-92-00,Published P-Q table Published curve,static_pressure,3060.0,Published curve,1145.0,300.0,213.0,,,Airtek Power Catalog (AC _ EC).pdf,16,Published numeric Airtek table - verify source page,Numeric Pa / m3/h / rpm / W point printed on original Airtek V.2024 PDF page 16.
B23E225H89-92-00,Published P-Q table Published curve,static_pressure,3060.0,Published curve,1055.0,350.0,197.0,,,Airtek Power Catalog (AC _ EC).pdf,16,Published numeric Airtek table - verify source page,Numeric Pa / m3/h / rpm / W point printed on original Airtek V.2024 PDF page 16.
B23E225H89-92-00,Published P-Q table Published curve,static_pressure,3060.0,Published curve,975.0,405.0,205.0,,,Airtek Power Catalog (AC _ EC).pdf,16,Published numeric Airtek table - verify source page,Numeric Pa / m3/h / rpm / W point printed on original Airtek V.2024 PDF page 16.
B23E225H89-92-00,Published P-Q table Published curve,static_pressure,3060.0,Published curve,764.0,500.0,210.0,,,Airtek Power Catalog (AC _ EC).pdf,16,Published numeric Airtek table - verify source page,Numeric Pa / m3/h / rpm / W point printed on original Airtek V.2024 PDF page 16.
B23E250H73-72-A0,Published P-Q table Published curve,static_pressure,1980.0,Published curve,700.0,300.0,82.0,,,Airtek Power Catalog (AC _ EC).pdf,17,Published numeric Airtek table - verify source page,Numeric Pa / m3/h / rpm / W point printed on original Airtek V.2024 PDF page 17.
B23E250H73-72-A0,Published P-Q table Published curve,static_pressure,2032.0,Published curve,900.0,200.0,85.0,,,Airtek Power Catalog (AC _ EC).pdf,17,Published numeric Airtek table - verify source page,Numeric Pa / m3/h / rpm / W point printed on original Airtek V.2024 PDF page 17.
B23E250H73-72-A0,Published P-Q table Published curve,static_pressure,2098.0,Published curve,1100.0,100.0,87.0,,,Airtek Power Catalog (AC _ EC).pdf,17,Published numeric Airtek table - verify source page,Numeric Pa / m3/h / rpm / W point printed on original Airtek V.2024 PDF page 17.
B23E250H85-92-00,Published P-Q table Published curve,static_pressure,3185.0,Published curve,1200.0,300.0,241.0,,,Airtek Power Catalog (AC _ EC).pdf,18,Published numeric Airtek table - verify source page,Numeric Pa / m3/h / rpm / W point printed on original Airtek V.2024 PDF page 18.
B23E250H85-92-00,Published P-Q table Published curve,static_pressure,3185.0,Published curve,1105.0,400.0,271.0,,,Airtek Power Catalog (AC _ EC).pdf,18,Published numeric Airtek table - verify source page,Numeric Pa / m3/h / rpm / W point printed on original Airtek V.2024 PDF page 18.
B23E250H85-92-00,Published P-Q table Published curve,static_pressure,3160.0,Published curve,960.0,500.0,287.0,,,Airtek Power Catalog (AC _ EC).pdf,18,Published numeric Airtek table - verify source page,Numeric Pa / m3/h / rpm / W point printed on original Airtek V.2024 PDF page 18.
B23E250H85-92-00,Published P-Q table Published curve,static_pressure,3160.0,Published curve,795.0,600.0,294.0,,,Airtek Power Catalog (AC _ EC).pdf,18,Published numeric Airtek table - verify source page,Numeric Pa / m3/h / rpm / W point printed on original Airtek V.2024 PDF page 18.
B23E250H87-102-00,Published P-Q table Published curve,static_pressure,3893.0,Published curve,1736.0,500.0,563.0,,,Airtek Power Catalog (AC _ EC).pdf,19,Published numeric Airtek table - verify source page,Numeric Pa / m3/h / rpm / W point printed on original Airtek V.2024 PDF page 19.
B23E250H87-102-00,Published P-Q table Published curve,static_pressure,3902.0,Published curve,1625.0,600.0,585.0,,,Airtek Power Catalog (AC _ EC).pdf,19,Published numeric Airtek table - verify source page,Numeric Pa / m3/h / rpm / W point printed on original Airtek V.2024 PDF page 19.
B23E250H87-102-00,Published P-Q table Published curve,static_pressure,3902.0,Published curve,1532.0,700.0,614.0,,,Airtek Power Catalog (AC _ EC).pdf,19,Published numeric Airtek table - verify source page,Numeric Pa / m3/h / rpm / W point printed on original Airtek V.2024 PDF page 19.
B23E250H87-102-00,Published P-Q table Published curve,static_pressure,3849.0,Published curve,1377.0,800.0,618.0,,,Airtek Power Catalog (AC _ EC).pdf,19,Published numeric Airtek table - verify source page,Numeric Pa / m3/h / rpm / W point printed on original Airtek V.2024 PDF page 19.
B23E280H81-92-00,Published P-Q table Published curve,static_pressure,2220.0,Published curve,1280.0,200.0,167.0,,,Airtek Power Catalog (AC _ EC).pdf,20,Published numeric Airtek table - verify source page,Numeric Pa / m3/h / rpm / W point printed on original Airtek V.2024 PDF page 20.
B23E280H81-92-00,Published P-Q table Published curve,static_pressure,2220.0,Published curve,1165.0,250.0,178.0,,,Airtek Power Catalog (AC _ EC).pdf,20,Published numeric Airtek table - verify source page,Numeric Pa / m3/h / rpm / W point printed on original Airtek V.2024 PDF page 20.
B23E280H81-92-00,Published P-Q table Published curve,static_pressure,2220.0,Published curve,1025.0,300.0,186.0,,,Airtek Power Catalog (AC _ EC).pdf,20,Published numeric Airtek table - verify source page,Numeric Pa / m3/h / rpm / W point printed on original Airtek V.2024 PDF page 20.
B23E280H81-92-00,Published P-Q table Published curve,static_pressure,2220.0,Published curve,865.0,350.0,191.0,,,Airtek Power Catalog (AC _ EC).pdf,20,Published numeric Airtek table - verify source page,Numeric Pa / m3/h / rpm / W point printed on original Airtek V.2024 PDF page 20.
B23E280H128-92-B0,Published P-Q table Published curve,static_pressure,2010.0,Published curve,2260.0,100.0,198.0,,,Airtek Power Catalog (AC _ EC).pdf,21,Published numeric Airtek table - verify source page,Numeric Pa / m3/h / rpm / W point printed on original Airtek V.2024 PDF page 21.
B23E280H128-92-B0,Published P-Q table Published curve,static_pressure,1985.0,Published curve,2010.0,200.0,197.0,,,Airtek Power Catalog (AC _ EC).pdf,21,Published numeric Airtek table - verify source page,Numeric Pa / m3/h / rpm / W point printed on original Airtek V.2024 PDF page 21.
B23E280H128-92-B0,Published P-Q table Published curve,static_pressure,1968.0,Published curve,1596.0,300.0,194.0,,,Airtek Power Catalog (AC _ EC).pdf,21,Published numeric Airtek table - verify source page,Numeric Pa / m3/h / rpm / W point printed on original Airtek V.2024 PDF page 21.
B23E280H128-92-B0,Published P-Q table Published curve,static_pressure,1948.0,Published curve,675.0,400.0,195.0,,,Airtek Power Catalog (AC _ EC).pdf,21,Published numeric Airtek table - verify source page,Numeric Pa / m3/h / rpm / W point printed on original Airtek V.2024 PDF page 21.
B23E280H128-102-B0,Published P-Q table Published curve,static_pressure,2598.0,Published curve,2830.0,200.0,375.0,,,Airtek Power Catalog (AC _ EC).pdf,22,Published numeric Airtek table - verify source page,Numeric Pa / m3/h / rpm / W point printed on original Airtek V.2024 PDF page 22.
B23E280H128-102-B0,Published P-Q table Published curve,static_pressure,2572.0,Published curve,2510.0,300.0,374.0,,,Airtek Power Catalog (AC _ EC).pdf,22,Published numeric Airtek table - verify source page,Numeric Pa / m3/h / rpm / W point printed on original Airtek V.2024 PDF page 22.
B23E280H128-102-B0,Published P-Q table Published curve,static_pressure,2550.0,Published curve,2315.0,400.0,374.0,,,Airtek Power Catalog (AC _ EC).pdf,22,Published numeric Airtek table - verify source page,Numeric Pa / m3/h / rpm / W point printed on original Airtek V.2024 PDF page 22.
B23E280H128-102-B0,Published P-Q table Published curve,static_pressure,2452.0,Published curve,1980.0,500.0,374.0,,,Airtek Power Catalog (AC _ EC).pdf,22,Published numeric Airtek table - verify source page,Numeric Pa / m3/h / rpm / W point printed on original Airtek V.2024 PDF page 22.
B23E280H128-102-B1,Published P-Q table Published curve,static_pressure,2862.0,Published curve,3040.0,300.0,511.0,,,Airtek Power Catalog (AC _ EC).pdf,23,Published numeric Airtek table - verify source page,Numeric Pa / m3/h / rpm / W point printed on original Airtek V.2024 PDF page 23.
B23E280H128-102-B1,Published P-Q table Published curve,static_pressure,2829.0,Published curve,2810.0,400.0,508.0,,,Airtek Power Catalog (AC _ EC).pdf,23,Published numeric Airtek table - verify source page,Numeric Pa / m3/h / rpm / W point printed on original Airtek V.2024 PDF page 23.
B23E280H128-102-B1,Published P-Q table Published curve,static_pressure,2801.0,Published curve,2525.0,500.0,506.0,,,Airtek Power Catalog (AC _ EC).pdf,23,Published numeric Airtek table - verify source page,Numeric Pa / m3/h / rpm / W point printed on original Airtek V.2024 PDF page 23.
B23E280H128-102-B1,Published P-Q table Published curve,static_pressure,2780.0,Published curve,2885.0,600.0,506.0,,,Airtek Power Catalog (AC _ EC).pdf,23,Published numeric Airtek table - verify source page,Numeric Pa / m3/h / rpm / W point printed on original Airtek V.2024 PDF page 23.
B23E280H133-102-00,Published P-Q table Published curve,static_pressure,2645.0,Published curve,2611.0,400.0,616.0,,,Airtek Power Catalog (AC _ EC).pdf,24,Published numeric Airtek table - verify source page,Numeric Pa / m3/h / rpm / W point printed on original Airtek V.2024 PDF page 24.
B23E280H133-102-00,Published P-Q table Published curve,static_pressure,2600.0,Published curve,2295.0,500.0,602.0,,,Airtek Power Catalog (AC _ EC).pdf,24,Published numeric Airtek table - verify source page,Numeric Pa / m3/h / rpm / W point printed on original Airtek V.2024 PDF page 24.
B23E280H133-102-00,Published P-Q table Published curve,static_pressure,2569.0,Published curve,1975.0,600.0,598.0,,,Airtek Power Catalog (AC _ EC).pdf,24,Published numeric Airtek table - verify source page,Numeric Pa / m3/h / rpm / W point printed on original Airtek V.2024 PDF page 24.
B23E280H133-102-00,Published P-Q table Published curve,static_pressure,2653.0,Published curve,1668.0,700.0,613.0,,,Airtek Power Catalog (AC _ EC).pdf,24,Published numeric Airtek table - verify source page,Numeric Pa / m3/h / rpm / W point printed on original Airtek V.2024 PDF page 24.
B38E280H133-138-00,Published P-Q table Published curve,static_pressure,3427.0,Published curve,3482.0,500.0,1233.0,,,Airtek Power Catalog (AC _ EC).pdf,25,Published numeric Airtek table - verify source page,Numeric Pa / m3/h / rpm / W point printed on original Airtek V.2024 PDF page 25.
B38E280H133-138-00,Published P-Q table Published curve,static_pressure,3424.0,Published curve,3354.0,600.0,1285.0,,,Airtek Power Catalog (AC _ EC).pdf,25,Published numeric Airtek table - verify source page,Numeric Pa / m3/h / rpm / W point printed on original Airtek V.2024 PDF page 25.
B38E280H133-138-00,Published P-Q table Published curve,static_pressure,3429.0,Published curve,3210.0,700.0,1325.0,,,Airtek Power Catalog (AC _ EC).pdf,25,Published numeric Airtek table - verify source page,Numeric Pa / m3/h / rpm / W point printed on original Airtek V.2024 PDF page 25.
B38E280H133-138-00,Published P-Q table Published curve,static_pressure,3434.0,Published curve,3029.0,800.0,1434.0,,,Airtek Power Catalog (AC _ EC).pdf,25,Published numeric Airtek table - verify source page,Numeric Pa / m3/h / rpm / W point printed on original Airtek V.2024 PDF page 25.
B23E320H134-102-00,Published P-Q table Published curve,static_pressure,2150.0,Published curve,2150.0,290.0,353.0,,,Airtek Power Catalog (AC _ EC).pdf,26,Published numeric Airtek table - verify source page,Numeric Pa / m3/h / rpm / W point printed on original Airtek V.2024 PDF page 26.
B23E320H134-102-00,Published P-Q table Published curve,static_pressure,2150.0,Published curve,1920.0,355.0,348.0,,,Airtek Power Catalog (AC _ EC).pdf,26,Published numeric Airtek table - verify source page,Numeric Pa / m3/h / rpm / W point printed on original Airtek V.2024 PDF page 26.
B23E320H134-102-00,Published P-Q table Published curve,static_pressure,2160.0,Published curve,1735.0,400.0,352.0,,,Airtek Power Catalog (AC _ EC).pdf,26,Published numeric Airtek table - verify source page,Numeric Pa / m3/h / rpm / W point printed on original Airtek V.2024 PDF page 26.
B23E320H134-102-00,Published P-Q table Published curve,static_pressure,2160.0,Published curve,1420.0,460.0,346.0,,,Airtek Power Catalog (AC _ EC).pdf,26,Published numeric Airtek table - verify source page,Numeric Pa / m3/h / rpm / W point printed on original Airtek V.2024 PDF page 26.
B23E320H134-102-01,Published P-Q table Published curve,static_pressure,2590.0,Published curve,2670.0,400.0,637.0,,,Airtek Power Catalog (AC _ EC).pdf,27,Published numeric Airtek table - verify source page,Numeric Pa / m3/h / rpm / W point printed on original Airtek V.2024 PDF page 27.
B23E320H134-102-01,Published P-Q table Published curve,static_pressure,2595.0,Published curve,2435.0,500.0,653.0,,,Airtek Power Catalog (AC _ EC).pdf,27,Published numeric Airtek table - verify source page,Numeric Pa / m3/h / rpm / W point printed on original Airtek V.2024 PDF page 27.
B23E320H134-102-01,Published P-Q table Published curve,static_pressure,2595.0,Published curve,2025.0,600.0,618.0,,,Airtek Power Catalog (AC _ EC).pdf,27,Published numeric Airtek table - verify source page,Numeric Pa / m3/h / rpm / W point printed on original Airtek V.2024 PDF page 27.
B23E320H134-102-01,Published P-Q table Published curve,static_pressure,2595.0,Published curve,1540.0,700.0,584.0,,,Airtek Power Catalog (AC _ EC).pdf,27,Published numeric Airtek table - verify source page,Numeric Pa / m3/h / rpm / W point printed on original Airtek V.2024 PDF page 27.
B23E320H134-102-02,Published P-Q table Published curve,static_pressure,2305.0,Published curve,2527.0,200.0,396.0,,,Airtek Power Catalog (AC _ EC).pdf,28,Published numeric Airtek table - verify source page,Numeric Pa / m3/h / rpm / W point printed on original Airtek V.2024 PDF page 28.
B23E320H134-102-02,Published P-Q table Published curve,static_pressure,2308.0,Published curve,2419.0,300.0,444.0,,,Airtek Power Catalog (AC _ EC).pdf,28,Published numeric Airtek table - verify source page,Numeric Pa / m3/h / rpm / W point printed on original Airtek V.2024 PDF page 28.
B23E320H134-102-02,Published P-Q table Published curve,static_pressure,2291.0,Published curve,1993.0,400.0,417.0,,,Airtek Power Catalog (AC _ EC).pdf,28,Published numeric Airtek table - verify source page,Numeric Pa / m3/h / rpm / W point printed on original Airtek V.2024 PDF page 28.
B23E320H134-102-02,Published P-Q table Published curve,static_pressure,2293.0,Published curve,1540.0,500.0,408.0,,,Airtek Power Catalog (AC _ EC).pdf,28,Published numeric Airtek table - verify source page,Numeric Pa / m3/h / rpm / W point printed on original Airtek V.2024 PDF page 28.
B23E320H105-102-00,Published P-Q table Published curve,static_pressure,2496.0,Published curve,2223.0,450.0,571.0,,,Airtek Power Catalog (AC _ EC).pdf,29,Published numeric Airtek table - verify source page,Numeric Pa / m3/h / rpm / W point printed on original Airtek V.2024 PDF page 29.
B23E320H105-102-00,Published P-Q table Published curve,static_pressure,2499.0,Published curve,2055.0,502.0,570.0,,,Airtek Power Catalog (AC _ EC).pdf,29,Published numeric Airtek table - verify source page,Numeric Pa / m3/h / rpm / W point printed on original Airtek V.2024 PDF page 29.
B23E320H105-102-00,Published P-Q table Published curve,static_pressure,2496.0,Published curve,1869.0,550.0,563.0,,,Airtek Power Catalog (AC _ EC).pdf,29,Published numeric Airtek table - verify source page,Numeric Pa / m3/h / rpm / W point printed on original Airtek V.2024 PDF page 29.
B23E320H105-102-00,Published P-Q table Published curve,static_pressure,2500.0,Published curve,1594.0,600.0,542.0,,,Airtek Power Catalog (AC _ EC).pdf,29,Published numeric Airtek table - verify source page,Numeric Pa / m3/h / rpm / W point printed on original Airtek V.2024 PDF page 29.
B23E320H76-102-00,Published P-Q table Published curve,static_pressure,2486.0,Published curve,2109.0,275.0,484.0,,,Airtek Power Catalog (AC _ EC).pdf,30,Published numeric Airtek table - verify source page,Numeric Pa / m3/h / rpm / W point printed on original Airtek V.2024 PDF page 30.
B23E320H76-102-00,Published P-Q table Published curve,static_pressure,2486.0,Published curve,1840.0,400.0,482.0,,,Airtek Power Catalog (AC _ EC).pdf,30,Published numeric Airtek table - verify source page,Numeric Pa / m3/h / rpm / W point printed on original Airtek V.2024 PDF page 30.
B23E320H76-102-00,Published P-Q table Published curve,static_pressure,2479.0,Published curve,1689.0,450.0,468.0,,,Airtek Power Catalog (AC _ EC).pdf,30,Published numeric Airtek table - verify source page,Numeric Pa / m3/h / rpm / W point printed on original Airtek V.2024 PDF page 30.
B23E320H76-102-00,Published P-Q table Published curve,static_pressure,2482.0,Published curve,1479.0,495.0,451.0,,,Airtek Power Catalog (AC _ EC).pdf,30,Published numeric Airtek table - verify source page,Numeric Pa / m3/h / rpm / W point printed on original Airtek V.2024 PDF page 30.
B23E320H141-102-B0,Published P-Q table Published curve,static_pressure,2862.0,Published curve,3040.0,300.0,511.0,,,Airtek Power Catalog (AC _ EC).pdf,32,Published numeric Airtek table - verify source page,Numeric Pa / m3/h / rpm / W point printed on original Airtek V.2024 PDF page 32.
B23E320H141-102-B0,Published P-Q table Published curve,static_pressure,2829.0,Published curve,2810.0,400.0,508.0,,,Airtek Power Catalog (AC _ EC).pdf,32,Published numeric Airtek table - verify source page,Numeric Pa / m3/h / rpm / W point printed on original Airtek V.2024 PDF page 32.
B23E320H141-102-B0,Published P-Q table Published curve,static_pressure,2801.0,Published curve,2525.0,500.0,506.0,,,Airtek Power Catalog (AC _ EC).pdf,32,Published numeric Airtek table - verify source page,Numeric Pa / m3/h / rpm / W point printed on original Airtek V.2024 PDF page 32.
B23E320H141-102-B0,Published P-Q table Published curve,static_pressure,2780.0,Published curve,2885.0,600.0,506.0,,,Airtek Power Catalog (AC _ EC).pdf,32,Published numeric Airtek table - verify source page,Numeric Pa / m3/h / rpm / W point printed on original Airtek V.2024 PDF page 32.
B23E320H141-102-B1,Published P-Q table Published curve,static_pressure,2725.0,Published curve,3500.0,300.0,750.0,,,Airtek Power Catalog (AC _ EC).pdf,33,Published numeric Airtek table - verify source page,Numeric Pa / m3/h / rpm / W point printed on original Airtek V.2024 PDF page 33.
B23E320H141-102-B1,Published P-Q table Published curve,static_pressure,2709.0,Published curve,3345.0,400.0,746.0,,,Airtek Power Catalog (AC _ EC).pdf,33,Published numeric Airtek table - verify source page,Numeric Pa / m3/h / rpm / W point printed on original Airtek V.2024 PDF page 33.
B23E320H141-102-B1,Published P-Q table Published curve,static_pressure,2685.0,Published curve,3000.0,500.0,745.0,,,Airtek Power Catalog (AC _ EC).pdf,33,Published numeric Airtek table - verify source page,Numeric Pa / m3/h / rpm / W point printed on original Airtek V.2024 PDF page 33.
B23E320H141-102-B1,Published P-Q table Published curve,static_pressure,2652.0,Published curve,2690.0,600.0,742.0,,,Airtek Power Catalog (AC _ EC).pdf,33,Published numeric Airtek table - verify source page,Numeric Pa / m3/h / rpm / W point printed on original Airtek V.2024 PDF page 33.
B38E320H141-102-B0,Published P-Q table Published curve,static_pressure,2725.0,Published curve,3500.0,300.0,750.0,,,Airtek Power Catalog (AC _ EC).pdf,34,Published numeric Airtek table - verify source page,Numeric Pa / m3/h / rpm / W point printed on original Airtek V.2024 PDF page 34.
B38E320H141-102-B0,Published P-Q table Published curve,static_pressure,2709.0,Published curve,3345.0,400.0,746.0,,,Airtek Power Catalog (AC _ EC).pdf,34,Published numeric Airtek table - verify source page,Numeric Pa / m3/h / rpm / W point printed on original Airtek V.2024 PDF page 34.
B38E320H141-102-B0,Published P-Q table Published curve,static_pressure,2685.0,Published curve,3000.0,500.0,745.0,,,Airtek Power Catalog (AC _ EC).pdf,34,Published numeric Airtek table - verify source page,Numeric Pa / m3/h / rpm / W point printed on original Airtek V.2024 PDF page 34.
B38E320H141-102-B0,Published P-Q table Published curve,static_pressure,2652.0,Published curve,2690.0,600.0,742.0,,,Airtek Power Catalog (AC _ EC).pdf,34,Published numeric Airtek table - verify source page,Numeric Pa / m3/h / rpm / W point printed on original Airtek V.2024 PDF page 34.
B38E320H145-138-00,Published P-Q table Published curve,static_pressure,3039.0,Published curve,4440.0,500.0,1449.0,,,Airtek Power Catalog (AC _ EC).pdf,35,Published numeric Airtek table - verify source page,Numeric Pa / m3/h / rpm / W point printed on original Airtek V.2024 PDF page 35.
B38E320H145-138-00,Published P-Q table Published curve,static_pressure,3019.0,Published curve,4161.0,600.0,1474.0,,,Airtek Power Catalog (AC _ EC).pdf,35,Published numeric Airtek table - verify source page,Numeric Pa / m3/h / rpm / W point printed on original Airtek V.2024 PDF page 35.
B38E320H145-138-00,Published P-Q table Published curve,static_pressure,3014.0,Published curve,3945.0,700.0,1494.0,,,Airtek Power Catalog (AC _ EC).pdf,35,Published numeric Airtek table - verify source page,Numeric Pa / m3/h / rpm / W point printed on original Airtek V.2024 PDF page 35.
B38E320H145-138-00,Published P-Q table Published curve,static_pressure,2970.0,Published curve,3655.0,800.0,1486.0,,,Airtek Power Catalog (AC _ EC).pdf,35,Published numeric Airtek table - verify source page,Numeric Pa / m3/h / rpm / W point printed on original Airtek V.2024 PDF page 35.
B23E355H179-102-C0,Published P-Q table Published curve,static_pressure,1792.0,Published curve,3050.0,200.0,485.0,,,Airtek Power Catalog (AC _ EC).pdf,36,Published numeric Airtek table - verify source page,Numeric Pa / m3/h / rpm / W point printed on original Airtek V.2024 PDF page 36.
B23E355H179-102-C0,Published P-Q table Published curve,static_pressure,1768.0,Published curve,2745.0,300.0,481.0,,,Airtek Power Catalog (AC _ EC).pdf,36,Published numeric Airtek table - verify source page,Numeric Pa / m3/h / rpm / W point printed on original Airtek V.2024 PDF page 36.
B23E355H179-102-C0,Published P-Q table Published curve,static_pressure,1742.0,Published curve,2060.0,400.0,479.0,,,Airtek Power Catalog (AC _ EC).pdf,36,Published numeric Airtek table - verify source page,Numeric Pa / m3/h / rpm / W point printed on original Airtek V.2024 PDF page 36.
B23E355H179-102-C0,Published P-Q table Published curve,static_pressure,1718.0,Published curve,1160.0,500.0,477.0,,,Airtek Power Catalog (AC _ EC).pdf,36,Published numeric Airtek table - verify source page,Numeric Pa / m3/h / rpm / W point printed on original Airtek V.2024 PDF page 36.
B38E355H179-102-C0,Published P-Q table Published curve,static_pressure,2465.0,Published curve,4880.0,300.0,1068.0,,,Airtek Power Catalog (AC _ EC).pdf,38,Published numeric Airtek table - verify source page,Numeric Pa / m3/h / rpm / W point printed on original Airtek V.2024 PDF page 38.
B38E355H179-102-C0,Published P-Q table Published curve,static_pressure,2450.0,Published curve,4560.0,400.0,1065.0,,,Airtek Power Catalog (AC _ EC).pdf,38,Published numeric Airtek table - verify source page,Numeric Pa / m3/h / rpm / W point printed on original Airtek V.2024 PDF page 38.
B38E355H179-102-C0,Published P-Q table Published curve,static_pressure,2423.0,Published curve,3920.0,500.0,1062.0,,,Airtek Power Catalog (AC _ EC).pdf,38,Published numeric Airtek table - verify source page,Numeric Pa / m3/h / rpm / W point printed on original Airtek V.2024 PDF page 38.
B38E355H179-102-C0,Published P-Q table Published curve,static_pressure,2401.0,Published curve,3600.0,600.0,1060.0,,,Airtek Power Catalog (AC _ EC).pdf,38,Published numeric Airtek table - verify source page,Numeric Pa / m3/h / rpm / W point printed on original Airtek V.2024 PDF page 38.
B38E355H152-138-00,Published P-Q table Published curve,static_pressure,2710.0,Published curve,4790.0,560.0,1430.0,,,Airtek Power Catalog (AC _ EC).pdf,39,Published numeric Airtek table - verify source page,Numeric Pa / m3/h / rpm / W point printed on original Airtek V.2024 PDF page 39.
B38E355H152-138-00,Published P-Q table Published curve,static_pressure,2710.0,Published curve,4235.0,745.0,1510.0,,,Airtek Power Catalog (AC _ EC).pdf,39,Published numeric Airtek table - verify source page,Numeric Pa / m3/h / rpm / W point printed on original Airtek V.2024 PDF page 39.
B38E355H152-138-00,Published P-Q table Published curve,static_pressure,2710.0,Published curve,3465.0,935.0,1485.0,,,Airtek Power Catalog (AC _ EC).pdf,39,Published numeric Airtek table - verify source page,Numeric Pa / m3/h / rpm / W point printed on original Airtek V.2024 PDF page 39.
B38E355H152-138-00,Published P-Q table Published curve,static_pressure,2710.0,Published curve,3175.0,995.0,1455.0,,,Airtek Power Catalog (AC _ EC).pdf,39,Published numeric Airtek table - verify source page,Numeric Pa / m3/h / rpm / W point printed on original Airtek V.2024 PDF page 39.
B23E400H182-102-C1,Published P-Q table Published curve,static_pressure,1598.0,Published curve,3525.0,300.0,509.0,,,Airtek Power Catalog (AC _ EC).pdf,40,Published numeric Airtek table - verify source page,Numeric Pa / m3/h / rpm / W point printed on original Airtek V.2024 PDF page 40.
B23E400H182-102-C1,Published P-Q table Published curve,static_pressure,1565.0,Published curve,2901.0,400.0,507.0,,,Airtek Power Catalog (AC _ EC).pdf,40,Published numeric Airtek table - verify source page,Numeric Pa / m3/h / rpm / W point printed on original Airtek V.2024 PDF page 40.
B23E400H182-102-C1,Published P-Q table Published curve,static_pressure,1538.0,Published curve,1890.0,500.0,505.0,,,Airtek Power Catalog (AC _ EC).pdf,40,Published numeric Airtek table - verify source page,Numeric Pa / m3/h / rpm / W point printed on original Airtek V.2024 PDF page 40.
B23E400H182-102-C1,Published P-Q table Published curve,static_pressure,1502.0,Published curve,1225.0,600.0,502.0,,,Airtek Power Catalog (AC _ EC).pdf,40,Published numeric Airtek table - verify source page,Numeric Pa / m3/h / rpm / W point printed on original Airtek V.2024 PDF page 40.
B23E400H182-102-C0,Published P-Q table Published curve,static_pressure,1985.0,Published curve,4510.0,300.0,775.0,,,Airtek Power Catalog (AC _ EC).pdf,42,Published numeric Airtek table - verify source page,Numeric Pa / m3/h / rpm / W point printed on original Airtek V.2024 PDF page 42.
B23E400H182-102-C0,Published P-Q table Published curve,static_pressure,1968.0,Published curve,4200.0,400.0,772.0,,,Airtek Power Catalog (AC _ EC).pdf,42,Published numeric Airtek table - verify source page,Numeric Pa / m3/h / rpm / W point printed on original Airtek V.2024 PDF page 42.
B23E400H182-102-C0,Published P-Q table Published curve,static_pressure,1958.0,Published curve,3821.0,500.0,769.0,,,Airtek Power Catalog (AC _ EC).pdf,42,Published numeric Airtek table - verify source page,Numeric Pa / m3/h / rpm / W point printed on original Airtek V.2024 PDF page 42.
B23E400H182-102-C0,Published P-Q table Published curve,static_pressure,1938.0,Published curve,3320.0,600.0,768.0,,,Airtek Power Catalog (AC _ EC).pdf,42,Published numeric Airtek table - verify source page,Numeric Pa / m3/h / rpm / W point printed on original Airtek V.2024 PDF page 42.
B38E400H182-102-B0,Published P-Q table Published curve,static_pressure,2121.0,Published curve,5910.0,300.0,1329.0,,,Airtek Power Catalog (AC _ EC).pdf,43,Published numeric Airtek table - verify source page,Numeric Pa / m3/h / rpm / W point printed on original Airtek V.2024 PDF page 43.
B38E400H182-102-B0,Published P-Q table Published curve,static_pressure,2099.0,Published curve,5580.0,400.0,1325.0,,,Airtek Power Catalog (AC _ EC).pdf,43,Published numeric Airtek table - verify source page,Numeric Pa / m3/h / rpm / W point printed on original Airtek V.2024 PDF page 43.
B38E400H182-102-B0,Published P-Q table Published curve,static_pressure,2076.0,Published curve,4750.0,500.0,1322.0,,,Airtek Power Catalog (AC _ EC).pdf,43,Published numeric Airtek table - verify source page,Numeric Pa / m3/h / rpm / W point printed on original Airtek V.2024 PDF page 43.
B38E400H182-102-B0,Published P-Q table Published curve,static_pressure,2052.0,Published curve,4320.0,600.0,1321.0,,,Airtek Power Catalog (AC _ EC).pdf,43,Published numeric Airtek table - verify source page,Numeric Pa / m3/h / rpm / W point printed on original Airtek V.2024 PDF page 43.
B23A133H54-72-00,Published P-Q table 60Hz,static_pressure,3434.0,60Hz,280.0,40.0,34.7,,,Airtek Power Catalog (AC _ EC).pdf,57,Published numeric Airtek table - verify source page,Numeric Pa / m3/h / rpm / W point printed on original Airtek V.2024 PDF page 57.
B23A133H54-72-00,Published P-Q table 60Hz,static_pressure,3430.0,60Hz,267.0,60.0,35.0,,,Airtek Power Catalog (AC _ EC).pdf,57,Published numeric Airtek table - verify source page,Numeric Pa / m3/h / rpm / W point printed on original Airtek V.2024 PDF page 57.
B23A133H54-72-00,Published P-Q table 60Hz,static_pressure,3419.0,60Hz,233.0,101.0,35.8,,,Airtek Power Catalog (AC _ EC).pdf,57,Published numeric Airtek table - verify source page,Numeric Pa / m3/h / rpm / W point printed on original Airtek V.2024 PDF page 57.
B23A133H54-72-00,Published P-Q table 60Hz,static_pressure,3427.0,60Hz,214.0,126.0,35.7,,,Airtek Power Catalog (AC _ EC).pdf,57,Published numeric Airtek table - verify source page,Numeric Pa / m3/h / rpm / W point printed on original Airtek V.2024 PDF page 57.
B23A133H54-72-00,Published P-Q table 50Hz,static_pressure,2891.0,50Hz,231.0,40.0,33.5,,,Airtek Power Catalog (AC _ EC).pdf,57,Published numeric Airtek table - verify source page,Numeric Pa / m3/h / rpm / W point printed on original Airtek V.2024 PDF page 57.
B23A133H54-72-00,Published P-Q table 50Hz,static_pressure,2887.0,50Hz,213.0,60.0,33.8,,,Airtek Power Catalog (AC _ EC).pdf,57,Published numeric Airtek table - verify source page,Numeric Pa / m3/h / rpm / W point printed on original Airtek V.2024 PDF page 57.
B23A133H54-72-00,Published P-Q table 50Hz,static_pressure,2884.0,50Hz,172.0,101.0,33.6,,,Airtek Power Catalog (AC _ EC).pdf,57,Published numeric Airtek table - verify source page,Numeric Pa / m3/h / rpm / W point printed on original Airtek V.2024 PDF page 57.
B23A133H54-72-00,Published P-Q table 50Hz,static_pressure,2887.0,50Hz,138.0,125.0,33.8,,,Airtek Power Catalog (AC _ EC).pdf,57,Published numeric Airtek table - verify source page,Numeric Pa / m3/h / rpm / W point printed on original Airtek V.2024 PDF page 57.
B23A155H75-92-A0,Published P-Q table 60Hz,static_pressure,2962.0,60Hz,435.0,50.0,36.0,,,Airtek Power Catalog (AC _ EC).pdf,58,Published numeric Airtek table - verify source page,Numeric Pa / m3/h / rpm / W point printed on original Airtek V.2024 PDF page 58.
B23A155H75-92-A0,Published P-Q table 60Hz,static_pressure,2960.0,60Hz,370.0,100.0,37.0,,,Airtek Power Catalog (AC _ EC).pdf,58,Published numeric Airtek table - verify source page,Numeric Pa / m3/h / rpm / W point printed on original Airtek V.2024 PDF page 58.
B23A155H75-92-A0,Published P-Q table 60Hz,static_pressure,2965.0,60Hz,300.0,150.0,36.0,,,Airtek Power Catalog (AC _ EC).pdf,58,Published numeric Airtek table - verify source page,Numeric Pa / m3/h / rpm / W point printed on original Airtek V.2024 PDF page 58.
B23A155H75-92-A0,Published P-Q table 60Hz,static_pressure,2968.0,60Hz,155.0,200.0,36.0,,,Airtek Power Catalog (AC _ EC).pdf,58,Published numeric Airtek table - verify source page,Numeric Pa / m3/h / rpm / W point printed on original Airtek V.2024 PDF page 58.
B23A155H75-92-A0,Published P-Q table 50Hz,static_pressure,2641.0,50Hz,368.0,50.0,32.0,,,Airtek Power Catalog (AC _ EC).pdf,58,Published numeric Airtek table - verify source page,Numeric Pa / m3/h / rpm / W point printed on original Airtek V.2024 PDF page 58.
B23A155H75-92-A0,Published P-Q table 50Hz,static_pressure,2612.0,50Hz,295.0,100.0,31.0,,,Airtek Power Catalog (AC _ EC).pdf,58,Published numeric Airtek table - verify source page,Numeric Pa / m3/h / rpm / W point printed on original Airtek V.2024 PDF page 58.
B23A155H75-92-A0,Published P-Q table 50Hz,static_pressure,2633.0,50Hz,200.0,150.0,31.0,,,Airtek Power Catalog (AC _ EC).pdf,58,Published numeric Airtek table - verify source page,Numeric Pa / m3/h / rpm / W point printed on original Airtek V.2024 PDF page 58.
B23A175H62-72-00,Published P-Q table Published curve,static_pressure,2670.0,Published curve,349.0,120.0,41.0,,,Airtek Power Catalog (AC _ EC).pdf,59,Published numeric Airtek table - verify source page,Numeric Pa / m3/h / rpm / W point printed on original Airtek V.2024 PDF page 59.
B23A175H62-72-00,Published P-Q table Published curve,static_pressure,2646.0,Published curve,309.0,145.0,42.0,,,Airtek Power Catalog (AC _ EC).pdf,59,Published numeric Airtek table - verify source page,Numeric Pa / m3/h / rpm / W point printed on original Airtek V.2024 PDF page 59.
B23A175H62-72-00,Published P-Q table Published curve,static_pressure,2640.0,Published curve,288.0,156.0,43.0,,,Airtek Power Catalog (AC _ EC).pdf,59,Published numeric Airtek table - verify source page,Numeric Pa / m3/h / rpm / W point printed on original Airtek V.2024 PDF page 59.
B23A175H62-72-00,Published P-Q table Published curve,static_pressure,2633.0,Published curve,252.0,175.0,43.0,,,Airtek Power Catalog (AC _ EC).pdf,59,Published numeric Airtek table - verify source page,Numeric Pa / m3/h / rpm / W point printed on original Airtek V.2024 PDF page 59.
B23A175H62-72-01,Published P-Q table Published curve,static_pressure,2679.0,Published curve,447.0,50.0,43.0,,,Airtek Power Catalog (AC _ EC).pdf,60,Published numeric Airtek table - verify source page,Numeric Pa / m3/h / rpm / W point printed on original Airtek V.2024 PDF page 60.
B23A175H62-72-01,Published P-Q table Published curve,static_pressure,2612.0,Published curve,385.0,100.0,45.0,,,Airtek Power Catalog (AC _ EC).pdf,60,Published numeric Airtek table - verify source page,Numeric Pa / m3/h / rpm / W point printed on original Airtek V.2024 PDF page 60.
B23A175H62-72-01,Published P-Q table Published curve,static_pressure,2578.0,Published curve,306.0,150.0,46.0,,,Airtek Power Catalog (AC _ EC).pdf,60,Published numeric Airtek table - verify source page,Numeric Pa / m3/h / rpm / W point printed on original Airtek V.2024 PDF page 60.
B23A175H62-72-01,Published P-Q table Published curve,static_pressure,2592.0,Published curve,184.0,200.0,45.0,,,Airtek Power Catalog (AC _ EC).pdf,60,Published numeric Airtek table - verify source page,Numeric Pa / m3/h / rpm / W point printed on original Airtek V.2024 PDF page 60.
B23A175H63-72-A0,Published P-Q table 60Hz,static_pressure,2780.0,60Hz,400.0,100.0,200.0,,,Airtek Power Catalog (AC _ EC).pdf,61,Published numeric Airtek table - verify source page,Numeric Pa / m3/h / rpm / W point printed on original Airtek V.2024 PDF page 61.
B23A175H63-72-A0,Published P-Q table 60Hz,static_pressure,300.0,60Hz,2720.0,260.0,126.0,,,Airtek Power Catalog (AC _ EC).pdf,61,Published numeric Airtek table - verify source page,Numeric Pa / m3/h / rpm / W point printed on original Airtek V.2024 PDF page 61.
B23A175H63-72-A0,Published P-Q table 50Hz,static_pressure,2562.0,50Hz,350.0,100.0,150.0,,,Airtek Power Catalog (AC _ EC).pdf,61,Published numeric Airtek table - verify source page,Numeric Pa / m3/h / rpm / W point printed on original Airtek V.2024 PDF page 61.
B23A175H63-72-A0,Published P-Q table 50Hz,static_pressure,200.0,50Hz,2503.0,255.0,150.0,,,Airtek Power Catalog (AC _ EC).pdf,61,Published numeric Airtek table - verify source page,Numeric Pa / m3/h / rpm / W point printed on original Airtek V.2024 PDF page 61.
B23A180H49-92-A0,Published P-Q table 60Hz,static_pressure,2920.0,60Hz,380.0,100.0,200.0,,,Airtek Power Catalog (AC _ EC).pdf,63,Published numeric Airtek table - verify source page,Numeric Pa / m3/h / rpm / W point printed on original Airtek V.2024 PDF page 63.
B23A180H49-92-A0,Published P-Q table 60Hz,static_pressure,300.0,60Hz,2902.0,285.0,182.0,,,Airtek Power Catalog (AC _ EC).pdf,63,Published numeric Airtek table - verify source page,Numeric Pa / m3/h / rpm / W point printed on original Airtek V.2024 PDF page 63.
B23A180H49-92-A0,Published P-Q table 50Hz,static_pressure,2680.0,50Hz,350.0,100.0,150.0,,,Airtek Power Catalog (AC _ EC).pdf,63,Published numeric Airtek table - verify source page,Numeric Pa / m3/h / rpm / W point printed on original Airtek V.2024 PDF page 63.
B23A180H49-92-A0,Published P-Q table 50Hz,static_pressure,200.0,50Hz,2652.0,300.0,238.0,,,Airtek Power Catalog (AC _ EC).pdf,63,Published numeric Airtek table - verify source page,Numeric Pa / m3/h / rpm / W point printed on original Airtek V.2024 PDF page 63.
B23A190H63-72-00,Published P-Q table Published curve,static_pressure,2713.0,Published curve,405.0,125.0,57.0,,,Airtek Power Catalog (AC _ EC).pdf,65,Published numeric Airtek table - verify source page,Numeric Pa / m3/h / rpm / W point printed on original Airtek V.2024 PDF page 65.
B23A190H63-72-00,Published P-Q table Published curve,static_pressure,2659.0,Published curve,368.0,150.0,59.0,,,Airtek Power Catalog (AC _ EC).pdf,65,Published numeric Airtek table - verify source page,Numeric Pa / m3/h / rpm / W point printed on original Airtek V.2024 PDF page 65.
B23A190H63-72-00,Published P-Q table Published curve,static_pressure,2635.0,Published curve,326.0,175.0,60.0,,,Airtek Power Catalog (AC _ EC).pdf,65,Published numeric Airtek table - verify source page,Numeric Pa / m3/h / rpm / W point printed on original Airtek V.2024 PDF page 65.
B23A190H63-72-00,Published P-Q table Published curve,static_pressure,2613.0,Published curve,282.0,200.0,61.0,,,Airtek Power Catalog (AC _ EC).pdf,65,Published numeric Airtek table - verify source page,Numeric Pa / m3/h / rpm / W point printed on original Airtek V.2024 PDF page 65.
B23A190H63-92-00,Published P-Q table Published curve,static_pressure,2773.0,Published curve,504.0,50.0,66.0,,,Airtek Power Catalog (AC _ EC).pdf,66,Published numeric Airtek table - verify source page,Numeric Pa / m3/h / rpm / W point printed on original Airtek V.2024 PDF page 66.
B23A190H63-92-00,Published P-Q table Published curve,static_pressure,2665.0,Published curve,431.0,100.0,67.0,,,Airtek Power Catalog (AC _ EC).pdf,66,Published numeric Airtek table - verify source page,Numeric Pa / m3/h / rpm / W point printed on original Airtek V.2024 PDF page 66.
B23A190H63-92-00,Published P-Q table Published curve,static_pressure,2469.0,Published curve,319.0,150.0,70.0,,,Airtek Power Catalog (AC _ EC).pdf,66,Published numeric Airtek table - verify source page,Numeric Pa / m3/h / rpm / W point printed on original Airtek V.2024 PDF page 66.
B23A190H63-92-00,Published P-Q table Published curve,static_pressure,2413.0,Published curve,251.0,175.0,70.0,,,Airtek Power Catalog (AC _ EC).pdf,66,Published numeric Airtek table - verify source page,Numeric Pa / m3/h / rpm / W point printed on original Airtek V.2024 PDF page 66.
B23A190H62-92-00,Published P-Q table Published curve,static_pressure,2642.0,Published curve,319.0,140.0,62.0,,,Airtek Power Catalog (AC _ EC).pdf,67,Published numeric Airtek table - verify source page,Numeric Pa / m3/h / rpm / W point printed on original Airtek V.2024 PDF page 67.
B23A190H62-92-00,Published P-Q table Published curve,static_pressure,2635.0,Published curve,300.0,160.0,62.0,,,Airtek Power Catalog (AC _ EC).pdf,67,Published numeric Airtek table - verify source page,Numeric Pa / m3/h / rpm / W point printed on original Airtek V.2024 PDF page 67.
B23A190H62-92-00,Published P-Q table Published curve,static_pressure,2620.0,Published curve,270.0,180.0,63.0,,,Airtek Power Catalog (AC _ EC).pdf,67,Published numeric Airtek table - verify source page,Numeric Pa / m3/h / rpm / W point printed on original Airtek V.2024 PDF page 67.
B23A190H62-92-00,Published P-Q table Published curve,static_pressure,2620.0,Published curve,260.0,190.0,64.0,,,Airtek Power Catalog (AC _ EC).pdf,67,Published numeric Airtek table - verify source page,Numeric Pa / m3/h / rpm / W point printed on original Airtek V.2024 PDF page 67.
B23A190H63-92-A0,Published P-Q table 60Hz,static_pressure,2786.0,60Hz,465.0,100.0,200.0,,,Airtek Power Catalog (AC _ EC).pdf,68,Published numeric Airtek table - verify source page,Numeric Pa / m3/h / rpm / W point printed on original Airtek V.2024 PDF page 68.
B23A190H63-92-A0,Published P-Q table 60Hz,static_pressure,300.0,60Hz,2732.0,350.0,195.0,,,Airtek Power Catalog (AC _ EC).pdf,68,Published numeric Airtek table - verify source page,Numeric Pa / m3/h / rpm / W point printed on original Airtek V.2024 PDF page 68.
B23A190H63-92-A0,Published P-Q table 50Hz,static_pressure,2625.0,50Hz,445.0,100.0,150.0,,,Airtek Power Catalog (AC _ EC).pdf,68,Published numeric Airtek table - verify source page,Numeric Pa / m3/h / rpm / W point printed on original Airtek V.2024 PDF page 68.
B23A190H63-92-A0,Published P-Q table 50Hz,static_pressure,200.0,50Hz,2603.0,355.0,295.0,,,Airtek Power Catalog (AC _ EC).pdf,68,Published numeric Airtek table - verify source page,Numeric Pa / m3/h / rpm / W point printed on original Airtek V.2024 PDF page 68.
B23A220H64-92-00,Published P-Q table 50Hz,static_pressure,2585.0,50Hz,750.0,150.0,138.0,,,Airtek Power Catalog (AC _ EC).pdf,70,Published numeric Airtek table - verify source page,Numeric Pa / m3/h / rpm / W point printed on original Airtek V.2024 PDF page 70.
B23A220H64-92-00,Published P-Q table 50Hz,static_pressure,2500.0,50Hz,645.0,200.0,141.0,,,Airtek Power Catalog (AC _ EC).pdf,70,Published numeric Airtek table - verify source page,Numeric Pa / m3/h / rpm / W point printed on original Airtek V.2024 PDF page 70.
B23A220H64-92-00,Published P-Q table 50Hz,static_pressure,2445.0,50Hz,515.0,250.0,142.0,,,Airtek Power Catalog (AC _ EC).pdf,70,Published numeric Airtek table - verify source page,Numeric Pa / m3/h / rpm / W point printed on original Airtek V.2024 PDF page 70.
B23A220H64-92-00,Published P-Q table 60Hz,static_pressure,2410.0,60Hz,625.0,190.0,111.0,,,Airtek Power Catalog (AC _ EC).pdf,70,Published numeric Airtek table - verify source page,Numeric Pa / m3/h / rpm / W point printed on original Airtek V.2024 PDF page 70.
B23A220H64-92-00,Published P-Q table 60Hz,static_pressure,2400.0,60Hz,485.0,250.0,112.0,,,Airtek Power Catalog (AC _ EC).pdf,70,Published numeric Airtek table - verify source page,Numeric Pa / m3/h / rpm / W point printed on original Airtek V.2024 PDF page 70.
B23A220H64-92-00,Published P-Q table 60Hz,static_pressure,2585.0,60Hz,750.0,150.0,138.0,,,Airtek Power Catalog (AC _ EC).pdf,70,Published numeric Airtek table - verify source page,Numeric Pa / m3/h / rpm / W point printed on original Airtek V.2024 PDF page 70.
B23A225H89-92-00,Published P-Q table Published curve,static_pressure,2580.0,Published curve,850.0,200.0,143.0,,,Airtek Power Catalog (AC _ EC).pdf,72,Published numeric Airtek table - verify source page,Numeric Pa / m3/h / rpm / W point printed on original Airtek V.2024 PDF page 72.
B23A225H89-92-00,Published P-Q table Published curve,static_pressure,2565.0,Published curve,750.0,250.0,144.0,,,Airtek Power Catalog (AC _ EC).pdf,72,Published numeric Airtek table - verify source page,Numeric Pa / m3/h / rpm / W point printed on original Airtek V.2024 PDF page 72.
B23A225H89-92-00,Published P-Q table Published curve,static_pressure,2545.0,Published curve,630.0,310.0,148.0,,,Airtek Power Catalog (AC _ EC).pdf,72,Published numeric Airtek table - verify source page,Numeric Pa / m3/h / rpm / W point printed on original Airtek V.2024 PDF page 72.
B23A225H89-92-00,Published P-Q table Published curve,static_pressure,2540.0,Published curve,545.0,345.0,148.0,,,Airtek Power Catalog (AC _ EC).pdf,72,Published numeric Airtek table - verify source page,Numeric Pa / m3/h / rpm / W point printed on original Airtek V.2024 PDF page 72.
B23A225H90-92-00,Published P-Q table Published curve,static_pressure,2827.0,Published curve,1150.0,100.0,214.0,,,Airtek Power Catalog (AC _ EC).pdf,73,Published numeric Airtek table - verify source page,Numeric Pa / m3/h / rpm / W point printed on original Airtek V.2024 PDF page 73.
B23A225H90-92-00,Published P-Q table Published curve,static_pressure,2684.0,Published curve,975.0,200.0,227.0,,,Airtek Power Catalog (AC _ EC).pdf,73,Published numeric Airtek table - verify source page,Numeric Pa / m3/h / rpm / W point printed on original Airtek V.2024 PDF page 73.
B23A225H90-92-00,Published P-Q table Published curve,static_pressure,2739.0,Published curve,814.0,300.0,221.0,,,Airtek Power Catalog (AC _ EC).pdf,73,Published numeric Airtek table - verify source page,Numeric Pa / m3/h / rpm / W point printed on original Airtek V.2024 PDF page 73.
B23A225H90-92-00,Published P-Q table Published curve,static_pressure,2686.0,Published curve,696.0,350.0,225.0,,,Airtek Power Catalog (AC _ EC).pdf,73,Published numeric Airtek table - verify source page,Numeric Pa / m3/h / rpm / W point printed on original Airtek V.2024 PDF page 73.
B23A225H89-92-A0,Published P-Q table 60Hz,static_pressure,2965.0,60Hz,1050.0,150.0,182.0,,,Airtek Power Catalog (AC _ EC).pdf,74,Published numeric Airtek table - verify source page,Numeric Pa / m3/h / rpm / W point printed on original Airtek V.2024 PDF page 74.
B23A225H89-92-A0,Published P-Q table 60Hz,static_pressure,2931.0,60Hz,950.0,200.0,180.0,,,Airtek Power Catalog (AC _ EC).pdf,74,Published numeric Airtek table - verify source page,Numeric Pa / m3/h / rpm / W point printed on original Airtek V.2024 PDF page 74.
B23A225H89-92-A0,Published P-Q table 60Hz,static_pressure,2903.0,60Hz,770.0,300.0,179.0,,,Airtek Power Catalog (AC _ EC).pdf,74,Published numeric Airtek table - verify source page,Numeric Pa / m3/h / rpm / W point printed on original Airtek V.2024 PDF page 74.
B23A225H89-92-A0,Published P-Q table 60Hz,static_pressure,2829.0,60Hz,530.0,400.0,179.0,,,Airtek Power Catalog (AC _ EC).pdf,74,Published numeric Airtek table - verify source page,Numeric Pa / m3/h / rpm / W point printed on original Airtek V.2024 PDF page 74.
B23A225H89-92-A0,Published P-Q table 50Hz,static_pressure,2695.0,50Hz,900.0,150.0,136.0,,,Airtek Power Catalog (AC _ EC).pdf,74,Published numeric Airtek table - verify source page,Numeric Pa / m3/h / rpm / W point printed on original Airtek V.2024 PDF page 74.
B23A225H89-92-A0,Published P-Q table 50Hz,static_pressure,2656.0,50Hz,810.0,200.0,136.0,,,Airtek Power Catalog (AC _ EC).pdf,74,Published numeric Airtek table - verify source page,Numeric Pa / m3/h / rpm / W point printed on original Airtek V.2024 PDF page 74.
B23A225H89-92-A0,Published P-Q table 50Hz,static_pressure,2615.0,50Hz,600.0,300.0,134.0,,,Airtek Power Catalog (AC _ EC).pdf,74,Published numeric Airtek table - verify source page,Numeric Pa / m3/h / rpm / W point printed on original Airtek V.2024 PDF page 74.
B23A225H89-92-A0,Published P-Q table 50Hz,static_pressure,2568.0,50Hz,330.0,400.0,135.0,,,Airtek Power Catalog (AC _ EC).pdf,74,Published numeric Airtek table - verify source page,Numeric Pa / m3/h / rpm / W point printed on original Airtek V.2024 PDF page 74.
B38A225H89-92-00,Published P-Q table 60Hz,static_pressure,2920.0,60Hz,966.0,280.0,242.0,,,Airtek Power Catalog (AC _ EC).pdf,75,Published numeric Airtek table - verify source page,Numeric Pa / m3/h / rpm / W point printed on original Airtek V.2024 PDF page 75.
B38A225H89-92-00,Published P-Q table 60Hz,static_pressure,2985.0,60Hz,893.0,318.0,223.0,,,Airtek Power Catalog (AC _ EC).pdf,75,Published numeric Airtek table - verify source page,Numeric Pa / m3/h / rpm / W point printed on original Airtek V.2024 PDF page 75.
B38A225H89-92-00,Published P-Q table 60Hz,static_pressure,2965.0,60Hz,821.0,360.0,228.0,,,Airtek Power Catalog (AC _ EC).pdf,75,Published numeric Airtek table - verify source page,Numeric Pa / m3/h / rpm / W point printed on original Airtek V.2024 PDF page 75.
B38A225H89-92-00,Published P-Q table 60Hz,static_pressure,2947.0,60Hz,744.0,400.0,232.0,,,Airtek Power Catalog (AC _ EC).pdf,75,Published numeric Airtek table - verify source page,Numeric Pa / m3/h / rpm / W point printed on original Airtek V.2024 PDF page 75.
B38A225H89-92-00,Published P-Q table 50Hz,static_pressure,2587.0,50Hz,766.0,250.0,137.0,,,Airtek Power Catalog (AC _ EC).pdf,75,Published numeric Airtek table - verify source page,Numeric Pa / m3/h / rpm / W point printed on original Airtek V.2024 PDF page 75.
B38A225H89-92-00,Published P-Q table 50Hz,static_pressure,2576.0,50Hz,712.0,279.0,140.0,,,Airtek Power Catalog (AC _ EC).pdf,75,Published numeric Airtek table - verify source page,Numeric Pa / m3/h / rpm / W point printed on original Airtek V.2024 PDF page 75.
B38A225H89-92-00,Published P-Q table 50Hz,static_pressure,2558.0,50Hz,625.0,318.0,143.0,,,Airtek Power Catalog (AC _ EC).pdf,75,Published numeric Airtek table - verify source page,Numeric Pa / m3/h / rpm / W point printed on original Airtek V.2024 PDF page 75.
B38A225H89-92-00,Published P-Q table 50Hz,static_pressure,2558.0,50Hz,520.0,360.0,143.0,,,Airtek Power Catalog (AC _ EC).pdf,75,Published numeric Airtek table - verify source page,Numeric Pa / m3/h / rpm / W point printed on original Airtek V.2024 PDF page 75.
B23A250H85-92-00,Published P-Q table Published curve,static_pressure,2580.0,Published curve,1100.0,200.0,177.0,,,Airtek Power Catalog (AC _ EC).pdf,77,Published numeric Airtek table - verify source page,Numeric Pa / m3/h / rpm / W point printed on original Airtek V.2024 PDF page 77.
B23A250H85-92-00,Published P-Q table Published curve,static_pressure,2550.0,Published curve,1040.0,235.0,184.0,,,Airtek Power Catalog (AC _ EC).pdf,77,Published numeric Airtek table - verify source page,Numeric Pa / m3/h / rpm / W point printed on original Airtek V.2024 PDF page 77.
B23A250H85-92-00,Published P-Q table Published curve,static_pressure,2485.0,Published curve,890.0,300.0,196.0,,,Airtek Power Catalog (AC _ EC).pdf,77,Published numeric Airtek table - verify source page,Numeric Pa / m3/h / rpm / W point printed on original Airtek V.2024 PDF page 77.
B23A250H85-92-00,Published P-Q table Published curve,static_pressure,2465.0,Published curve,820.0,325.0,199.0,,,Airtek Power Catalog (AC _ EC).pdf,77,Published numeric Airtek table - verify source page,Numeric Pa / m3/h / rpm / W point printed on original Airtek V.2024 PDF page 77.
B38A250H85-92-00,Published P-Q table Published curve,static_pressure,2582.0,Published curve,1102.0,200.0,177.0,,,Airtek Power Catalog (AC _ EC).pdf,78,Published numeric Airtek table - verify source page,Numeric Pa / m3/h / rpm / W point printed on original Airtek V.2024 PDF page 78.
B38A250H85-92-00,Published P-Q table Published curve,static_pressure,2550.0,Published curve,1039.0,234.0,184.0,,,Airtek Power Catalog (AC _ EC).pdf,78,Published numeric Airtek table - verify source page,Numeric Pa / m3/h / rpm / W point printed on original Airtek V.2024 PDF page 78.
B38A250H85-92-00,Published P-Q table Published curve,static_pressure,2484.0,Published curve,892.0,300.0,196.0,,,Airtek Power Catalog (AC _ EC).pdf,78,Published numeric Airtek table - verify source page,Numeric Pa / m3/h / rpm / W point printed on original Airtek V.2024 PDF page 78.
B38A250H85-92-00,Published P-Q table Published curve,static_pressure,2467.0,Published curve,627.0,400.0,198.0,,,Airtek Power Catalog (AC _ EC).pdf,78,Published numeric Airtek table - verify source page,Numeric Pa / m3/h / rpm / W point printed on original Airtek V.2024 PDF page 78.
B23A250H77-92-A0,Published P-Q table 60Hz,static_pressure,2665.0,60Hz,1050.0,150.0,192.0,,,Airtek Power Catalog (AC _ EC).pdf,79,Published numeric Airtek table - verify source page,Numeric Pa / m3/h / rpm / W point printed on original Airtek V.2024 PDF page 79.
B23A250H77-92-A0,Published P-Q table 60Hz,static_pressure,2623.0,60Hz,900.0,200.0,190.0,,,Airtek Power Catalog (AC _ EC).pdf,79,Published numeric Airtek table - verify source page,Numeric Pa / m3/h / rpm / W point printed on original Airtek V.2024 PDF page 79.
B23A250H77-92-A0,Published P-Q table 60Hz,static_pressure,2595.0,60Hz,675.0,300.0,187.0,,,Airtek Power Catalog (AC _ EC).pdf,79,Published numeric Airtek table - verify source page,Numeric Pa / m3/h / rpm / W point printed on original Airtek V.2024 PDF page 79.
B23A250H77-92-A0,Published P-Q table 60Hz,static_pressure,2568.0,60Hz,450.0,400.0,187.0,,,Airtek Power Catalog (AC _ EC).pdf,79,Published numeric Airtek table - verify source page,Numeric Pa / m3/h / rpm / W point printed on original Airtek V.2024 PDF page 79.
B23A250H77-92-A0,Published P-Q table 50Hz,static_pressure,2521.0,50Hz,820.0,150.0,136.0,,,Airtek Power Catalog (AC _ EC).pdf,79,Published numeric Airtek table - verify source page,Numeric Pa / m3/h / rpm / W point printed on original Airtek V.2024 PDF page 79.
B23A250H77-92-A0,Published P-Q table 50Hz,static_pressure,2493.0,50Hz,740.0,200.0,135.0,,,Airtek Power Catalog (AC _ EC).pdf,79,Published numeric Airtek table - verify source page,Numeric Pa / m3/h / rpm / W point printed on original Airtek V.2024 PDF page 79.
B23A250H77-92-A0,Published P-Q table 50Hz,static_pressure,2421.0,50Hz,600.0,300.0,134.0,,,Airtek Power Catalog (AC _ EC).pdf,79,Published numeric Airtek table - verify source page,Numeric Pa / m3/h / rpm / W point printed on original Airtek V.2024 PDF page 79.
B23A250H77-92-A0,Published P-Q table 50Hz,static_pressure,2395.0,50Hz,375.0,400.0,134.0,,,Airtek Power Catalog (AC _ EC).pdf,79,Published numeric Airtek table - verify source page,Numeric Pa / m3/h / rpm / W point printed on original Airtek V.2024 PDF page 79.
B38A250H77-92-A0,Published P-Q table 60Hz,static_pressure,2665.0,60Hz,1050.0,150.0,192.0,,,Airtek Power Catalog (AC _ EC).pdf,80,Published numeric Airtek table - verify source page,Numeric Pa / m3/h / rpm / W point printed on original Airtek V.2024 PDF page 80.
B38A250H77-92-A0,Published P-Q table 60Hz,static_pressure,2623.0,60Hz,900.0,200.0,190.0,,,Airtek Power Catalog (AC _ EC).pdf,80,Published numeric Airtek table - verify source page,Numeric Pa / m3/h / rpm / W point printed on original Airtek V.2024 PDF page 80.
B38A250H77-92-A0,Published P-Q table 60Hz,static_pressure,2595.0,60Hz,675.0,300.0,187.0,,,Airtek Power Catalog (AC _ EC).pdf,80,Published numeric Airtek table - verify source page,Numeric Pa / m3/h / rpm / W point printed on original Airtek V.2024 PDF page 80.
B38A250H77-92-A0,Published P-Q table 60Hz,static_pressure,2568.0,60Hz,450.0,400.0,187.0,,,Airtek Power Catalog (AC _ EC).pdf,80,Published numeric Airtek table - verify source page,Numeric Pa / m3/h / rpm / W point printed on original Airtek V.2024 PDF page 80.
B38A250H77-92-A0,Published P-Q table 50Hz,static_pressure,2521.0,50Hz,820.0,150.0,136.0,,,Airtek Power Catalog (AC _ EC).pdf,80,Published numeric Airtek table - verify source page,Numeric Pa / m3/h / rpm / W point printed on original Airtek V.2024 PDF page 80.
B38A250H77-92-A0,Published P-Q table 50Hz,static_pressure,2493.0,50Hz,740.0,200.0,135.0,,,Airtek Power Catalog (AC _ EC).pdf,80,Published numeric Airtek table - verify source page,Numeric Pa / m3/h / rpm / W point printed on original Airtek V.2024 PDF page 80.
B38A250H77-92-A0,Published P-Q table 50Hz,static_pressure,2421.0,50Hz,600.0,300.0,134.0,,,Airtek Power Catalog (AC _ EC).pdf,80,Published numeric Airtek table - verify source page,Numeric Pa / m3/h / rpm / W point printed on original Airtek V.2024 PDF page 80.
B38A250H77-92-A0,Published P-Q table 50Hz,static_pressure,2395.0,50Hz,375.0,400.0,134.0,,,Airtek Power Catalog (AC _ EC).pdf,80,Published numeric Airtek table - verify source page,Numeric Pa / m3/h / rpm / W point printed on original Airtek V.2024 PDF page 80.
B23A250H84-92-A0,Published P-Q table 60Hz,static_pressure,2995.0,60Hz,1340.0,150.0,286.0,,,Airtek Power Catalog (AC _ EC).pdf,82,Published numeric Airtek table - verify source page,Numeric Pa / m3/h / rpm / W point printed on original Airtek V.2024 PDF page 82.
B23A250H84-92-A0,Published P-Q table 60Hz,static_pressure,2965.0,60Hz,1200.0,200.0,285.0,,,Airtek Power Catalog (AC _ EC).pdf,82,Published numeric Airtek table - verify source page,Numeric Pa / m3/h / rpm / W point printed on original Airtek V.2024 PDF page 82.
B23A250H84-92-A0,Published P-Q table 60Hz,static_pressure,2904.0,60Hz,900.0,300.0,281.0,,,Airtek Power Catalog (AC _ EC).pdf,82,Published numeric Airtek table - verify source page,Numeric Pa / m3/h / rpm / W point printed on original Airtek V.2024 PDF page 82.
B23A250H84-92-A0,Published P-Q table 60Hz,static_pressure,2889.0,60Hz,600.0,400.0,281.0,,,Airtek Power Catalog (AC _ EC).pdf,82,Published numeric Airtek table - verify source page,Numeric Pa / m3/h / rpm / W point printed on original Airtek V.2024 PDF page 82.
B23A250H84-92-A0,Published P-Q table 50Hz,static_pressure,2686.0,50Hz,1280.0,150.0,195.0,,,Airtek Power Catalog (AC _ EC).pdf,82,Published numeric Airtek table - verify source page,Numeric Pa / m3/h / rpm / W point printed on original Airtek V.2024 PDF page 82.
B23A250H84-92-A0,Published P-Q table 50Hz,static_pressure,2655.0,50Hz,1100.0,200.0,194.0,,,Airtek Power Catalog (AC _ EC).pdf,82,Published numeric Airtek table - verify source page,Numeric Pa / m3/h / rpm / W point printed on original Airtek V.2024 PDF page 82.
B23A250H84-92-A0,Published P-Q table 50Hz,static_pressure,2621.0,50Hz,890.0,300.0,192.0,,,Airtek Power Catalog (AC _ EC).pdf,82,Published numeric Airtek table - verify source page,Numeric Pa / m3/h / rpm / W point printed on original Airtek V.2024 PDF page 82.
B23A250H84-92-A0,Published P-Q table 50Hz,static_pressure,2596.0,50Hz,590.0,400.0,192.0,,,Airtek Power Catalog (AC _ EC).pdf,82,Published numeric Airtek table - verify source page,Numeric Pa / m3/h / rpm / W point printed on original Airtek V.2024 PDF page 82.
B23A280H81-92-00,Published P-Q table Published curve,static_pressure,2691.0,Published curve,1200.0,200.0,275.0,,,Airtek Power Catalog (AC _ EC).pdf,84,Published numeric Airtek table - verify source page,Numeric Pa / m3/h / rpm / W point printed on original Airtek V.2024 PDF page 84.
B23A280H81-92-00,Published P-Q table Published curve,static_pressure,2652.0,Published curve,900.0,300.0,274.0,,,Airtek Power Catalog (AC _ EC).pdf,84,Published numeric Airtek table - verify source page,Numeric Pa / m3/h / rpm / W point printed on original Airtek V.2024 PDF page 84.
B23A280H81-92-00,Published P-Q table Published curve,static_pressure,2602.0,Published curve,600.0,400.0,270.0,,,Airtek Power Catalog (AC _ EC).pdf,84,Published numeric Airtek table - verify source page,Numeric Pa / m3/h / rpm / W point printed on original Airtek V.2024 PDF page 84.
B23A280H81-92-00,Published P-Q table Published curve,static_pressure,2580.0,Published curve,315.0,500.0,268.0,,,Airtek Power Catalog (AC _ EC).pdf,84,Published numeric Airtek table - verify source page,Numeric Pa / m3/h / rpm / W point printed on original Airtek V.2024 PDF page 84.
B38A280H115-102-A0,Published P-Q table 60Hz,static_pressure,3191.0,60Hz,2230.0,300.0,805.0,,,Airtek Power Catalog (AC _ EC).pdf,88,Published numeric Airtek table - verify source page,Numeric Pa / m3/h / rpm / W point printed on original Airtek V.2024 PDF page 88.
B38A280H115-102-A0,Published P-Q table 60Hz,static_pressure,3155.0,60Hz,2100.0,400.0,801.0,,,Airtek Power Catalog (AC _ EC).pdf,88,Published numeric Airtek table - verify source page,Numeric Pa / m3/h / rpm / W point printed on original Airtek V.2024 PDF page 88.
B38A280H115-102-A0,Published P-Q table 60Hz,static_pressure,3105.0,60Hz,1910.0,500.0,796.0,,,Airtek Power Catalog (AC _ EC).pdf,88,Published numeric Airtek table - verify source page,Numeric Pa / m3/h / rpm / W point printed on original Airtek V.2024 PDF page 88.
B38A280H115-102-A0,Published P-Q table 60Hz,static_pressure,3068.0,60Hz,1700.0,600.0,795.0,,,Airtek Power Catalog (AC _ EC).pdf,88,Published numeric Airtek table - verify source page,Numeric Pa / m3/h / rpm / W point printed on original Airtek V.2024 PDF page 88.
B38A280H115-102-A0,Published P-Q table 50Hz,static_pressure,2862.0,50Hz,1900.0,300.0,506.0,,,Airtek Power Catalog (AC _ EC).pdf,88,Published numeric Airtek table - verify source page,Numeric Pa / m3/h / rpm / W point printed on original Airtek V.2024 PDF page 88.
B38A280H115-102-A0,Published P-Q table 50Hz,static_pressure,2810.0,50Hz,1750.0,400.0,505.0,,,Airtek Power Catalog (AC _ EC).pdf,88,Published numeric Airtek table - verify source page,Numeric Pa / m3/h / rpm / W point printed on original Airtek V.2024 PDF page 88.
B38A280H115-102-A0,Published P-Q table 50Hz,static_pressure,2785.0,50Hz,1640.0,500.0,502.0,,,Airtek Power Catalog (AC _ EC).pdf,88,Published numeric Airtek table - verify source page,Numeric Pa / m3/h / rpm / W point printed on original Airtek V.2024 PDF page 88.
B38A280H115-102-A0,Published P-Q table 50Hz,static_pressure,2755.0,50Hz,1400.0,600.0,500.0,,,Airtek Power Catalog (AC _ EC).pdf,88,Published numeric Airtek table - verify source page,Numeric Pa / m3/h / rpm / W point printed on original Airtek V.2024 PDF page 88.
B38A280H135-102-A0,Published P-Q table Published curve,static_pressure,2718.0,Published curve,2150.0,300.0,505.0,,,Airtek Power Catalog (AC _ EC).pdf,89,Published numeric Airtek table - verify source page,Numeric Pa / m3/h / rpm / W point printed on original Airtek V.2024 PDF page 89.
B38A280H135-102-A0,Published P-Q table Published curve,static_pressure,2686.0,Published curve,1880.0,400.0,503.0,,,Airtek Power Catalog (AC _ EC).pdf,89,Published numeric Airtek table - verify source page,Numeric Pa / m3/h / rpm / W point printed on original Airtek V.2024 PDF page 89.
B38A280H135-102-A0,Published P-Q table Published curve,static_pressure,2651.0,Published curve,1600.0,500.0,501.0,,,Airtek Power Catalog (AC _ EC).pdf,89,Published numeric Airtek table - verify source page,Numeric Pa / m3/h / rpm / W point printed on original Airtek V.2024 PDF page 89.
B38A280H135-102-A0,Published P-Q table Published curve,static_pressure,2605.0,Published curve,1250.0,600.0,499.0,,,Airtek Power Catalog (AC _ EC).pdf,89,Published numeric Airtek table - verify source page,Numeric Pa / m3/h / rpm / W point printed on original Airtek V.2024 PDF page 89.
B23A320H134-102-00,Published P-Q table 60Hz,static_pressure,1470.0,60Hz,1565.0,100.0,171.0,,,Airtek Power Catalog (AC _ EC).pdf,90,Published numeric Airtek table - verify source page,Numeric Pa / m3/h / rpm / W point printed on original Airtek V.2024 PDF page 90.
B23A320H134-102-00,Published P-Q table 60Hz,static_pressure,1430.0,60Hz,1315.0,150.0,176.0,,,Airtek Power Catalog (AC _ EC).pdf,90,Published numeric Airtek table - verify source page,Numeric Pa / m3/h / rpm / W point printed on original Airtek V.2024 PDF page 90.
B23A320H134-102-00,Published P-Q table 60Hz,static_pressure,1435.0,60Hz,1095.0,200.0,175.0,,,Airtek Power Catalog (AC _ EC).pdf,90,Published numeric Airtek table - verify source page,Numeric Pa / m3/h / rpm / W point printed on original Airtek V.2024 PDF page 90.
B23A320H134-102-00,Published P-Q table 60Hz,static_pressure,1475.0,60Hz,730.0,260.0,166.0,,,Airtek Power Catalog (AC _ EC).pdf,90,Published numeric Airtek table - verify source page,Numeric Pa / m3/h / rpm / W point printed on original Airtek V.2024 PDF page 90.
B23A320H134-102-00,Published P-Q table 50Hz,static_pressure,1370.0,50Hz,1445.0,100.0,129.0,,,Airtek Power Catalog (AC _ EC).pdf,90,Published numeric Airtek table - verify source page,Numeric Pa / m3/h / rpm / W point printed on original Airtek V.2024 PDF page 90.
B23A320H134-102-00,Published P-Q table 50Hz,static_pressure,1370.0,50Hz,1225.0,150.0,130.0,,,Airtek Power Catalog (AC _ EC).pdf,90,Published numeric Airtek table - verify source page,Numeric Pa / m3/h / rpm / W point printed on original Airtek V.2024 PDF page 90.
B23A320H134-102-00,Published P-Q table 50Hz,static_pressure,1385.0,50Hz,830.0,200.0,122.0,,,Airtek Power Catalog (AC _ EC).pdf,90,Published numeric Airtek table - verify source page,Numeric Pa / m3/h / rpm / W point printed on original Airtek V.2024 PDF page 90.
B23A320H134-102-00,Published P-Q table 50Hz,static_pressure,1395.0,50Hz,660.0,220.0,117.0,,,Airtek Power Catalog (AC _ EC).pdf,90,Published numeric Airtek table - verify source page,Numeric Pa / m3/h / rpm / W point printed on original Airtek V.2024 PDF page 90.
B24A320H137-102-00,Published P-Q table Published curve,static_pressure,1165.0,Published curve,833.0,50.0,135.0,,,Airtek Power Catalog (AC _ EC).pdf,91,Published numeric Airtek table - verify source page,Numeric Pa / m3/h / rpm / W point printed on original Airtek V.2024 PDF page 91.
B24A320H137-102-00,Published P-Q table Published curve,static_pressure,1225.0,Published curve,689.0,100.0,128.0,,,Airtek Power Catalog (AC _ EC).pdf,91,Published numeric Airtek table - verify source page,Numeric Pa / m3/h / rpm / W point printed on original Airtek V.2024 PDF page 91.
B24A320H137-102-00,Published P-Q table Published curve,static_pressure,1327.0,Published curve,544.0,150.0,116.0,,,Airtek Power Catalog (AC _ EC).pdf,91,Published numeric Airtek table - verify source page,Numeric Pa / m3/h / rpm / W point printed on original Airtek V.2024 PDF page 91.
B24A320H137-102-00,Published P-Q table Published curve,static_pressure,1368.0,Published curve,337.0,200.0,98.0,,,Airtek Power Catalog (AC _ EC).pdf,91,Published numeric Airtek table - verify source page,Numeric Pa / m3/h / rpm / W point printed on original Airtek V.2024 PDF page 91.
B24A320H137-102-01,Published P-Q table Published curve,static_pressure,1549.0,Published curve,1001.0,100.0,167.0,,,Airtek Power Catalog (AC _ EC).pdf,92,Published numeric Airtek table - verify source page,Numeric Pa / m3/h / rpm / W point printed on original Airtek V.2024 PDF page 92.
B24A320H137-102-01,Published P-Q table Published curve,static_pressure,1474.0,Published curve,825.0,150.0,162.0,,,Airtek Power Catalog (AC _ EC).pdf,92,Published numeric Airtek table - verify source page,Numeric Pa / m3/h / rpm / W point printed on original Airtek V.2024 PDF page 92.
B24A320H137-102-01,Published P-Q table Published curve,static_pressure,1487.0,Published curve,600.0,200.0,153.0,,,Airtek Power Catalog (AC _ EC).pdf,92,Published numeric Airtek table - verify source page,Numeric Pa / m3/h / rpm / W point printed on original Airtek V.2024 PDF page 92.
B24A320H137-102-01,Published P-Q table Published curve,static_pressure,1507.0,Published curve,288.0,250.0,138.0,,,Airtek Power Catalog (AC _ EC).pdf,92,Published numeric Airtek table - verify source page,Numeric Pa / m3/h / rpm / W point printed on original Airtek V.2024 PDF page 92.
B23A320H87-102-A0,Published P-Q table 60Hz,static_pressure,1695.0,60Hz,1200.0,100.0,116.0,,,Airtek Power Catalog (AC _ EC).pdf,93,Published numeric Airtek table - verify source page,Numeric Pa / m3/h / rpm / W point printed on original Airtek V.2024 PDF page 93.
B23A320H87-102-A0,Published P-Q table 60Hz,static_pressure,1659.0,60Hz,1050.0,150.0,116.0,,,Airtek Power Catalog (AC _ EC).pdf,93,Published numeric Airtek table - verify source page,Numeric Pa / m3/h / rpm / W point printed on original Airtek V.2024 PDF page 93.
B23A320H87-102-A0,Published P-Q table 60Hz,static_pressure,1620.0,60Hz,945.0,200.0,115.0,,,Airtek Power Catalog (AC _ EC).pdf,93,Published numeric Airtek table - verify source page,Numeric Pa / m3/h / rpm / W point printed on original Airtek V.2024 PDF page 93.
B23A320H87-102-A0,Published P-Q table 60Hz,static_pressure,1595.0,60Hz,730.0,250.0,115.0,,,Airtek Power Catalog (AC _ EC).pdf,93,Published numeric Airtek table - verify source page,Numeric Pa / m3/h / rpm / W point printed on original Airtek V.2024 PDF page 93.
B23A320H87-102-A0,Published P-Q table 50Hz,static_pressure,1525.0,50Hz,1080.0,100.0,98.0,,,Airtek Power Catalog (AC _ EC).pdf,93,Published numeric Airtek table - verify source page,Numeric Pa / m3/h / rpm / W point printed on original Airtek V.2024 PDF page 93.
B23A320H87-102-A0,Published P-Q table 50Hz,static_pressure,1496.0,50Hz,920.0,150.0,97.0,,,Airtek Power Catalog (AC _ EC).pdf,93,Published numeric Airtek table - verify source page,Numeric Pa / m3/h / rpm / W point printed on original Airtek V.2024 PDF page 93.
B23A320H87-102-A0,Published P-Q table 50Hz,static_pressure,1436.0,50Hz,710.0,200.0,97.0,,,Airtek Power Catalog (AC _ EC).pdf,93,Published numeric Airtek table - verify source page,Numeric Pa / m3/h / rpm / W point printed on original Airtek V.2024 PDF page 93.
B23A320H87-102-A0,Published P-Q table 50Hz,static_pressure,1402.0,50Hz,430.0,250.0,95.0,,,Airtek Power Catalog (AC _ EC).pdf,93,Published numeric Airtek table - verify source page,Numeric Pa / m3/h / rpm / W point printed on original Airtek V.2024 PDF page 93.
B23A320H107-102-A0,Published P-Q table 60Hz,static_pressure,1652.0,60Hz,1500.0,100.0,135.0,,,Airtek Power Catalog (AC _ EC).pdf,94,Published numeric Airtek table - verify source page,Numeric Pa / m3/h / rpm / W point printed on original Airtek V.2024 PDF page 94.
B23A320H107-102-A0,Published P-Q table 60Hz,static_pressure,1609.0,60Hz,1250.0,150.0,136.0,,,Airtek Power Catalog (AC _ EC).pdf,94,Published numeric Airtek table - verify source page,Numeric Pa / m3/h / rpm / W point printed on original Airtek V.2024 PDF page 94.
B23A320H107-102-A0,Published P-Q table 60Hz,static_pressure,1568.0,60Hz,1000.0,200.0,131.0,,,Airtek Power Catalog (AC _ EC).pdf,94,Published numeric Airtek table - verify source page,Numeric Pa / m3/h / rpm / W point printed on original Airtek V.2024 PDF page 94.
B23A320H107-102-A0,Published P-Q table 60Hz,static_pressure,1522.0,60Hz,570.0,300.0,130.0,,,Airtek Power Catalog (AC _ EC).pdf,94,Published numeric Airtek table - verify source page,Numeric Pa / m3/h / rpm / W point printed on original Airtek V.2024 PDF page 94.
B23A320H107-102-A0,Published P-Q table 50Hz,static_pressure,1423.0,50Hz,1280.0,100.0,106.0,,,Airtek Power Catalog (AC _ EC).pdf,94,Published numeric Airtek table - verify source page,Numeric Pa / m3/h / rpm / W point printed on original Airtek V.2024 PDF page 94.
B23A320H107-102-A0,Published P-Q table 50Hz,static_pressure,1379.0,50Hz,1050.0,150.0,106.0,,,Airtek Power Catalog (AC _ EC).pdf,94,Published numeric Airtek table - verify source page,Numeric Pa / m3/h / rpm / W point printed on original Airtek V.2024 PDF page 94.
B23A320H107-102-A0,Published P-Q table 50Hz,static_pressure,1335.0,50Hz,810.0,200.0,105.0,,,Airtek Power Catalog (AC _ EC).pdf,94,Published numeric Airtek table - verify source page,Numeric Pa / m3/h / rpm / W point printed on original Airtek V.2024 PDF page 94.
B23A320H107-102-A0,Published P-Q table 50Hz,static_pressure,1339.0,50Hz,430.0,250.0,105.0,,,Airtek Power Catalog (AC _ EC).pdf,94,Published numeric Airtek table - verify source page,Numeric Pa / m3/h / rpm / W point printed on original Airtek V.2024 PDF page 94.
B23A320H135-102-A0,Published P-Q table 60Hz,static_pressure,1612.0,60Hz,1710.0,100.0,188.0,,,Airtek Power Catalog (AC _ EC).pdf,95,Published numeric Airtek table - verify source page,Numeric Pa / m3/h / rpm / W point printed on original Airtek V.2024 PDF page 95.
B23A320H135-102-A0,Published P-Q table 60Hz,static_pressure,1596.0,60Hz,1520.0,150.0,184.0,,,Airtek Power Catalog (AC _ EC).pdf,95,Published numeric Airtek table - verify source page,Numeric Pa / m3/h / rpm / W point printed on original Airtek V.2024 PDF page 95.
B23A320H135-102-A0,Published P-Q table 60Hz,static_pressure,1572.0,60Hz,1200.0,200.0,184.0,,,Airtek Power Catalog (AC _ EC).pdf,95,Published numeric Airtek table - verify source page,Numeric Pa / m3/h / rpm / W point printed on original Airtek V.2024 PDF page 95.
B23A320H135-102-A0,Published P-Q table 60Hz,static_pressure,1542.0,60Hz,540.0,300.0,183.0,,,Airtek Power Catalog (AC _ EC).pdf,95,Published numeric Airtek table - verify source page,Numeric Pa / m3/h / rpm / W point printed on original Airtek V.2024 PDF page 95.
B23A320H135-102-A0,Published P-Q table 50Hz,static_pressure,1465.0,50Hz,1530.0,100.0,136.0,,,Airtek Power Catalog (AC _ EC).pdf,95,Published numeric Airtek table - verify source page,Numeric Pa / m3/h / rpm / W point printed on original Airtek V.2024 PDF page 95.
B23A320H135-102-A0,Published P-Q table 50Hz,static_pressure,1445.0,50Hz,1220.0,150.0,136.0,,,Airtek Power Catalog (AC _ EC).pdf,95,Published numeric Airtek table - verify source page,Numeric Pa / m3/h / rpm / W point printed on original Airtek V.2024 PDF page 95.
B23A320H135-102-A0,Published P-Q table 50Hz,static_pressure,1409.0,50Hz,890.0,200.0,135.0,,,Airtek Power Catalog (AC _ EC).pdf,95,Published numeric Airtek table - verify source page,Numeric Pa / m3/h / rpm / W point printed on original Airtek V.2024 PDF page 95.
B23A320H135-102-A0,Published P-Q table 50Hz,static_pressure,1376.0,50Hz,440.0,250.0,135.0,,,Airtek Power Catalog (AC _ EC).pdf,95,Published numeric Airtek table - verify source page,Numeric Pa / m3/h / rpm / W point printed on original Airtek V.2024 PDF page 95.
B23A320H135-102-A1,Published P-Q table 60Hz,static_pressure,1165.0,60Hz,1065.0,50.0,89.0,,,Airtek Power Catalog (AC _ EC).pdf,96,Published numeric Airtek table - verify source page,Numeric Pa / m3/h / rpm / W point printed on original Airtek V.2024 PDF page 96.
B23A320H135-102-A1,Published P-Q table 60Hz,static_pressure,1109.0,60Hz,920.0,100.0,89.0,,,Airtek Power Catalog (AC _ EC).pdf,96,Published numeric Airtek table - verify source page,Numeric Pa / m3/h / rpm / W point printed on original Airtek V.2024 PDF page 96.
B23A320H135-102-A1,Published P-Q table 60Hz,static_pressure,1078.0,60Hz,735.0,150.0,89.0,,,Airtek Power Catalog (AC _ EC).pdf,96,Published numeric Airtek table - verify source page,Numeric Pa / m3/h / rpm / W point printed on original Airtek V.2024 PDF page 96.
B23A320H135-102-A1,Published P-Q table 50Hz,static_pressure,998.0,50Hz,910.0,50.0,75.0,,,Airtek Power Catalog (AC _ EC).pdf,96,Published numeric Airtek table - verify source page,Numeric Pa / m3/h / rpm / W point printed on original Airtek V.2024 PDF page 96.
B23A320H135-102-A1,Published P-Q table 50Hz,static_pressure,965.0,50Hz,580.0,100.0,74.0,,,Airtek Power Catalog (AC _ EC).pdf,96,Published numeric Airtek table - verify source page,Numeric Pa / m3/h / rpm / W point printed on original Airtek V.2024 PDF page 96.
B38A320H135-102-A0,Published P-Q table 60Hz,static_pressure,1612.0,60Hz,1710.0,100.0,188.0,,,Airtek Power Catalog (AC _ EC).pdf,97,Published numeric Airtek table - verify source page,Numeric Pa / m3/h / rpm / W point printed on original Airtek V.2024 PDF page 97.
B38A320H135-102-A0,Published P-Q table 60Hz,static_pressure,1596.0,60Hz,1520.0,150.0,184.0,,,Airtek Power Catalog (AC _ EC).pdf,97,Published numeric Airtek table - verify source page,Numeric Pa / m3/h / rpm / W point printed on original Airtek V.2024 PDF page 97.
B38A320H135-102-A0,Published P-Q table 60Hz,static_pressure,1572.0,60Hz,1200.0,200.0,184.0,,,Airtek Power Catalog (AC _ EC).pdf,97,Published numeric Airtek table - verify source page,Numeric Pa / m3/h / rpm / W point printed on original Airtek V.2024 PDF page 97.
B38A320H135-102-A0,Published P-Q table 60Hz,static_pressure,1542.0,60Hz,540.0,300.0,183.0,,,Airtek Power Catalog (AC _ EC).pdf,97,Published numeric Airtek table - verify source page,Numeric Pa / m3/h / rpm / W point printed on original Airtek V.2024 PDF page 97.
B38A320H135-102-A0,Published P-Q table 50Hz,static_pressure,1465.0,50Hz,1530.0,100.0,136.0,,,Airtek Power Catalog (AC _ EC).pdf,97,Published numeric Airtek table - verify source page,Numeric Pa / m3/h / rpm / W point printed on original Airtek V.2024 PDF page 97.
B38A320H135-102-A0,Published P-Q table 50Hz,static_pressure,1445.0,50Hz,1220.0,150.0,136.0,,,Airtek Power Catalog (AC _ EC).pdf,97,Published numeric Airtek table - verify source page,Numeric Pa / m3/h / rpm / W point printed on original Airtek V.2024 PDF page 97.
B38A320H135-102-A0,Published P-Q table 50Hz,static_pressure,1409.0,50Hz,890.0,200.0,135.0,,,Airtek Power Catalog (AC _ EC).pdf,97,Published numeric Airtek table - verify source page,Numeric Pa / m3/h / rpm / W point printed on original Airtek V.2024 PDF page 97.
B38A320H135-102-A0,Published P-Q table 50Hz,static_pressure,1376.0,50Hz,440.0,250.0,135.0,,,Airtek Power Catalog (AC _ EC).pdf,97,Published numeric Airtek table - verify source page,Numeric Pa / m3/h / rpm / W point printed on original Airtek V.2024 PDF page 97.
B23A320H146-102-A0,Published P-Q table 60Hz,static_pressure,1721.0,60Hz,2420.0,100.0,310.0,,,Airtek Power Catalog (AC _ EC).pdf,99,Published numeric Airtek table - verify source page,Numeric Pa / m3/h / rpm / W point printed on original Airtek V.2024 PDF page 99.
B23A320H146-102-A0,Published P-Q table 60Hz,static_pressure,1699.0,60Hz,2260.0,200.0,308.0,,,Airtek Power Catalog (AC _ EC).pdf,99,Published numeric Airtek table - verify source page,Numeric Pa / m3/h / rpm / W point printed on original Airtek V.2024 PDF page 99.
B23A320H146-102-A0,Published P-Q table 60Hz,static_pressure,1676.0,60Hz,2110.0,300.0,306.0,,,Airtek Power Catalog (AC _ EC).pdf,99,Published numeric Airtek table - verify source page,Numeric Pa / m3/h / rpm / W point printed on original Airtek V.2024 PDF page 99.
B23A320H146-102-A0,Published P-Q table 60Hz,static_pressure,1625.0,60Hz,1500.0,400.0,302.0,,,Airtek Power Catalog (AC _ EC).pdf,99,Published numeric Airtek table - verify source page,Numeric Pa / m3/h / rpm / W point printed on original Airtek V.2024 PDF page 99.
B23A320H146-102-A0,Published P-Q table 50Hz,static_pressure,1535.0,50Hz,1986.0,100.0,225.0,,,Airtek Power Catalog (AC _ EC).pdf,99,Published numeric Airtek table - verify source page,Numeric Pa / m3/h / rpm / W point printed on original Airtek V.2024 PDF page 99.
B23A320H146-102-A0,Published P-Q table 50Hz,static_pressure,1512.0,50Hz,1605.0,200.0,220.0,,,Airtek Power Catalog (AC _ EC).pdf,99,Published numeric Airtek table - verify source page,Numeric Pa / m3/h / rpm / W point printed on original Airtek V.2024 PDF page 99.
B23A320H146-102-A0,Published P-Q table 50Hz,static_pressure,1479.0,50Hz,1475.0,250.0,221.0,,,Airtek Power Catalog (AC _ EC).pdf,99,Published numeric Airtek table - verify source page,Numeric Pa / m3/h / rpm / W point printed on original Airtek V.2024 PDF page 99.
B23A320H146-102-A0,Published P-Q table 50Hz,static_pressure,1460.0,50Hz,1286.0,300.0,219.0,,,Airtek Power Catalog (AC _ EC).pdf,99,Published numeric Airtek table - verify source page,Numeric Pa / m3/h / rpm / W point printed on original Airtek V.2024 PDF page 99.
B38A320H146-102-A0,Published P-Q table 60Hz,static_pressure,1721.0,60Hz,2420.0,100.0,310.0,,,Airtek Power Catalog (AC _ EC).pdf,100,Published numeric Airtek table - verify source page,Numeric Pa / m3/h / rpm / W point printed on original Airtek V.2024 PDF page 100.
B38A320H146-102-A0,Published P-Q table 60Hz,static_pressure,1699.0,60Hz,2260.0,200.0,308.0,,,Airtek Power Catalog (AC _ EC).pdf,100,Published numeric Airtek table - verify source page,Numeric Pa / m3/h / rpm / W point printed on original Airtek V.2024 PDF page 100.
B38A320H146-102-A0,Published P-Q table 60Hz,static_pressure,1676.0,60Hz,2110.0,300.0,306.0,,,Airtek Power Catalog (AC _ EC).pdf,100,Published numeric Airtek table - verify source page,Numeric Pa / m3/h / rpm / W point printed on original Airtek V.2024 PDF page 100.
B38A320H146-102-A0,Published P-Q table 60Hz,static_pressure,1625.0,60Hz,1500.0,400.0,302.0,,,Airtek Power Catalog (AC _ EC).pdf,100,Published numeric Airtek table - verify source page,Numeric Pa / m3/h / rpm / W point printed on original Airtek V.2024 PDF page 100.
B38A320H146-102-A0,Published P-Q table 50Hz,static_pressure,1535.0,50Hz,1986.0,100.0,225.0,,,Airtek Power Catalog (AC _ EC).pdf,100,Published numeric Airtek table - verify source page,Numeric Pa / m3/h / rpm / W point printed on original Airtek V.2024 PDF page 100.
B38A320H146-102-A0,Published P-Q table 50Hz,static_pressure,1512.0,50Hz,1605.0,200.0,220.0,,,Airtek Power Catalog (AC _ EC).pdf,100,Published numeric Airtek table - verify source page,Numeric Pa / m3/h / rpm / W point printed on original Airtek V.2024 PDF page 100.
B38A320H146-102-A0,Published P-Q table 50Hz,static_pressure,1479.0,50Hz,1475.0,250.0,221.0,,,Airtek Power Catalog (AC _ EC).pdf,100,Published numeric Airtek table - verify source page,Numeric Pa / m3/h / rpm / W point printed on original Airtek V.2024 PDF page 100.
B38A320H146-102-A0,Published P-Q table 50Hz,static_pressure,1460.0,50Hz,1286.0,300.0,219.0,,,Airtek Power Catalog (AC _ EC).pdf,100,Published numeric Airtek table - verify source page,Numeric Pa / m3/h / rpm / W point printed on original Airtek V.2024 PDF page 100.
B38A320H105-137-A0,Published P-Q table 60Hz,static_pressure,3150.0,60Hz,2800.0,300.0,1408.0,,,Airtek Power Catalog (AC _ EC).pdf,101,Published numeric Airtek table - verify source page,Numeric Pa / m3/h / rpm / W point printed on original Airtek V.2024 PDF page 101.
B38A320H105-137-A0,Published P-Q table 60Hz,static_pressure,3125.0,60Hz,2650.0,400.0,1405.0,,,Airtek Power Catalog (AC _ EC).pdf,101,Published numeric Airtek table - verify source page,Numeric Pa / m3/h / rpm / W point printed on original Airtek V.2024 PDF page 101.
B38A320H105-137-A0,Published P-Q table 60Hz,static_pressure,3096.0,60Hz,2580.0,500.0,1401.0,,,Airtek Power Catalog (AC _ EC).pdf,101,Published numeric Airtek table - verify source page,Numeric Pa / m3/h / rpm / W point printed on original Airtek V.2024 PDF page 101.
B38A320H105-137-A0,Published P-Q table 60Hz,static_pressure,3086.0,60Hz,2420.0,600.0,1396.0,,,Airtek Power Catalog (AC _ EC).pdf,101,Published numeric Airtek table - verify source page,Numeric Pa / m3/h / rpm / W point printed on original Airtek V.2024 PDF page 101.
B38A320H105-137-A0,Published P-Q table 50Hz,static_pressure,2859.0,50Hz,2400.0,300.0,906.0,,,Airtek Power Catalog (AC _ EC).pdf,101,Published numeric Airtek table - verify source page,Numeric Pa / m3/h / rpm / W point printed on original Airtek V.2024 PDF page 101.
B38A320H105-137-A0,Published P-Q table 50Hz,static_pressure,2836.0,50Hz,2200.0,400.0,905.0,,,Airtek Power Catalog (AC _ EC).pdf,101,Published numeric Airtek table - verify source page,Numeric Pa / m3/h / rpm / W point printed on original Airtek V.2024 PDF page 101.
B38A320H105-137-A0,Published P-Q table 50Hz,static_pressure,2801.0,50Hz,2160.0,500.0,905.0,,,Airtek Power Catalog (AC _ EC).pdf,101,Published numeric Airtek table - verify source page,Numeric Pa / m3/h / rpm / W point printed on original Airtek V.2024 PDF page 101.
B38A320H105-137-A0,Published P-Q table 50Hz,static_pressure,2765.0,50Hz,2000.0,600.0,905.0,,,Airtek Power Catalog (AC _ EC).pdf,101,Published numeric Airtek table - verify source page,Numeric Pa / m3/h / rpm / W point printed on original Airtek V.2024 PDF page 101.
B38A320H118-137-A0,Published P-Q table Published curve,static_pressure,2812.0,Published curve,2790.0,300.0,810.0,,,Airtek Power Catalog (AC _ EC).pdf,102,Published numeric Airtek table - verify source page,Numeric Pa / m3/h / rpm / W point printed on original Airtek V.2024 PDF page 102.
B38A320H118-137-A0,Published P-Q table Published curve,static_pressure,2785.0,Published curve,2688.0,400.0,808.0,,,Airtek Power Catalog (AC _ EC).pdf,102,Published numeric Airtek table - verify source page,Numeric Pa / m3/h / rpm / W point printed on original Airtek V.2024 PDF page 102.
B38A320H118-137-A0,Published P-Q table Published curve,static_pressure,2765.0,Published curve,2521.0,500.0,808.0,,,Airtek Power Catalog (AC _ EC).pdf,102,Published numeric Airtek table - verify source page,Numeric Pa / m3/h / rpm / W point printed on original Airtek V.2024 PDF page 102.
B38A320H118-137-A0,Published P-Q table Published curve,static_pressure,2742.0,Published curve,2410.0,600.0,805.0,,,Airtek Power Catalog (AC _ EC).pdf,102,Published numeric Airtek table - verify source page,Numeric Pa / m3/h / rpm / W point printed on original Airtek V.2024 PDF page 102.
B38A320H146-137-A0,Published P-Q table Published curve,static_pressure,2712.0,Published curve,3450.0,300.0,1312.0,,,Airtek Power Catalog (AC _ EC).pdf,103,Published numeric Airtek table - verify source page,Numeric Pa / m3/h / rpm / W point printed on original Airtek V.2024 PDF page 103.
B38A320H146-137-A0,Published P-Q table Published curve,static_pressure,2685.0,Published curve,3200.0,400.0,1305.0,,,Airtek Power Catalog (AC _ EC).pdf,103,Published numeric Airtek table - verify source page,Numeric Pa / m3/h / rpm / W point printed on original Airtek V.2024 PDF page 103.
B38A320H146-137-A0,Published P-Q table Published curve,static_pressure,2669.0,Published curve,3000.0,500.0,1301.0,,,Airtek Power Catalog (AC _ EC).pdf,103,Published numeric Airtek table - verify source page,Numeric Pa / m3/h / rpm / W point printed on original Airtek V.2024 PDF page 103.
B38A320H146-137-A0,Published P-Q table Published curve,static_pressure,2642.0,Published curve,2650.0,600.0,1296.0,,,Airtek Power Catalog (AC _ EC).pdf,103,Published numeric Airtek table - verify source page,Numeric Pa / m3/h / rpm / W point printed on original Airtek V.2024 PDF page 103.
B38A355H119-102-00,Published P-Q table 60Hz,static_pressure,1595.0,60Hz,2437.0,250.0,424.0,,,Airtek Power Catalog (AC _ EC).pdf,104,Published numeric Airtek table - verify source page,Numeric Pa / m3/h / rpm / W point printed on original Airtek V.2024 PDF page 104.
B38A355H119-102-00,Published P-Q table 60Hz,static_pressure,1586.0,60Hz,2166.0,300.0,434.0,,,Airtek Power Catalog (AC _ EC).pdf,104,Published numeric Airtek table - verify source page,Numeric Pa / m3/h / rpm / W point printed on original Airtek V.2024 PDF page 104.
B38A355H119-102-00,Published P-Q table 60Hz,static_pressure,1588.0,60Hz,1830.0,350.0,426.0,,,Airtek Power Catalog (AC _ EC).pdf,104,Published numeric Airtek table - verify source page,Numeric Pa / m3/h / rpm / W point printed on original Airtek V.2024 PDF page 104.
B38A355H119-102-00,Published P-Q table 60Hz,static_pressure,1606.0,60Hz,1410.0,400.0,396.0,,,Airtek Power Catalog (AC _ EC).pdf,104,Published numeric Airtek table - verify source page,Numeric Pa / m3/h / rpm / W point printed on original Airtek V.2024 PDF page 104.
B38A355H119-102-00,Published P-Q table 50Hz,static_pressure,1401.0,50Hz,2514.0,100.0,271.0,,,Airtek Power Catalog (AC _ EC).pdf,104,Published numeric Airtek table - verify source page,Numeric Pa / m3/h / rpm / W point printed on original Airtek V.2024 PDF page 104.
B38A355H119-102-00,Published P-Q table 50Hz,static_pressure,1389.0,50Hz,2055.0,200.0,290.0,,,Airtek Power Catalog (AC _ EC).pdf,104,Published numeric Airtek table - verify source page,Numeric Pa / m3/h / rpm / W point printed on original Airtek V.2024 PDF page 104.
B38A355H119-102-00,Published P-Q table 50Hz,static_pressure,1387.0,50Hz,1722.0,250.0,294.0,,,Airtek Power Catalog (AC _ EC).pdf,104,Published numeric Airtek table - verify source page,Numeric Pa / m3/h / rpm / W point printed on original Airtek V.2024 PDF page 104.
B38A355H119-102-00,Published P-Q table 50Hz,static_pressure,1397.0,50Hz,1255.0,300.0,276.0,,,Airtek Power Catalog (AC _ EC).pdf,104,Published numeric Airtek table - verify source page,Numeric Pa / m3/h / rpm / W point printed on original Airtek V.2024 PDF page 104.
B23A355H145-102-A0,Published P-Q table 60Hz,static_pressure,1495.0,60Hz,2200.0,150.0,252.0,,,Airtek Power Catalog (AC _ EC).pdf,105,Published numeric Airtek table - verify source page,Numeric Pa / m3/h / rpm / W point printed on original Airtek V.2024 PDF page 105.
B23A355H145-102-A0,Published P-Q table 60Hz,static_pressure,1476.0,60Hz,1860.0,200.0,250.0,,,Airtek Power Catalog (AC _ EC).pdf,105,Published numeric Airtek table - verify source page,Numeric Pa / m3/h / rpm / W point printed on original Airtek V.2024 PDF page 105.
B23A355H145-102-A0,Published P-Q table 60Hz,static_pressure,1459.0,60Hz,1540.0,250.0,250.0,,,Airtek Power Catalog (AC _ EC).pdf,105,Published numeric Airtek table - verify source page,Numeric Pa / m3/h / rpm / W point printed on original Airtek V.2024 PDF page 105.
B23A355H145-102-A0,Published P-Q table 60Hz,static_pressure,1448.0,60Hz,1180.0,300.0,248.0,,,Airtek Power Catalog (AC _ EC).pdf,105,Published numeric Airtek table - verify source page,Numeric Pa / m3/h / rpm / W point printed on original Airtek V.2024 PDF page 105.
B23A355H145-102-A0,Published P-Q table 50Hz,static_pressure,1485.0,50Hz,2380.0,100.0,168.0,,,Airtek Power Catalog (AC _ EC).pdf,105,Published numeric Airtek table - verify source page,Numeric Pa / m3/h / rpm / W point printed on original Airtek V.2024 PDF page 105.
B23A355H145-102-A0,Published P-Q table 50Hz,static_pressure,1462.0,50Hz,1810.0,150.0,167.0,,,Airtek Power Catalog (AC _ EC).pdf,105,Published numeric Airtek table - verify source page,Numeric Pa / m3/h / rpm / W point printed on original Airtek V.2024 PDF page 105.
B23A355H145-102-A0,Published P-Q table 50Hz,static_pressure,1428.0,50Hz,1580.0,200.0,167.0,,,Airtek Power Catalog (AC _ EC).pdf,105,Published numeric Airtek table - verify source page,Numeric Pa / m3/h / rpm / W point printed on original Airtek V.2024 PDF page 105.
B23A355H145-102-A0,Published P-Q table 50Hz,static_pressure,1419.0,50Hz,1000.0,250.0,166.0,,,Airtek Power Catalog (AC _ EC).pdf,105,Published numeric Airtek table - verify source page,Numeric Pa / m3/h / rpm / W point printed on original Airtek V.2024 PDF page 105.
B23A355H145-102-A1,Published P-Q table 60Hz,static_pressure,1129.0,60Hz,1320.0,50.0,135.0,,,Airtek Power Catalog (AC _ EC).pdf,106,Published numeric Airtek table - verify source page,Numeric Pa / m3/h / rpm / W point printed on original Airtek V.2024 PDF page 106.
B23A355H145-102-A1,Published P-Q table 60Hz,static_pressure,1095.0,60Hz,1080.0,100.0,134.0,,,Airtek Power Catalog (AC _ EC).pdf,106,Published numeric Airtek table - verify source page,Numeric Pa / m3/h / rpm / W point printed on original Airtek V.2024 PDF page 106.
B23A355H145-102-A1,Published P-Q table 60Hz,static_pressure,1079.0,60Hz,680.0,150.0,130.0,,,Airtek Power Catalog (AC _ EC).pdf,106,Published numeric Airtek table - verify source page,Numeric Pa / m3/h / rpm / W point printed on original Airtek V.2024 PDF page 106.
B23A355H145-102-A1,Published P-Q table 50Hz,static_pressure,985.0,50Hz,1040.0,50.0,102.0,,,Airtek Power Catalog (AC _ EC).pdf,106,Published numeric Airtek table - verify source page,Numeric Pa / m3/h / rpm / W point printed on original Airtek V.2024 PDF page 106.
B23A355H145-102-A1,Published P-Q table 50Hz,static_pressure,976.0,50Hz,790.0,100.0,102.0,,,Airtek Power Catalog (AC _ EC).pdf,106,Published numeric Airtek table - verify source page,Numeric Pa / m3/h / rpm / W point printed on original Airtek V.2024 PDF page 106.
B23A355H145-102-A1,Published P-Q table 50Hz,static_pressure,965.0,50Hz,180.0,150.0,100.0,,,Airtek Power Catalog (AC _ EC).pdf,106,Published numeric Airtek table - verify source page,Numeric Pa / m3/h / rpm / W point printed on original Airtek V.2024 PDF page 106.
B38A355H145-102-A0,Published P-Q table 60Hz,static_pressure,1495.0,60Hz,2200.0,150.0,252.0,,,Airtek Power Catalog (AC _ EC).pdf,107,Published numeric Airtek table - verify source page,Numeric Pa / m3/h / rpm / W point printed on original Airtek V.2024 PDF page 107.
B38A355H145-102-A0,Published P-Q table 60Hz,static_pressure,1476.0,60Hz,1860.0,200.0,250.0,,,Airtek Power Catalog (AC _ EC).pdf,107,Published numeric Airtek table - verify source page,Numeric Pa / m3/h / rpm / W point printed on original Airtek V.2024 PDF page 107.
B38A355H145-102-A0,Published P-Q table 60Hz,static_pressure,1459.0,60Hz,1540.0,250.0,250.0,,,Airtek Power Catalog (AC _ EC).pdf,107,Published numeric Airtek table - verify source page,Numeric Pa / m3/h / rpm / W point printed on original Airtek V.2024 PDF page 107.
B38A355H145-102-A0,Published P-Q table 60Hz,static_pressure,1448.0,60Hz,1180.0,300.0,248.0,,,Airtek Power Catalog (AC _ EC).pdf,107,Published numeric Airtek table - verify source page,Numeric Pa / m3/h / rpm / W point printed on original Airtek V.2024 PDF page 107.
B38A355H145-102-A0,Published P-Q table 50Hz,static_pressure,1485.0,50Hz,2380.0,100.0,168.0,,,Airtek Power Catalog (AC _ EC).pdf,107,Published numeric Airtek table - verify source page,Numeric Pa / m3/h / rpm / W point printed on original Airtek V.2024 PDF page 107.
B38A355H145-102-A0,Published P-Q table 50Hz,static_pressure,1462.0,50Hz,1810.0,150.0,167.0,,,Airtek Power Catalog (AC _ EC).pdf,107,Published numeric Airtek table - verify source page,Numeric Pa / m3/h / rpm / W point printed on original Airtek V.2024 PDF page 107.
B38A355H145-102-A0,Published P-Q table 50Hz,static_pressure,1428.0,50Hz,1580.0,200.0,167.0,,,Airtek Power Catalog (AC _ EC).pdf,107,Published numeric Airtek table - verify source page,Numeric Pa / m3/h / rpm / W point printed on original Airtek V.2024 PDF page 107.
B38A355H145-102-A0,Published P-Q table 50Hz,static_pressure,1419.0,50Hz,1000.0,250.0,166.0,,,Airtek Power Catalog (AC _ EC).pdf,107,Published numeric Airtek table - verify source page,Numeric Pa / m3/h / rpm / W point printed on original Airtek V.2024 PDF page 107.
B23A355H147-102-00,Published P-Q table 60Hz,static_pressure,1475.0,60Hz,2020.0,200.0,352.0,,,Airtek Power Catalog (AC _ EC).pdf,108,Published numeric Airtek table - verify source page,Numeric Pa / m3/h / rpm / W point printed on original Airtek V.2024 PDF page 108.
B23A355H147-102-00,Published P-Q table 60Hz,static_pressure,1440.0,60Hz,1730.0,235.0,358.0,,,Airtek Power Catalog (AC _ EC).pdf,108,Published numeric Airtek table - verify source page,Numeric Pa / m3/h / rpm / W point printed on original Airtek V.2024 PDF page 108.
B23A355H147-102-00,Published P-Q table 60Hz,static_pressure,1450.0,60Hz,1445.0,280.0,353.0,,,Airtek Power Catalog (AC _ EC).pdf,108,Published numeric Airtek table - verify source page,Numeric Pa / m3/h / rpm / W point printed on original Airtek V.2024 PDF page 108.
B23A355H147-102-00,Published P-Q table 60Hz,static_pressure,1480.0,60Hz,1200.0,320.0,342.0,,,Airtek Power Catalog (AC _ EC).pdf,108,Published numeric Airtek table - verify source page,Numeric Pa / m3/h / rpm / W point printed on original Airtek V.2024 PDF page 108.
B23A355H147-102-00,Published P-Q table 50Hz,static_pressure,1365.0,50Hz,2025.0,140.0,243.0,,,Airtek Power Catalog (AC _ EC).pdf,108,Published numeric Airtek table - verify source page,Numeric Pa / m3/h / rpm / W point printed on original Airtek V.2024 PDF page 108.
B23A355H147-102-00,Published P-Q table 50Hz,static_pressure,1360.0,50Hz,1780.0,190.0,254.0,,,Airtek Power Catalog (AC _ EC).pdf,108,Published numeric Airtek table - verify source page,Numeric Pa / m3/h / rpm / W point printed on original Airtek V.2024 PDF page 108.
B23A355H147-102-00,Published P-Q table 50Hz,static_pressure,1360.0,50Hz,1445.0,235.0,253.0,,,Airtek Power Catalog (AC _ EC).pdf,108,Published numeric Airtek table - verify source page,Numeric Pa / m3/h / rpm / W point printed on original Airtek V.2024 PDF page 108.
B23A355H147-102-00,Published P-Q table 50Hz,static_pressure,1365.0,50Hz,1160.0,270.0,247.0,,,Airtek Power Catalog (AC _ EC).pdf,108,Published numeric Airtek table - verify source page,Numeric Pa / m3/h / rpm / W point printed on original Airtek V.2024 PDF page 108.
B38A355H147-102-00,Published P-Q table Published curve,static_pressure,1370.0,Published curve,2027.0,150.0,225.0,,,Airtek Power Catalog (AC _ EC).pdf,109,Published numeric Airtek table - verify source page,Numeric Pa / m3/h / rpm / W point printed on original Airtek V.2024 PDF page 109.
B38A355H147-102-00,Published P-Q table Published curve,static_pressure,1360.0,Published curve,1807.0,200.0,230.0,,,Airtek Power Catalog (AC _ EC).pdf,109,Published numeric Airtek table - verify source page,Numeric Pa / m3/h / rpm / W point printed on original Airtek V.2024 PDF page 109.
B38A355H147-102-00,Published P-Q table Published curve,static_pressure,1360.0,Published curve,1438.0,250.0,230.0,,,Airtek Power Catalog (AC _ EC).pdf,109,Published numeric Airtek table - verify source page,Numeric Pa / m3/h / rpm / W point printed on original Airtek V.2024 PDF page 109.
B38A355H147-102-00,Published P-Q table Published curve,static_pressure,1370.0,Published curve,1123.0,285.0,220.0,,,Airtek Power Catalog (AC _ EC).pdf,109,Published numeric Airtek table - verify source page,Numeric Pa / m3/h / rpm / W point printed on original Airtek V.2024 PDF page 109.
B23A355H102-138-A0,Published P-Q table Published curve,static_pressure,2812.0,Published curve,2720.0,200.0,810.0,,,Airtek Power Catalog (AC _ EC).pdf,110,Published numeric Airtek table - verify source page,Numeric Pa / m3/h / rpm / W point printed on original Airtek V.2024 PDF page 110.
B23A355H102-138-A0,Published P-Q table Published curve,static_pressure,2795.0,Published curve,2426.0,400.0,806.0,,,Airtek Power Catalog (AC _ EC).pdf,110,Published numeric Airtek table - verify source page,Numeric Pa / m3/h / rpm / W point printed on original Airtek V.2024 PDF page 110.
B23A355H102-138-A0,Published P-Q table Published curve,static_pressure,2762.0,Published curve,1903.0,600.0,802.0,,,Airtek Power Catalog (AC _ EC).pdf,110,Published numeric Airtek table - verify source page,Numeric Pa / m3/h / rpm / W point printed on original Airtek V.2024 PDF page 110.
B23A355H102-138-A0,Published P-Q table Published curve,static_pressure,2760.0,Published curve,1500.0,800.0,799.0,,,Airtek Power Catalog (AC _ EC).pdf,110,Published numeric Airtek table - verify source page,Numeric Pa / m3/h / rpm / W point printed on original Airtek V.2024 PDF page 110.
B38A355H132-137-A0,Published P-Q table 60Hz,static_pressure,3023.0,60Hz,4680.0,200.0,1710.0,,,Airtek Power Catalog (AC _ EC).pdf,111,Published numeric Airtek table - verify source page,Numeric Pa / m3/h / rpm / W point printed on original Airtek V.2024 PDF page 111.
B38A355H132-137-A0,Published P-Q table 60Hz,static_pressure,2986.0,60Hz,4050.0,400.0,1706.0,,,Airtek Power Catalog (AC _ EC).pdf,111,Published numeric Airtek table - verify source page,Numeric Pa / m3/h / rpm / W point printed on original Airtek V.2024 PDF page 111.
B38A355H132-137-A0,Published P-Q table 60Hz,static_pressure,2954.0,60Hz,3640.0,600.0,1704.0,,,Airtek Power Catalog (AC _ EC).pdf,111,Published numeric Airtek table - verify source page,Numeric Pa / m3/h / rpm / W point printed on original Airtek V.2024 PDF page 111.
B38A355H132-137-A0,Published P-Q table 60Hz,static_pressure,2935.0,60Hz,3000.0,800.0,1685.0,,,Airtek Power Catalog (AC _ EC).pdf,111,Published numeric Airtek table - verify source page,Numeric Pa / m3/h / rpm / W point printed on original Airtek V.2024 PDF page 111.
B38A355H132-137-A0,Published P-Q table 50Hz,static_pressure,2752.0,50Hz,4180.0,200.0,1225.0,,,Airtek Power Catalog (AC _ EC).pdf,111,Published numeric Airtek table - verify source page,Numeric Pa / m3/h / rpm / W point printed on original Airtek V.2024 PDF page 111.
B38A355H132-137-A0,Published P-Q table 50Hz,static_pressure,2706.0,50Hz,3600.0,400.0,1196.0,,,Airtek Power Catalog (AC _ EC).pdf,111,Published numeric Airtek table - verify source page,Numeric Pa / m3/h / rpm / W point printed on original Airtek V.2024 PDF page 111.
B38A355H132-137-A0,Published P-Q table 50Hz,static_pressure,2685.0,50Hz,3150.0,600.0,1185.0,,,Airtek Power Catalog (AC _ EC).pdf,111,Published numeric Airtek table - verify source page,Numeric Pa / m3/h / rpm / W point printed on original Airtek V.2024 PDF page 111.
B38A355H132-137-A0,Published P-Q table 50Hz,static_pressure,2645.0,50Hz,2720.0,800.0,1161.0,,,Airtek Power Catalog (AC _ EC).pdf,111,Published numeric Airtek table - verify source page,Numeric Pa / m3/h / rpm / W point printed on original Airtek V.2024 PDF page 111.
B23A355H164-137-A0,Published P-Q table 60Hz,static_pressure,1780.0,60Hz,3000.0,200.0,612.0,,,Airtek Power Catalog (AC _ EC).pdf,112,Published numeric Airtek table - verify source page,Numeric Pa / m3/h / rpm / W point printed on original Airtek V.2024 PDF page 112.
B23A355H164-137-A0,Published P-Q table 60Hz,static_pressure,1765.0,60Hz,2400.0,300.0,611.0,,,Airtek Power Catalog (AC _ EC).pdf,112,Published numeric Airtek table - verify source page,Numeric Pa / m3/h / rpm / W point printed on original Airtek V.2024 PDF page 112.
B23A355H164-137-A0,Published P-Q table 60Hz,static_pressure,1732.0,60Hz,1840.0,400.0,608.0,,,Airtek Power Catalog (AC _ EC).pdf,112,Published numeric Airtek table - verify source page,Numeric Pa / m3/h / rpm / W point printed on original Airtek V.2024 PDF page 112.
B23A355H164-137-A0,Published P-Q table 60Hz,static_pressure,1701.0,60Hz,3000.0,500.0,608.0,,,Airtek Power Catalog (AC _ EC).pdf,112,Published numeric Airtek table - verify source page,Numeric Pa / m3/h / rpm / W point printed on original Airtek V.2024 PDF page 112.
B23A355H164-137-A0,Published P-Q table 50Hz,static_pressure,1465.0,50Hz,2920.0,100.0,405.0,,,Airtek Power Catalog (AC _ EC).pdf,112,Published numeric Airtek table - verify source page,Numeric Pa / m3/h / rpm / W point printed on original Airtek V.2024 PDF page 112.
B23A355H164-137-A0,Published P-Q table 50Hz,static_pressure,1451.0,50Hz,2430.0,200.0,403.0,,,Airtek Power Catalog (AC _ EC).pdf,112,Published numeric Airtek table - verify source page,Numeric Pa / m3/h / rpm / W point printed on original Airtek V.2024 PDF page 112.
B23A355H164-137-A0,Published P-Q table 50Hz,static_pressure,1426.0,50Hz,1800.0,300.0,400.0,,,Airtek Power Catalog (AC _ EC).pdf,112,Published numeric Airtek table - verify source page,Numeric Pa / m3/h / rpm / W point printed on original Airtek V.2024 PDF page 112.
B23A355H164-137-A0,Published P-Q table 50Hz,static_pressure,1405.0,50Hz,600.0,400.0,399.0,,,Airtek Power Catalog (AC _ EC).pdf,112,Published numeric Airtek table - verify source page,Numeric Pa / m3/h / rpm / W point printed on original Airtek V.2024 PDF page 112.
B38A355H164-137-A0,Published P-Q table 60Hz,static_pressure,1780.0,60Hz,3000.0,200.0,612.0,,,Airtek Power Catalog (AC _ EC).pdf,113,Published numeric Airtek table - verify source page,Numeric Pa / m3/h / rpm / W point printed on original Airtek V.2024 PDF page 113.
B38A355H164-137-A0,Published P-Q table 60Hz,static_pressure,1765.0,60Hz,2400.0,300.0,611.0,,,Airtek Power Catalog (AC _ EC).pdf,113,Published numeric Airtek table - verify source page,Numeric Pa / m3/h / rpm / W point printed on original Airtek V.2024 PDF page 113.
B38A355H164-137-A0,Published P-Q table 60Hz,static_pressure,1732.0,60Hz,1840.0,400.0,608.0,,,Airtek Power Catalog (AC _ EC).pdf,113,Published numeric Airtek table - verify source page,Numeric Pa / m3/h / rpm / W point printed on original Airtek V.2024 PDF page 113.
B38A355H164-137-A0,Published P-Q table 60Hz,static_pressure,1701.0,60Hz,3000.0,500.0,608.0,,,Airtek Power Catalog (AC _ EC).pdf,113,Published numeric Airtek table - verify source page,Numeric Pa / m3/h / rpm / W point printed on original Airtek V.2024 PDF page 113.
B38A355H164-137-A0,Published P-Q table 50Hz,static_pressure,1465.0,50Hz,2920.0,100.0,405.0,,,Airtek Power Catalog (AC _ EC).pdf,113,Published numeric Airtek table - verify source page,Numeric Pa / m3/h / rpm / W point printed on original Airtek V.2024 PDF page 113.
B38A355H164-137-A0,Published P-Q table 50Hz,static_pressure,1451.0,50Hz,2430.0,200.0,403.0,,,Airtek Power Catalog (AC _ EC).pdf,113,Published numeric Airtek table - verify source page,Numeric Pa / m3/h / rpm / W point printed on original Airtek V.2024 PDF page 113.
B38A355H164-137-A0,Published P-Q table 50Hz,static_pressure,1426.0,50Hz,1800.0,300.0,400.0,,,Airtek Power Catalog (AC _ EC).pdf,113,Published numeric Airtek table - verify source page,Numeric Pa / m3/h / rpm / W point printed on original Airtek V.2024 PDF page 113.
B38A355H164-137-A0,Published P-Q table 50Hz,static_pressure,1405.0,50Hz,600.0,400.0,399.0,,,Airtek Power Catalog (AC _ EC).pdf,113,Published numeric Airtek table - verify source page,Numeric Pa / m3/h / rpm / W point printed on original Airtek V.2024 PDF page 113.
B38A355H164-137-A1,Published P-Q table Published curve,static_pressure,2792.0,Published curve,4340.0,300.0,2502.0,,,Airtek Power Catalog (AC _ EC).pdf,114,Published numeric Airtek table - verify source page,Numeric Pa / m3/h / rpm / W point printed on original Airtek V.2024 PDF page 114.
B38A355H164-137-A1,Published P-Q table Published curve,static_pressure,2775.0,Published curve,4200.0,500.0,2499.0,,,Airtek Power Catalog (AC _ EC).pdf,114,Published numeric Airtek table - verify source page,Numeric Pa / m3/h / rpm / W point printed on original Airtek V.2024 PDF page 114.
B38A355H164-137-A1,Published P-Q table Published curve,static_pressure,2745.0,Published curve,3840.0,700.0,2498.0,,,Airtek Power Catalog (AC _ EC).pdf,114,Published numeric Airtek table - verify source page,Numeric Pa / m3/h / rpm / W point printed on original Airtek V.2024 PDF page 114.
B38A355H164-137-A1,Published P-Q table Published curve,static_pressure,2712.0,Published curve,2400.0,1000.0,2498.0,,,Airtek Power Catalog (AC _ EC).pdf,114,Published numeric Airtek table - verify source page,Numeric Pa / m3/h / rpm / W point printed on original Airtek V.2024 PDF page 114.
B23A355H169-137-A0,Published P-Q table 60Hz,static_pressure,1612.0,60Hz,2800.0,100.0,285.0,,,Airtek Power Catalog (AC _ EC).pdf,115,Published numeric Airtek table - verify source page,Numeric Pa / m3/h / rpm / W point printed on original Airtek V.2024 PDF page 115.
B23A355H169-137-A0,Published P-Q table 60Hz,static_pressure,1601.0,60Hz,2500.0,200.0,285.0,,,Airtek Power Catalog (AC _ EC).pdf,115,Published numeric Airtek table - verify source page,Numeric Pa / m3/h / rpm / W point printed on original Airtek V.2024 PDF page 115.
B23A355H169-137-A0,Published P-Q table 60Hz,static_pressure,1575.0,60Hz,2021.0,300.0,283.0,,,Airtek Power Catalog (AC _ EC).pdf,115,Published numeric Airtek table - verify source page,Numeric Pa / m3/h / rpm / W point printed on original Airtek V.2024 PDF page 115.
B23A355H169-137-A0,Published P-Q table 60Hz,static_pressure,1565.0,60Hz,1024.0,400.0,281.0,,,Airtek Power Catalog (AC _ EC).pdf,115,Published numeric Airtek table - verify source page,Numeric Pa / m3/h / rpm / W point printed on original Airtek V.2024 PDF page 115.
B23A355H169-137-A0,Published P-Q table 50Hz,static_pressure,1412.0,50Hz,2610.0,100.0,212.0,,,Airtek Power Catalog (AC _ EC).pdf,115,Published numeric Airtek table - verify source page,Numeric Pa / m3/h / rpm / W point printed on original Airtek V.2024 PDF page 115.
B23A355H169-137-A0,Published P-Q table 50Hz,static_pressure,1386.0,50Hz,2130.0,200.0,212.0,,,Airtek Power Catalog (AC _ EC).pdf,115,Published numeric Airtek table - verify source page,Numeric Pa / m3/h / rpm / W point printed on original Airtek V.2024 PDF page 115.
B23A355H169-137-A0,Published P-Q table 50Hz,static_pressure,1365.0,50Hz,1280.0,300.0,210.0,,,Airtek Power Catalog (AC _ EC).pdf,115,Published numeric Airtek table - verify source page,Numeric Pa / m3/h / rpm / W point printed on original Airtek V.2024 PDF page 115.
B23A355H169-137-A0,Published P-Q table 50Hz,static_pressure,1329.0,50Hz,465.0,400.0,209.0,,,Airtek Power Catalog (AC _ EC).pdf,115,Published numeric Airtek table - verify source page,Numeric Pa / m3/h / rpm / W point printed on original Airtek V.2024 PDF page 115.
B38A355H169-137-A0,Published P-Q table 60Hz,static_pressure,1612.0,60Hz,2800.0,100.0,285.0,,,Airtek Power Catalog (AC _ EC).pdf,116,Published numeric Airtek table - verify source page,Numeric Pa / m3/h / rpm / W point printed on original Airtek V.2024 PDF page 116.
B38A355H169-137-A0,Published P-Q table 60Hz,static_pressure,1601.0,60Hz,2500.0,200.0,285.0,,,Airtek Power Catalog (AC _ EC).pdf,116,Published numeric Airtek table - verify source page,Numeric Pa / m3/h / rpm / W point printed on original Airtek V.2024 PDF page 116.
B38A355H169-137-A0,Published P-Q table 60Hz,static_pressure,1575.0,60Hz,2021.0,300.0,283.0,,,Airtek Power Catalog (AC _ EC).pdf,116,Published numeric Airtek table - verify source page,Numeric Pa / m3/h / rpm / W point printed on original Airtek V.2024 PDF page 116.
B38A355H169-137-A0,Published P-Q table 60Hz,static_pressure,1565.0,60Hz,1024.0,400.0,281.0,,,Airtek Power Catalog (AC _ EC).pdf,116,Published numeric Airtek table - verify source page,Numeric Pa / m3/h / rpm / W point printed on original Airtek V.2024 PDF page 116.
B38A355H169-137-A0,Published P-Q table 50Hz,static_pressure,1412.0,50Hz,2610.0,100.0,212.0,,,Airtek Power Catalog (AC _ EC).pdf,116,Published numeric Airtek table - verify source page,Numeric Pa / m3/h / rpm / W point printed on original Airtek V.2024 PDF page 116.
B38A355H169-137-A0,Published P-Q table 50Hz,static_pressure,1386.0,50Hz,2130.0,200.0,212.0,,,Airtek Power Catalog (AC _ EC).pdf,116,Published numeric Airtek table - verify source page,Numeric Pa / m3/h / rpm / W point printed on original Airtek V.2024 PDF page 116.
B38A355H169-137-A0,Published P-Q table 50Hz,static_pressure,1365.0,50Hz,1280.0,300.0,210.0,,,Airtek Power Catalog (AC _ EC).pdf,116,Published numeric Airtek table - verify source page,Numeric Pa / m3/h / rpm / W point printed on original Airtek V.2024 PDF page 116.
B38A355H169-137-A0,Published P-Q table 50Hz,static_pressure,1329.0,50Hz,465.0,400.0,209.0,,,Airtek Power Catalog (AC _ EC).pdf,116,Published numeric Airtek table - verify source page,Numeric Pa / m3/h / rpm / W point printed on original Airtek V.2024 PDF page 116.
B23A400H147-137-A0,Published P-Q table 60Hz,static_pressure,1526.0,60Hz,2780.0,100.0,335.0,,,Airtek Power Catalog (AC _ EC).pdf,117,Published numeric Airtek table - verify source page,Numeric Pa / m3/h / rpm / W point printed on original Airtek V.2024 PDF page 117.
B23A400H147-137-A0,Published P-Q table 60Hz,static_pressure,1503.0,60Hz,2360.0,200.0,331.0,,,Airtek Power Catalog (AC _ EC).pdf,117,Published numeric Airtek table - verify source page,Numeric Pa / m3/h / rpm / W point printed on original Airtek V.2024 PDF page 117.
B23A400H147-137-A0,Published P-Q table 60Hz,static_pressure,1495.0,60Hz,1780.0,300.0,296.0,,,Airtek Power Catalog (AC _ EC).pdf,117,Published numeric Airtek table - verify source page,Numeric Pa / m3/h / rpm / W point printed on original Airtek V.2024 PDF page 117.
B23A400H147-137-A0,Published P-Q table 60Hz,static_pressure,1462.0,60Hz,900.0,400.0,296.0,,,Airtek Power Catalog (AC _ EC).pdf,117,Published numeric Airtek table - verify source page,Numeric Pa / m3/h / rpm / W point printed on original Airtek V.2024 PDF page 117.
B23A400H147-137-A0,Published P-Q table 50Hz,static_pressure,1418.0,50Hz,2560.0,100.0,265.0,,,Airtek Power Catalog (AC _ EC).pdf,117,Published numeric Airtek table - verify source page,Numeric Pa / m3/h / rpm / W point printed on original Airtek V.2024 PDF page 117.
B23A400H147-137-A0,Published P-Q table 50Hz,static_pressure,1396.0,50Hz,2120.0,200.0,265.0,,,Airtek Power Catalog (AC _ EC).pdf,117,Published numeric Airtek table - verify source page,Numeric Pa / m3/h / rpm / W point printed on original Airtek V.2024 PDF page 117.
B23A400H147-137-A0,Published P-Q table 50Hz,static_pressure,1385.0,50Hz,1282.0,300.0,264.0,,,Airtek Power Catalog (AC _ EC).pdf,117,Published numeric Airtek table - verify source page,Numeric Pa / m3/h / rpm / W point printed on original Airtek V.2024 PDF page 117.
B23A400H147-137-A0,Published P-Q table 50Hz,static_pressure,1346.0,50Hz,505.0,400.0,263.0,,,Airtek Power Catalog (AC _ EC).pdf,117,Published numeric Airtek table - verify source page,Numeric Pa / m3/h / rpm / W point printed on original Airtek V.2024 PDF page 117.
B23A400H147-137-A1,Published P-Q table 60Hz,static_pressure,1098.0,60Hz,2160.0,50.0,158.0,,,Airtek Power Catalog (AC _ EC).pdf,118,Published numeric Airtek table - verify source page,Numeric Pa / m3/h / rpm / W point printed on original Airtek V.2024 PDF page 118.
B23A400H147-137-A1,Published P-Q table 60Hz,static_pressure,1085.0,60Hz,1745.0,100.0,157.0,,,Airtek Power Catalog (AC _ EC).pdf,118,Published numeric Airtek table - verify source page,Numeric Pa / m3/h / rpm / W point printed on original Airtek V.2024 PDF page 118.
B23A400H147-137-A1,Published P-Q table 60Hz,static_pressure,1062.0,60Hz,1286.0,150.0,157.0,,,Airtek Power Catalog (AC _ EC).pdf,118,Published numeric Airtek table - verify source page,Numeric Pa / m3/h / rpm / W point printed on original Airtek V.2024 PDF page 118.
B23A400H147-137-A1,Published P-Q table 60Hz,static_pressure,1050.0,60Hz,780.0,200.0,155.0,,,Airtek Power Catalog (AC _ EC).pdf,118,Published numeric Airtek table - verify source page,Numeric Pa / m3/h / rpm / W point printed on original Airtek V.2024 PDF page 118.
B23A400H147-137-A1,Published P-Q table 50Hz,static_pressure,962.0,50Hz,1740.0,50.0,136.0,,,Airtek Power Catalog (AC _ EC).pdf,118,Published numeric Airtek table - verify source page,Numeric Pa / m3/h / rpm / W point printed on original Airtek V.2024 PDF page 118.
B23A400H147-137-A1,Published P-Q table 50Hz,static_pressure,958.0,50Hz,1290.0,100.0,136.0,,,Airtek Power Catalog (AC _ EC).pdf,118,Published numeric Airtek table - verify source page,Numeric Pa / m3/h / rpm / W point printed on original Airtek V.2024 PDF page 118.
B23A400H147-137-A1,Published P-Q table 50Hz,static_pressure,950.0,50Hz,800.0,150.0,136.0,,,Airtek Power Catalog (AC _ EC).pdf,118,Published numeric Airtek table - verify source page,Numeric Pa / m3/h / rpm / W point printed on original Airtek V.2024 PDF page 118.
B38A400H147-137-A0,Published P-Q table 60Hz,static_pressure,1526.0,60Hz,2780.0,100.0,335.0,,,Airtek Power Catalog (AC _ EC).pdf,119,Published numeric Airtek table - verify source page,Numeric Pa / m3/h / rpm / W point printed on original Airtek V.2024 PDF page 119.
B38A400H147-137-A0,Published P-Q table 60Hz,static_pressure,1503.0,60Hz,2360.0,200.0,331.0,,,Airtek Power Catalog (AC _ EC).pdf,119,Published numeric Airtek table - verify source page,Numeric Pa / m3/h / rpm / W point printed on original Airtek V.2024 PDF page 119.
B38A400H147-137-A0,Published P-Q table 60Hz,static_pressure,1495.0,60Hz,1780.0,300.0,296.0,,,Airtek Power Catalog (AC _ EC).pdf,119,Published numeric Airtek table - verify source page,Numeric Pa / m3/h / rpm / W point printed on original Airtek V.2024 PDF page 119.
B38A400H147-137-A0,Published P-Q table 60Hz,static_pressure,1462.0,60Hz,900.0,400.0,296.0,,,Airtek Power Catalog (AC _ EC).pdf,119,Published numeric Airtek table - verify source page,Numeric Pa / m3/h / rpm / W point printed on original Airtek V.2024 PDF page 119.
B38A400H147-137-A0,Published P-Q table 50Hz,static_pressure,1418.0,50Hz,2560.0,100.0,265.0,,,Airtek Power Catalog (AC _ EC).pdf,119,Published numeric Airtek table - verify source page,Numeric Pa / m3/h / rpm / W point printed on original Airtek V.2024 PDF page 119.
B38A400H147-137-A0,Published P-Q table 50Hz,static_pressure,1396.0,50Hz,2120.0,200.0,265.0,,,Airtek Power Catalog (AC _ EC).pdf,119,Published numeric Airtek table - verify source page,Numeric Pa / m3/h / rpm / W point printed on original Airtek V.2024 PDF page 119.
B38A400H147-137-A0,Published P-Q table 50Hz,static_pressure,1385.0,50Hz,1282.0,300.0,264.0,,,Airtek Power Catalog (AC _ EC).pdf,119,Published numeric Airtek table - verify source page,Numeric Pa / m3/h / rpm / W point printed on original Airtek V.2024 PDF page 119.
B38A400H147-137-A0,Published P-Q table 50Hz,static_pressure,1346.0,50Hz,505.0,400.0,263.0,,,Airtek Power Catalog (AC _ EC).pdf,119,Published numeric Airtek table - verify source page,Numeric Pa / m3/h / rpm / W point printed on original Airtek V.2024 PDF page 119.
B38A400H170-138-A0,Published P-Q table Published curve,static_pressure,1405.0,Published curve,3580.0,100.0,482.0,,,Airtek Power Catalog (AC _ EC).pdf,120,Published numeric Airtek table - verify source page,Numeric Pa / m3/h / rpm / W point printed on original Airtek V.2024 PDF page 120.
B38A400H170-138-A0,Published P-Q table Published curve,static_pressure,1386.0,Published curve,3200.0,200.0,480.0,,,Airtek Power Catalog (AC _ EC).pdf,120,Published numeric Airtek table - verify source page,Numeric Pa / m3/h / rpm / W point printed on original Airtek V.2024 PDF page 120.
B38A400H170-138-A0,Published P-Q table Published curve,static_pressure,1365.0,Published curve,2580.0,300.0,479.0,,,Airtek Power Catalog (AC _ EC).pdf,120,Published numeric Airtek table - verify source page,Numeric Pa / m3/h / rpm / W point printed on original Airtek V.2024 PDF page 120.
B38A400H170-138-A0,Published P-Q table Published curve,static_pressure,1326.0,Published curve,810.0,400.0,478.0,,,Airtek Power Catalog (AC _ EC).pdf,120,Published numeric Airtek table - verify source page,Numeric Pa / m3/h / rpm / W point printed on original Airtek V.2024 PDF page 120.
B23A400H181-138-00,Published P-Q table Published curve,static_pressure,1421.0,Published curve,3167.0,250.0,470.0,,,Airtek Power Catalog (AC _ EC).pdf,121,Published numeric Airtek table - verify source page,Numeric Pa / m3/h / rpm / W point printed on original Airtek V.2024 PDF page 121.
B23A400H181-138-00,Published P-Q table Published curve,static_pressure,1421.0,Published curve,2884.0,300.0,478.0,,,Airtek Power Catalog (AC _ EC).pdf,121,Published numeric Airtek table - verify source page,Numeric Pa / m3/h / rpm / W point printed on original Airtek V.2024 PDF page 121.
B23A400H181-138-00,Published P-Q table Published curve,static_pressure,1422.0,Published curve,2455.0,350.0,472.0,,,Airtek Power Catalog (AC _ EC).pdf,121,Published numeric Airtek table - verify source page,Numeric Pa / m3/h / rpm / W point printed on original Airtek V.2024 PDF page 121.
B23A400H181-138-00,Published P-Q table Published curve,static_pressure,1429.0,Published curve,1825.0,405.0,436.0,,,Airtek Power Catalog (AC _ EC).pdf,121,Published numeric Airtek table - verify source page,Numeric Pa / m3/h / rpm / W point printed on original Airtek V.2024 PDF page 121.
B38A400H181-138-00,Published P-Q table Published curve,static_pressure,1420.0,Published curve,4030.0,200.0,546.0,,,Airtek Power Catalog (AC _ EC).pdf,122,Published numeric Airtek table - verify source page,Numeric Pa / m3/h / rpm / W point printed on original Airtek V.2024 PDF page 122.
B38A400H181-138-00,Published P-Q table Published curve,static_pressure,1414.0,Published curve,3278.0,300.0,562.0,,,Airtek Power Catalog (AC _ EC).pdf,122,Published numeric Airtek table - verify source page,Numeric Pa / m3/h / rpm / W point printed on original Airtek V.2024 PDF page 122.
B38A400H181-138-00,Published P-Q table Published curve,static_pressure,1426.0,Published curve,2080.0,405.0,496.0,,,Airtek Power Catalog (AC _ EC).pdf,122,Published numeric Airtek table - verify source page,Numeric Pa / m3/h / rpm / W point printed on original Airtek V.2024 PDF page 122.
B38A400H181-138-00,Published P-Q table Published curve,static_pressure,1437.0,Published curve,1390.0,430.0,434.0,,,Airtek Power Catalog (AC _ EC).pdf,122,Published numeric Airtek table - verify source page,Numeric Pa / m3/h / rpm / W point printed on original Airtek V.2024 PDF page 122.
B38A450H151-138-A0,Published P-Q table 60Hz,static_pressure,1712.0,60Hz,5260.0,200.0,968.0,,,Airtek Power Catalog (AC _ EC).pdf,125,Published numeric Airtek table - verify source page,Numeric Pa / m3/h / rpm / W point printed on original Airtek V.2024 PDF page 125.
B38A450H151-138-A0,Published P-Q table 60Hz,static_pressure,1685.0,60Hz,4710.0,300.0,965.0,,,Airtek Power Catalog (AC _ EC).pdf,125,Published numeric Airtek table - verify source page,Numeric Pa / m3/h / rpm / W point printed on original Airtek V.2024 PDF page 125.
B38A450H151-138-A0,Published P-Q table 60Hz,static_pressure,1652.0,60Hz,4150.0,400.0,966.0,,,Airtek Power Catalog (AC _ EC).pdf,125,Published numeric Airtek table - verify source page,Numeric Pa / m3/h / rpm / W point printed on original Airtek V.2024 PDF page 125.
B38A450H151-138-A0,Published P-Q table 60Hz,static_pressure,1625.0,60Hz,3860.0,500.0,962.0,,,Airtek Power Catalog (AC _ EC).pdf,125,Published numeric Airtek table - verify source page,Numeric Pa / m3/h / rpm / W point printed on original Airtek V.2024 PDF page 125.
B38A450H151-138-A0,Published P-Q table 50Hz,static_pressure,1496.0,50Hz,4100.0,200.0,655.0,,,Airtek Power Catalog (AC _ EC).pdf,125,Published numeric Airtek table - verify source page,Numeric Pa / m3/h / rpm / W point printed on original Airtek V.2024 PDF page 125.
B38A450H151-138-A0,Published P-Q table 50Hz,static_pressure,1468.0,50Hz,3299.0,300.0,654.0,,,Airtek Power Catalog (AC _ EC).pdf,125,Published numeric Airtek table - verify source page,Numeric Pa / m3/h / rpm / W point printed on original Airtek V.2024 PDF page 125.
B38A450H151-138-A0,Published P-Q table 50Hz,static_pressure,1442.0,50Hz,2530.0,400.0,655.0,,,Airtek Power Catalog (AC _ EC).pdf,125,Published numeric Airtek table - verify source page,Numeric Pa / m3/h / rpm / W point printed on original Airtek V.2024 PDF page 125.
B38A450H151-138-A0,Published P-Q table 50Hz,static_pressure,1402.0,50Hz,2120.0,500.0,653.0,,,Airtek Power Catalog (AC _ EC).pdf,125,Published numeric Airtek table - verify source page,Numeric Pa / m3/h / rpm / W point printed on original Airtek V.2024 PDF page 125.
B38A450H206-138-00,Published P-Q table Published curve,static_pressure,1359.0,Published curve,4194.0,293.0,748.0,,,Airtek Power Catalog (AC _ EC).pdf,127,Published numeric Airtek table - verify source page,Numeric Pa / m3/h / rpm / W point printed on original Airtek V.2024 PDF page 127.
B38A450H206-138-00,Published P-Q table Published curve,static_pressure,1359.0,Published curve,3563.0,360.0,755.0,,,Airtek Power Catalog (AC _ EC).pdf,127,Published numeric Airtek table - verify source page,Numeric Pa / m3/h / rpm / W point printed on original Airtek V.2024 PDF page 127.
B38A450H206-138-00,Published P-Q table Published curve,static_pressure,1367.0,Published curve,3105.0,400.0,733.0,,,Airtek Power Catalog (AC _ EC).pdf,127,Published numeric Airtek table - verify source page,Numeric Pa / m3/h / rpm / W point printed on original Airtek V.2024 PDF page 127.
B38A450H206-138-00,Published P-Q table Published curve,static_pressure,1372.0,Published curve,2594.0,444.0,705.0,,,Airtek Power Catalog (AC _ EC).pdf,127,Published numeric Airtek table - verify source page,Numeric Pa / m3/h / rpm / W point printed on original Airtek V.2024 PDF page 127.
B23A450H206-138-00,Published P-Q table Published curve,static_pressure,1370.0,Published curve,4860.0,200.0,721.0,,,Airtek Power Catalog (AC _ EC).pdf,128,Published numeric Airtek table - verify source page,Numeric Pa / m3/h / rpm / W point printed on original Airtek V.2024 PDF page 128.
B23A450H206-138-00,Published P-Q table Published curve,static_pressure,1350.0,Published curve,4265.0,290.0,770.0,,,Airtek Power Catalog (AC _ EC).pdf,128,Published numeric Airtek table - verify source page,Numeric Pa / m3/h / rpm / W point printed on original Airtek V.2024 PDF page 128.
B23A450H206-138-00,Published P-Q table Published curve,static_pressure,1345.0,Published curve,3730.0,350.0,782.0,,,Airtek Power Catalog (AC _ EC).pdf,128,Published numeric Airtek table - verify source page,Numeric Pa / m3/h / rpm / W point printed on original Airtek V.2024 PDF page 128.
B23A450H206-138-00,Published P-Q table Published curve,static_pressure,1345.0,Published curve,3210.0,400.0,770.0,,,Airtek Power Catalog (AC _ EC).pdf,128,Published numeric Airtek table - verify source page,Numeric Pa / m3/h / rpm / W point printed on original Airtek V.2024 PDF page 128.
B38A450H209-138-A0,Published P-Q table Published curve,static_pressure,1378.0,Published curve,5100.0,200.0,802.0,,,Airtek Power Catalog (AC _ EC).pdf,129,Published numeric Airtek table - verify source page,Numeric Pa / m3/h / rpm / W point printed on original Airtek V.2024 PDF page 129.
B38A450H209-138-A0,Published P-Q table Published curve,static_pressure,1360.0,Published curve,4520.0,300.0,799.0,,,Airtek Power Catalog (AC _ EC).pdf,129,Published numeric Airtek table - verify source page,Numeric Pa / m3/h / rpm / W point printed on original Airtek V.2024 PDF page 129.
B38A450H209-138-A0,Published P-Q table Published curve,static_pressure,1348.0,Published curve,3450.0,400.0,798.0,,,Airtek Power Catalog (AC _ EC).pdf,129,Published numeric Airtek table - verify source page,Numeric Pa / m3/h / rpm / W point printed on original Airtek V.2024 PDF page 129.
B38A450H209-138-A0,Published P-Q table Published curve,static_pressure,1326.0,Published curve,2400.0,500.0,799.0,,,Airtek Power Catalog (AC _ EC).pdf,129,Published numeric Airtek table - verify source page,Numeric Pa / m3/h / rpm / W point printed on original Airtek V.2024 PDF page 129.
B38A450H209-138-A1,Published P-Q table Published curve,static_pressure,1495.0,Published curve,6060.0,200.0,1120.0,,,Airtek Power Catalog (AC _ EC).pdf,130,Published numeric Airtek table - verify source page,Numeric Pa / m3/h / rpm / W point printed on original Airtek V.2024 PDF page 130.
B38A450H209-138-A1,Published P-Q table Published curve,static_pressure,1468.0,Published curve,5450.0,300.0,1115.0,,,Airtek Power Catalog (AC _ EC).pdf,130,Published numeric Airtek table - verify source page,Numeric Pa / m3/h / rpm / W point printed on original Airtek V.2024 PDF page 130.
B38A450H209-138-A1,Published P-Q table Published curve,static_pressure,1425.0,Published curve,4820.0,400.0,1116.0,,,Airtek Power Catalog (AC _ EC).pdf,130,Published numeric Airtek table - verify source page,Numeric Pa / m3/h / rpm / W point printed on original Airtek V.2024 PDF page 130.
B38A450H209-138-A1,Published P-Q table Published curve,static_pressure,1396.0,Published curve,3480.0,500.0,1112.0,,,Airtek Power Catalog (AC _ EC).pdf,130,Published numeric Airtek table - verify source page,Numeric Pa / m3/h / rpm / W point printed on original Airtek V.2024 PDF page 130.
B23A450H218-138-A0,Published P-Q table 60Hz,static_pressure,1096.0,60Hz,4100.0,50.0,372.0,,,Airtek Power Catalog (AC _ EC).pdf,131,Published numeric Airtek table - verify source page,Numeric Pa / m3/h / rpm / W point printed on original Airtek V.2024 PDF page 131.
B23A450H218-138-A0,Published P-Q table 60Hz,static_pressure,1075.0,60Hz,3710.0,100.0,368.0,,,Airtek Power Catalog (AC _ EC).pdf,131,Published numeric Airtek table - verify source page,Numeric Pa / m3/h / rpm / W point printed on original Airtek V.2024 PDF page 131.
B23A450H218-138-A0,Published P-Q table 60Hz,static_pressure,1052.0,60Hz,3200.0,150.0,367.0,,,Airtek Power Catalog (AC _ EC).pdf,131,Published numeric Airtek table - verify source page,Numeric Pa / m3/h / rpm / W point printed on original Airtek V.2024 PDF page 131.
B23A450H218-138-A0,Published P-Q table 60Hz,static_pressure,1015.0,60Hz,2510.0,200.0,362.0,,,Airtek Power Catalog (AC _ EC).pdf,131,Published numeric Airtek table - verify source page,Numeric Pa / m3/h / rpm / W point printed on original Airtek V.2024 PDF page 131.
B23A450H218-138-A0,Published P-Q table 50Hz,static_pressure,985.0,50Hz,3600.0,50.0,305.0,,,Airtek Power Catalog (AC _ EC).pdf,131,Published numeric Airtek table - verify source page,Numeric Pa / m3/h / rpm / W point printed on original Airtek V.2024 PDF page 131.
B23A450H218-138-A0,Published P-Q table 50Hz,static_pressure,975.0,50Hz,3119.0,100.0,301.0,,,Airtek Power Catalog (AC _ EC).pdf,131,Published numeric Airtek table - verify source page,Numeric Pa / m3/h / rpm / W point printed on original Airtek V.2024 PDF page 131.
B23A450H218-138-A0,Published P-Q table 50Hz,static_pressure,952.0,50Hz,2830.0,150.0,301.0,,,Airtek Power Catalog (AC _ EC).pdf,131,Published numeric Airtek table - verify source page,Numeric Pa / m3/h / rpm / W point printed on original Airtek V.2024 PDF page 131.
B23A450H218-138-A0,Published P-Q table 50Hz,static_pressure,938.0,50Hz,1910.0,200.0,300.0,,,Airtek Power Catalog (AC _ EC).pdf,131,Published numeric Airtek table - verify source page,Numeric Pa / m3/h / rpm / W point printed on original Airtek V.2024 PDF page 131.
B38A450H218-138-A0,Published P-Q table 60Hz,static_pressure,1096.0,60Hz,4100.0,50.0,372.0,,,Airtek Power Catalog (AC _ EC).pdf,132,Published numeric Airtek table - verify source page,Numeric Pa / m3/h / rpm / W point printed on original Airtek V.2024 PDF page 132.
B38A450H218-138-A0,Published P-Q table 60Hz,static_pressure,1075.0,60Hz,3710.0,100.0,368.0,,,Airtek Power Catalog (AC _ EC).pdf,132,Published numeric Airtek table - verify source page,Numeric Pa / m3/h / rpm / W point printed on original Airtek V.2024 PDF page 132.
B38A450H218-138-A0,Published P-Q table 60Hz,static_pressure,1052.0,60Hz,3200.0,150.0,367.0,,,Airtek Power Catalog (AC _ EC).pdf,132,Published numeric Airtek table - verify source page,Numeric Pa / m3/h / rpm / W point printed on original Airtek V.2024 PDF page 132.
B38A450H218-138-A0,Published P-Q table 60Hz,static_pressure,1015.0,60Hz,2510.0,200.0,362.0,,,Airtek Power Catalog (AC _ EC).pdf,132,Published numeric Airtek table - verify source page,Numeric Pa / m3/h / rpm / W point printed on original Airtek V.2024 PDF page 132.
B38A450H218-138-A0,Published P-Q table 50Hz,static_pressure,985.0,50Hz,3600.0,50.0,305.0,,,Airtek Power Catalog (AC _ EC).pdf,132,Published numeric Airtek table - verify source page,Numeric Pa / m3/h / rpm / W point printed on original Airtek V.2024 PDF page 132.
B38A450H218-138-A0,Published P-Q table 50Hz,static_pressure,975.0,50Hz,3119.0,100.0,301.0,,,Airtek Power Catalog (AC _ EC).pdf,132,Published numeric Airtek table - verify source page,Numeric Pa / m3/h / rpm / W point printed on original Airtek V.2024 PDF page 132.
B38A450H218-138-A0,Published P-Q table 50Hz,static_pressure,952.0,50Hz,2830.0,150.0,301.0,,,Airtek Power Catalog (AC _ EC).pdf,132,Published numeric Airtek table - verify source page,Numeric Pa / m3/h / rpm / W point printed on original Airtek V.2024 PDF page 132.
B38A450H218-138-A0,Published P-Q table 50Hz,static_pressure,938.0,50Hz,1910.0,200.0,300.0,,,Airtek Power Catalog (AC _ EC).pdf,132,Published numeric Airtek table - verify source page,Numeric Pa / m3/h / rpm / W point printed on original Airtek V.2024 PDF page 132.
B38A520H159-137-A0,Published P-Q table 60Hz,static_pressure,1716.0,60Hz,6000.0,200.0,1512.0,,,Airtek Power Catalog (AC _ EC).pdf,133,Published numeric Airtek table - verify source page,Numeric Pa / m3/h / rpm / W point printed on original Airtek V.2024 PDF page 133.
B38A520H159-137-A0,Published P-Q table 60Hz,static_pressure,1695.0,60Hz,5600.0,300.0,1509.0,,,Airtek Power Catalog (AC _ EC).pdf,133,Published numeric Airtek table - verify source page,Numeric Pa / m3/h / rpm / W point printed on original Airtek V.2024 PDF page 133.
B38A520H159-137-A0,Published P-Q table 60Hz,static_pressure,1652.0,60Hz,5060.0,400.0,1505.0,,,Airtek Power Catalog (AC _ EC).pdf,133,Published numeric Airtek table - verify source page,Numeric Pa / m3/h / rpm / W point printed on original Airtek V.2024 PDF page 133.
B38A520H159-137-A0,Published P-Q table 60Hz,static_pressure,1625.0,60Hz,4650.0,500.0,1501.0,,,Airtek Power Catalog (AC _ EC).pdf,133,Published numeric Airtek table - verify source page,Numeric Pa / m3/h / rpm / W point printed on original Airtek V.2024 PDF page 133.
B38A520H159-137-A0,Published P-Q table 50Hz,static_pressure,1495.0,50Hz,5120.0,200.0,1005.0,,,Airtek Power Catalog (AC _ EC).pdf,133,Published numeric Airtek table - verify source page,Numeric Pa / m3/h / rpm / W point printed on original Airtek V.2024 PDF page 133.
B38A520H159-137-A0,Published P-Q table 50Hz,static_pressure,1467.0,50Hz,4650.0,300.0,1001.0,,,Airtek Power Catalog (AC _ EC).pdf,133,Published numeric Airtek table - verify source page,Numeric Pa / m3/h / rpm / W point printed on original Airtek V.2024 PDF page 133.
B38A520H159-137-A0,Published P-Q table 50Hz,static_pressure,1448.0,50Hz,4000.0,400.0,998.0,,,Airtek Power Catalog (AC _ EC).pdf,133,Published numeric Airtek table - verify source page,Numeric Pa / m3/h / rpm / W point printed on original Airtek V.2024 PDF page 133.
B38A520H159-137-A0,Published P-Q table 50Hz,static_pressure,1421.0,50Hz,3080.0,500.0,998.0,,,Airtek Power Catalog (AC _ EC).pdf,133,Published numeric Airtek table - verify source page,Numeric Pa / m3/h / rpm / W point printed on original Airtek V.2024 PDF page 133.
B38A520H202-180-00,Published P-Q table Published curve,static_pressure,1352.0,Published curve,7020.0,200.0,1002.0,,,Airtek Power Catalog (AC _ EC).pdf,134,Published numeric Airtek table - verify source page,Numeric Pa / m3/h / rpm / W point printed on original Airtek V.2024 PDF page 134.
B38A520H202-180-00,Published P-Q table Published curve,static_pressure,1325.0,Published curve,6050.0,300.0,1000.0,,,Airtek Power Catalog (AC _ EC).pdf,134,Published numeric Airtek table - verify source page,Numeric Pa / m3/h / rpm / W point printed on original Airtek V.2024 PDF page 134.
B38A520H202-180-00,Published P-Q table Published curve,static_pressure,1304.0,Published curve,5560.0,400.0,999.0,,,Airtek Power Catalog (AC _ EC).pdf,134,Published numeric Airtek table - verify source page,Numeric Pa / m3/h / rpm / W point printed on original Airtek V.2024 PDF page 134.
B38A520H202-180-00,Published P-Q table Published curve,static_pressure,1292.0,Published curve,3600.0,500.0,999.0,,,Airtek Power Catalog (AC _ EC).pdf,134,Published numeric Airtek table - verify source page,Numeric Pa / m3/h / rpm / W point printed on original Airtek V.2024 PDF page 134.
B38A520H225-180-00,Published P-Q table Published curve,static_pressure,1315.0,Published curve,6461.0,300.0,1435.0,,,Airtek Power Catalog (AC _ EC).pdf,135,Published numeric Airtek table - verify source page,Numeric Pa / m3/h / rpm / W point printed on original Airtek V.2024 PDF page 135.
B38A520H225-180-00,Published P-Q table Published curve,static_pressure,1300.0,Published curve,5616.0,400.0,1484.0,,,Airtek Power Catalog (AC _ EC).pdf,135,Published numeric Airtek table - verify source page,Numeric Pa / m3/h / rpm / W point printed on original Airtek V.2024 PDF page 135.
B38A520H225-180-00,Published P-Q table Published curve,static_pressure,1300.0,Published curve,4552.0,505.0,1452.0,,,Airtek Power Catalog (AC _ EC).pdf,135,Published numeric Airtek table - verify source page,Numeric Pa / m3/h / rpm / W point printed on original Airtek V.2024 PDF page 135.
B38A520H225-180-00,Published P-Q table Published curve,static_pressure,1340.0,Published curve,2816.0,600.0,1199.0,,,Airtek Power Catalog (AC _ EC).pdf,135,Published numeric Airtek table - verify source page,Numeric Pa / m3/h / rpm / W point printed on original Airtek V.2024 PDF page 135.
B38A520H234-180-A0,Published P-Q table Published curve,static_pressure,1495.0,Published curve,7460.0,300.0,1510.0,,,Airtek Power Catalog (AC _ EC).pdf,136,Published numeric Airtek table - verify source page,Numeric Pa / m3/h / rpm / W point printed on original Airtek V.2024 PDF page 136.
B38A520H234-180-A0,Published P-Q table Published curve,static_pressure,1468.0,Published curve,6100.0,400.0,1508.0,,,Airtek Power Catalog (AC _ EC).pdf,136,Published numeric Airtek table - verify source page,Numeric Pa / m3/h / rpm / W point printed on original Airtek V.2024 PDF page 136.
B38A520H234-180-A0,Published P-Q table Published curve,static_pressure,1440.0,Published curve,4900.0,500.0,1506.0,,,Airtek Power Catalog (AC _ EC).pdf,136,Published numeric Airtek table - verify source page,Numeric Pa / m3/h / rpm / W point printed on original Airtek V.2024 PDF page 136.
B38A520H234-180-A0,Published P-Q table Published curve,static_pressure,1398.0,Published curve,3000.0,600.0,1504.0,,,Airtek Power Catalog (AC _ EC).pdf,136,Published numeric Airtek table - verify source page,Numeric Pa / m3/h / rpm / W point printed on original Airtek V.2024 PDF page 136.
B38A520H254-180-A0,Published P-Q table 60Hz,static_pressure,1096.0,60Hz,5100.0,100.0,552.0,,,Airtek Power Catalog (AC _ EC).pdf,137,Published numeric Airtek table - verify source page,Numeric Pa / m3/h / rpm / W point printed on original Airtek V.2024 PDF page 137.
B38A520H254-180-A0,Published P-Q table 60Hz,static_pressure,1075.0,60Hz,4000.0,200.0,551.0,,,Airtek Power Catalog (AC _ EC).pdf,137,Published numeric Airtek table - verify source page,Numeric Pa / m3/h / rpm / W point printed on original Airtek V.2024 PDF page 137.
B38A520H254-180-A0,Published P-Q table 60Hz,static_pressure,1042.0,60Hz,2480.0,300.0,551.0,,,Airtek Power Catalog (AC _ EC).pdf,137,Published numeric Airtek table - verify source page,Numeric Pa / m3/h / rpm / W point printed on original Airtek V.2024 PDF page 137.
B38A520H254-180-A0,Published P-Q table 60Hz,static_pressure,1035.0,60Hz,850.0,400.0,550.0,,,Airtek Power Catalog (AC _ EC).pdf,137,Published numeric Airtek table - verify source page,Numeric Pa / m3/h / rpm / W point printed on original Airtek V.2024 PDF page 137.
B38A520H254-180-A0,Published P-Q table 50Hz,static_pressure,980.0,50Hz,4880.0,50.0,455.0,,,Airtek Power Catalog (AC _ EC).pdf,137,Published numeric Airtek table - verify source page,Numeric Pa / m3/h / rpm / W point printed on original Airtek V.2024 PDF page 137.
B38A520H254-180-A0,Published P-Q table 50Hz,static_pressure,987.0,50Hz,4410.0,100.0,452.0,,,Airtek Power Catalog (AC _ EC).pdf,137,Published numeric Airtek table - verify source page,Numeric Pa / m3/h / rpm / W point printed on original Airtek V.2024 PDF page 137.
B38A520H254-180-A0,Published P-Q table 50Hz,static_pressure,968.0,50Hz,3180.0,200.0,451.0,,,Airtek Power Catalog (AC _ EC).pdf,137,Published numeric Airtek table - verify source page,Numeric Pa / m3/h / rpm / W point printed on original Airtek V.2024 PDF page 137.
B38A520H254-180-A0,Published P-Q table 50Hz,static_pressure,955.0,50Hz,1525.0,300.0,450.0,,,Airtek Power Catalog (AC _ EC).pdf,137,Published numeric Airtek table - verify source page,Numeric Pa / m3/h / rpm / W point printed on original Airtek V.2024 PDF page 137.
B38A560H198-180-A0,Published P-Q table Published curve,static_pressure,1402.0,Published curve,8900.0,300.0,2018.0,,,Airtek Power Catalog (AC _ EC).pdf,138,Published numeric Airtek table - verify source page,Numeric Pa / m3/h / rpm / W point printed on original Airtek V.2024 PDF page 138.
B38A560H198-180-A0,Published P-Q table Published curve,static_pressure,1385.0,Published curve,7050.0,400.0,2015.0,,,Airtek Power Catalog (AC _ EC).pdf,138,Published numeric Airtek table - verify source page,Numeric Pa / m3/h / rpm / W point printed on original Airtek V.2024 PDF page 138.
B38A560H198-180-A0,Published P-Q table Published curve,static_pressure,1362.0,Published curve,6000.0,500.0,2012.0,,,Airtek Power Catalog (AC _ EC).pdf,138,Published numeric Airtek table - verify source page,Numeric Pa / m3/h / rpm / W point printed on original Airtek V.2024 PDF page 138.
B38A560H198-180-A0,Published P-Q table Published curve,static_pressure,1352.0,Published curve,4520.0,600.0,2009.0,,,Airtek Power Catalog (AC _ EC).pdf,138,Published numeric Airtek table - verify source page,Numeric Pa / m3/h / rpm / W point printed on original Airtek V.2024 PDF page 138.
B38A560H220-180-A0,Published P-Q table A0,static_pressure,1392.0,A0,10200.0,200.0,2530.0,,,Airtek Power Catalog (AC _ EC).pdf,139,Published numeric Airtek table - verify source page,Numeric Pa / m3/h / rpm / W point printed on original Airtek V.2024 PDF page 139.
B38A560H220-180-A0,Published P-Q table A0,static_pressure,1368.0,A0,9600.0,300.0,2526.0,,,Airtek Power Catalog (AC _ EC).pdf,139,Published numeric Airtek table - verify source page,Numeric Pa / m3/h / rpm / W point printed on original Airtek V.2024 PDF page 139.
B38A560H220-180-A0,Published P-Q table A0,static_pressure,1338.0,A0,9000.0,400.0,2518.0,,,Airtek Power Catalog (AC _ EC).pdf,139,Published numeric Airtek table - verify source page,Numeric Pa / m3/h / rpm / W point printed on original Airtek V.2024 PDF page 139.
B38A560H220-180-A0,Published P-Q table A0,static_pressure,1325.0,A0,8000.0,500.0,2508.0,,,Airtek Power Catalog (AC _ EC).pdf,139,Published numeric Airtek table - verify source page,Numeric Pa / m3/h / rpm / W point printed on original Airtek V.2024 PDF page 139.
B38A560H220-180-A1,Published P-Q table A1,static_pressure,940.0,A1,7050.0,100.0,912.0,,,Airtek Power Catalog (AC _ EC).pdf,139,Published numeric Airtek table - verify source page,Numeric Pa / m3/h / rpm / W point printed on original Airtek V.2024 PDF page 139.
B38A560H220-180-A1,Published P-Q table A1,static_pressure,925.0,A1,6000.0,200.0,909.0,,,Airtek Power Catalog (AC _ EC).pdf,139,Published numeric Airtek table - verify source page,Numeric Pa / m3/h / rpm / W point printed on original Airtek V.2024 PDF page 139.
B38A560H220-180-A1,Published P-Q table A1,static_pressure,920.0,A1,3500.0,300.0,905.0,,,Airtek Power Catalog (AC _ EC).pdf,139,Published numeric Airtek table - verify source page,Numeric Pa / m3/h / rpm / W point printed on original Airtek V.2024 PDF page 139.
B38A560H220-180-A1,Published P-Q table A1,static_pressure,910.0,A1,1000.0,400.0,904.0,,,Airtek Power Catalog (AC _ EC).pdf,139,Published numeric Airtek table - verify source page,Numeric Pa / m3/h / rpm / W point printed on original Airtek V.2024 PDF page 139.
B38A560H243-180-A0,Published P-Q table A0,static_pressure,1389.0,A0,11100.0,300.0,2521.0,,,Airtek Power Catalog (AC _ EC).pdf,140,Published numeric Airtek table - verify source page,Numeric Pa / m3/h / rpm / W point printed on original Airtek V.2024 PDF page 140.
B38A560H243-180-A0,Published P-Q table A0,static_pressure,1372.0,A0,10100.0,400.0,2516.0,,,Airtek Power Catalog (AC _ EC).pdf,140,Published numeric Airtek table - verify source page,Numeric Pa / m3/h / rpm / W point printed on original Airtek V.2024 PDF page 140.
B38A560H243-180-A0,Published P-Q table A0,static_pressure,1365.0,A0,9200.0,500.0,2510.0,,,Airtek Power Catalog (AC _ EC).pdf,140,Published numeric Airtek table - verify source page,Numeric Pa / m3/h / rpm / W point printed on original Airtek V.2024 PDF page 140.
B38A560H243-180-A0,Published P-Q table A0,static_pressure,1355.0,A0,7900.0,600.0,2505.0,,,Airtek Power Catalog (AC _ EC).pdf,140,Published numeric Airtek table - verify source page,Numeric Pa / m3/h / rpm / W point printed on original Airtek V.2024 PDF page 140.
B38A560H243-180-A1,Published P-Q table A1,static_pressure,968.0,A1,8400.0,50.0,906.0,,,Airtek Power Catalog (AC _ EC).pdf,140,Published numeric Airtek table - verify source page,Numeric Pa / m3/h / rpm / W point printed on original Airtek V.2024 PDF page 140.
B38A560H243-180-A1,Published P-Q table A1,static_pressure,942.0,A1,7600.0,100.0,901.0,,,Airtek Power Catalog (AC _ EC).pdf,140,Published numeric Airtek table - verify source page,Numeric Pa / m3/h / rpm / W point printed on original Airtek V.2024 PDF page 140.
B38A560H243-180-A1,Published P-Q table A1,static_pressure,921.0,A1,6450.0,200.0,899.0,,,Airtek Power Catalog (AC _ EC).pdf,140,Published numeric Airtek table - verify source page,Numeric Pa / m3/h / rpm / W point printed on original Airtek V.2024 PDF page 140.
B38A560H243-180-A1,Published P-Q table A1,static_pressure,909.0,A1,3800.0,300.0,895.0,,,Airtek Power Catalog (AC _ EC).pdf,140,Published numeric Airtek table - verify source page,Numeric Pa / m3/h / rpm / W point printed on original Airtek V.2024 PDF page 140.
B38A560H256-180-00,Published P-Q table Published curve,static_pressure,1266.0,Published curve,9461.0,300.0,2348.0,,,Airtek Power Catalog (AC _ EC).pdf,141,Published numeric Airtek table - verify source page,Numeric Pa / m3/h / rpm / W point printed on original Airtek V.2024 PDF page 141.
B38A560H256-180-00,Published P-Q table Published curve,static_pressure,1259.0,Published curve,8187.0,400.0,2368.0,,,Airtek Power Catalog (AC _ EC).pdf,141,Published numeric Airtek table - verify source page,Numeric Pa / m3/h / rpm / W point printed on original Airtek V.2024 PDF page 141.
B38A560H256-180-00,Published P-Q table Published curve,static_pressure,1266.0,Published curve,6631.0,499.0,2299.0,,,Airtek Power Catalog (AC _ EC).pdf,141,Published numeric Airtek table - verify source page,Numeric Pa / m3/h / rpm / W point printed on original Airtek V.2024 PDF page 141.
B38A560H256-180-00,Published P-Q table Published curve,static_pressure,1323.0,Published curve,4154.0,601.0,1868.0,,,Airtek Power Catalog (AC _ EC).pdf,141,Published numeric Airtek table - verify source page,Numeric Pa / m3/h / rpm / W point printed on original Airtek V.2024 PDF page 141.
B38A630H293-180-A0,Published P-Q table A0,static_pressure,998.0,A0,10500.0,100.0,1510.0,,,Airtek Power Catalog (AC _ EC).pdf,142,Published numeric Airtek table - verify source page,Numeric Pa / m3/h / rpm / W point printed on original Airtek V.2024 PDF page 142.
B38A630H293-180-A0,Published P-Q table A0,static_pressure,972.0,A0,10100.0,200.0,1505.0,,,Airtek Power Catalog (AC _ EC).pdf,142,Published numeric Airtek table - verify source page,Numeric Pa / m3/h / rpm / W point printed on original Airtek V.2024 PDF page 142.
B38A630H293-180-A0,Published P-Q table A0,static_pressure,959.0,A0,9100.0,300.0,1508.0,,,Airtek Power Catalog (AC _ EC).pdf,142,Published numeric Airtek table - verify source page,Numeric Pa / m3/h / rpm / W point printed on original Airtek V.2024 PDF page 142.
B38A630H293-180-A0,Published P-Q table A0,static_pressure,925.0,A0,4100.0,400.0,1502.0,,,Airtek Power Catalog (AC _ EC).pdf,142,Published numeric Airtek table - verify source page,Numeric Pa / m3/h / rpm / W point printed on original Airtek V.2024 PDF page 142.
B38A630H293-180-A1,Published P-Q table A1,static_pressure,765.0,A1,8500.0,50.0,706.0,,,Airtek Power Catalog (AC _ EC).pdf,142,Published numeric Airtek table - verify source page,Numeric Pa / m3/h / rpm / W point printed on original Airtek V.2024 PDF page 142.
B38A630H293-180-A1,Published P-Q table A1,static_pressure,751.0,A1,7000.0,100.0,702.0,,,Airtek Power Catalog (AC _ EC).pdf,142,Published numeric Airtek table - verify source page,Numeric Pa / m3/h / rpm / W point printed on original Airtek V.2024 PDF page 142.
B38A630H293-180-A1,Published P-Q table A1,static_pressure,725.0,A1,5900.0,150.0,703.0,,,Airtek Power Catalog (AC _ EC).pdf,142,Published numeric Airtek table - verify source page,Numeric Pa / m3/h / rpm / W point printed on original Airtek V.2024 PDF page 142.
B38A630H293-180-A1,Published P-Q table A1,static_pressure,701.0,A1,4400.0,200.0,701.0,,,Airtek Power Catalog (AC _ EC).pdf,142,Published numeric Airtek table - verify source page,Numeric Pa / m3/h / rpm / W point printed on original Airtek V.2024 PDF page 142.
F23E108H51-72-B0,Published P-Q table Published curve,static_pressure,2852.0,Published curve,220.0,50.0,55.0,,,Airtek Power Catalog (AC _ EC).pdf,144,Published numeric Airtek table - verify source page,Numeric Pa / m3/h / rpm / W point printed on original Airtek V.2024 PDF page 144.
F23E108H51-72-B0,Published P-Q table Published curve,static_pressure,2812.0,Published curve,199.0,100.0,51.0,,,Airtek Power Catalog (AC _ EC).pdf,144,Published numeric Airtek table - verify source page,Numeric Pa / m3/h / rpm / W point printed on original Airtek V.2024 PDF page 144.
F23E108H51-72-B0,Published P-Q table Published curve,static_pressure,2786.0,Published curve,185.0,150.0,50.0,,,Airtek Power Catalog (AC _ EC).pdf,144,Published numeric Airtek table - verify source page,Numeric Pa / m3/h / rpm / W point printed on original Airtek V.2024 PDF page 144.
F23E108H51-72-B0,Published P-Q table Published curve,static_pressure,2756.0,Published curve,147.0,200.0,50.0,,,Airtek Power Catalog (AC _ EC).pdf,144,Published numeric Airtek table - verify source page,Numeric Pa / m3/h / rpm / W point printed on original Airtek V.2024 PDF page 144.
F23E120H61-72-B0,Published P-Q table Published curve,static_pressure,2612.0,Published curve,285.0,100.0,65.0,,,Airtek Power Catalog (AC _ EC).pdf,145,Published numeric Airtek table - verify source page,Numeric Pa / m3/h / rpm / W point printed on original Airtek V.2024 PDF page 145.
F23E120H61-72-B0,Published P-Q table Published curve,static_pressure,2586.0,Published curve,258.0,150.0,65.0,,,Airtek Power Catalog (AC _ EC).pdf,145,Published numeric Airtek table - verify source page,Numeric Pa / m3/h / rpm / W point printed on original Airtek V.2024 PDF page 145.
F23E120H61-72-B0,Published P-Q table Published curve,static_pressure,2565.0,Published curve,238.0,200.0,65.0,,,Airtek Power Catalog (AC _ EC).pdf,145,Published numeric Airtek table - verify source page,Numeric Pa / m3/h / rpm / W point printed on original Airtek V.2024 PDF page 145.
F23E120H61-72-B0,Published P-Q table Published curve,static_pressure,2512.0,Published curve,100.0,300.0,65.0,,,Airtek Power Catalog (AC _ EC).pdf,145,Published numeric Airtek table - verify source page,Numeric Pa / m3/h / rpm / W point printed on original Airtek V.2024 PDF page 145.
F23E133H46-72-B0,Published P-Q table Published curve,static_pressure,2695.0,Published curve,265.0,100.0,84.0,,,Airtek Power Catalog (AC _ EC).pdf,146,Published numeric Airtek table - verify source page,Numeric Pa / m3/h / rpm / W point printed on original Airtek V.2024 PDF page 146.
F23E133H46-72-B0,Published P-Q table Published curve,static_pressure,2653.0,Published curve,240.0,200.0,84.0,,,Airtek Power Catalog (AC _ EC).pdf,146,Published numeric Airtek table - verify source page,Numeric Pa / m3/h / rpm / W point printed on original Airtek V.2024 PDF page 146.
F23E133H46-72-B0,Published P-Q table Published curve,static_pressure,2632.0,Published curve,228.0,300.0,83.0,,,Airtek Power Catalog (AC _ EC).pdf,146,Published numeric Airtek table - verify source page,Numeric Pa / m3/h / rpm / W point printed on original Airtek V.2024 PDF page 146.
F23E133H46-72-B0,Published P-Q table Published curve,static_pressure,2612.0,Published curve,198.0,400.0,82.0,,,Airtek Power Catalog (AC _ EC).pdf,146,Published numeric Airtek table - verify source page,Numeric Pa / m3/h / rpm / W point printed on original Airtek V.2024 PDF page 146.
F23E140H59-92-B0,Published P-Q table Published curve,static_pressure,2686.0,Published curve,480.0,200.0,152.0,,,Airtek Power Catalog (AC _ EC).pdf,147,Published numeric Airtek table - verify source page,Numeric Pa / m3/h / rpm / W point printed on original Airtek V.2024 PDF page 147.
F23E140H59-92-B0,Published P-Q table Published curve,static_pressure,2662.0,Published curve,460.0,300.0,151.0,,,Airtek Power Catalog (AC _ EC).pdf,147,Published numeric Airtek table - verify source page,Numeric Pa / m3/h / rpm / W point printed on original Airtek V.2024 PDF page 147.
F23E140H59-92-B0,Published P-Q table Published curve,static_pressure,2612.0,Published curve,443.0,400.0,152.0,,,Airtek Power Catalog (AC _ EC).pdf,147,Published numeric Airtek table - verify source page,Numeric Pa / m3/h / rpm / W point printed on original Airtek V.2024 PDF page 147.
F23E140H59-92-B0,Published P-Q table Published curve,static_pressure,2554.0,Published curve,399.0,500.0,152.0,,,Airtek Power Catalog (AC _ EC).pdf,147,Published numeric Airtek table - verify source page,Numeric Pa / m3/h / rpm / W point printed on original Airtek V.2024 PDF page 147.
F23E160H62-92-B0,Published P-Q table Published curve,static_pressure,2102.0,Published curve,524.0,200.0,151.0,,,Airtek Power Catalog (AC _ EC).pdf,148,Published numeric Airtek table - verify source page,Numeric Pa / m3/h / rpm / W point printed on original Airtek V.2024 PDF page 148.
F23E160H62-92-B0,Published P-Q table Published curve,static_pressure,2086.0,Published curve,500.0,300.0,151.0,,,Airtek Power Catalog (AC _ EC).pdf,148,Published numeric Airtek table - verify source page,Numeric Pa / m3/h / rpm / W point printed on original Airtek V.2024 PDF page 148.
F23E160H62-92-B0,Published P-Q table Published curve,static_pressure,2052.0,Published curve,450.0,400.0,151.0,,,Airtek Power Catalog (AC _ EC).pdf,148,Published numeric Airtek table - verify source page,Numeric Pa / m3/h / rpm / W point printed on original Airtek V.2024 PDF page 148.
F23E160H62-92-B0,Published P-Q table Published curve,static_pressure,2034.0,Published curve,394.0,500.0,150.0,,,Airtek Power Catalog (AC _ EC).pdf,148,Published numeric Airtek table - verify source page,Numeric Pa / m3/h / rpm / W point printed on original Airtek V.2024 PDF page 148.
F23E180H92-92-B0,Published P-Q table Published curve,static_pressure,2105.0,Published curve,870.0,200.0,205.0,,,Airtek Power Catalog (AC _ EC).pdf,149,Published numeric Airtek table - verify source page,Numeric Pa / m3/h / rpm / W point printed on original Airtek V.2024 PDF page 149.
F23E180H92-92-B0,Published P-Q table Published curve,static_pressure,2068.0,Published curve,825.0,300.0,204.0,,,Airtek Power Catalog (AC _ EC).pdf,149,Published numeric Airtek table - verify source page,Numeric Pa / m3/h / rpm / W point printed on original Airtek V.2024 PDF page 149.
F23E180H92-92-B0,Published P-Q table Published curve,static_pressure,2025.0,Published curve,797.0,400.0,205.0,,,Airtek Power Catalog (AC _ EC).pdf,149,Published numeric Airtek table - verify source page,Numeric Pa / m3/h / rpm / W point printed on original Airtek V.2024 PDF page 149.
F23E180H92-92-B0,Published P-Q table Published curve,static_pressure,1998.0,Published curve,720.0,500.0,202.0,,,Airtek Power Catalog (AC _ EC).pdf,149,Published numeric Airtek table - verify source page,Numeric Pa / m3/h / rpm / W point printed on original Airtek V.2024 PDF page 149.
F23A180H92-102-B0,Published P-Q table Published curve,static_pressure,2525.0,Published curve,1200.0,300.0,498.0,,,Airtek Power Catalog (AC _ EC).pdf,150,Published numeric Airtek table - verify source page,Numeric Pa / m3/h / rpm / W point printed on original Airtek V.2024 PDF page 150.
F23A180H92-102-B0,Published P-Q table Published curve,static_pressure,2489.0,Published curve,1125.0,400.0,496.0,,,Airtek Power Catalog (AC _ EC).pdf,150,Published numeric Airtek table - verify source page,Numeric Pa / m3/h / rpm / W point printed on original Airtek V.2024 PDF page 150.
F23A180H92-102-B0,Published P-Q table Published curve,static_pressure,2452.0,Published curve,1100.0,600.0,495.0,,,Airtek Power Catalog (AC _ EC).pdf,150,Published numeric Airtek table - verify source page,Numeric Pa / m3/h / rpm / W point printed on original Airtek V.2024 PDF page 150.
F23A180H92-102-B0,Published P-Q table Published curve,static_pressure,2376.0,Published curve,1038.0,800.0,494.0,,,Airtek Power Catalog (AC _ EC).pdf,150,Published numeric Airtek table - verify source page,Numeric Pa / m3/h / rpm / W point printed on original Airtek V.2024 PDF page 150.
F23E200H83-92-B0,Published P-Q table Published curve,static_pressure,1685.0,Published curve,820.0,300.0,223.0,,,Airtek Power Catalog (AC _ EC).pdf,151,Published numeric Airtek table - verify source page,Numeric Pa / m3/h / rpm / W point printed on original Airtek V.2024 PDF page 151.
F23E200H83-92-B0,Published P-Q table Published curve,static_pressure,1652.0,Published curve,725.0,400.0,222.0,,,Airtek Power Catalog (AC _ EC).pdf,151,Published numeric Airtek table - verify source page,Numeric Pa / m3/h / rpm / W point printed on original Airtek V.2024 PDF page 151.
F23E200H83-92-B0,Published P-Q table Published curve,static_pressure,1628.0,Published curve,600.0,600.0,222.0,,,Airtek Power Catalog (AC _ EC).pdf,151,Published numeric Airtek table - verify source page,Numeric Pa / m3/h / rpm / W point printed on original Airtek V.2024 PDF page 151.
F23E200H83-92-B0,Published P-Q table Published curve,static_pressure,1602.0,Published curve,482.0,800.0,222.0,,,Airtek Power Catalog (AC _ EC).pdf,151,Published numeric Airtek table - verify source page,Numeric Pa / m3/h / rpm / W point printed on original Airtek V.2024 PDF page 151.
F23E200H102-102-B0,Published P-Q table Published curve,static_pressure,1985.0,Published curve,1380.0,300.0,505.0,,,Airtek Power Catalog (AC _ EC).pdf,152,Published numeric Airtek table - verify source page,Numeric Pa / m3/h / rpm / W point printed on original Airtek V.2024 PDF page 152.
F23E200H102-102-B0,Published P-Q table Published curve,static_pressure,1972.0,Published curve,1200.0,400.0,506.0,,,Airtek Power Catalog (AC _ EC).pdf,152,Published numeric Airtek table - verify source page,Numeric Pa / m3/h / rpm / W point printed on original Airtek V.2024 PDF page 152.
F23E200H102-102-B0,Published P-Q table Published curve,static_pressure,1942.0,Published curve,990.0,500.0,502.0,,,Airtek Power Catalog (AC _ EC).pdf,152,Published numeric Airtek table - verify source page,Numeric Pa / m3/h / rpm / W point printed on original Airtek V.2024 PDF page 152.
F23E200H102-102-B0,Published P-Q table Published curve,static_pressure,1908.0,Published curve,642.0,600.0,500.0,,,Airtek Power Catalog (AC _ EC).pdf,152,Published numeric Airtek table - verify source page,Numeric Pa / m3/h / rpm / W point printed on original Airtek V.2024 PDF page 152.
F23E225H100-102-B0,Published P-Q table Published curve,static_pressure,1295.0,Published curve,1500.0,300.0,365.0,,,Airtek Power Catalog (AC _ EC).pdf,153,Published numeric Airtek table - verify source page,Numeric Pa / m3/h / rpm / W point printed on original Airtek V.2024 PDF page 153.
F23E225H100-102-B0,Published P-Q table Published curve,static_pressure,1265.0,Published curve,1400.0,400.0,360.0,,,Airtek Power Catalog (AC _ EC).pdf,153,Published numeric Airtek table - verify source page,Numeric Pa / m3/h / rpm / W point printed on original Airtek V.2024 PDF page 153.
F23E225H100-102-B0,Published P-Q table Published curve,static_pressure,1202.0,Published curve,1200.0,600.0,358.0,,,Airtek Power Catalog (AC _ EC).pdf,153,Published numeric Airtek table - verify source page,Numeric Pa / m3/h / rpm / W point printed on original Airtek V.2024 PDF page 153.
F23E225H100-102-B0,Published P-Q table Published curve,static_pressure,1196.0,Published curve,1080.0,800.0,356.0,,,Airtek Power Catalog (AC _ EC).pdf,153,Published numeric Airtek table - verify source page,Numeric Pa / m3/h / rpm / W point printed on original Airtek V.2024 PDF page 153.
FS23E120H115-72-A0,Published P-Q table Published curve,static_pressure,2100.0,Published curve,210.0,500.0,43.0,,,Airtek Power Catalog (AC _ EC).pdf,171,Published numeric Airtek table - verify source page,Numeric Pa / m3/h / rpm / W point printed on original Airtek V.2024 PDF page 171.
FS23E120H115-72-A0,Published P-Q table Published curve,static_pressure,2010.0,Published curve,220.0,400.0,42.0,,,Airtek Power Catalog (AC _ EC).pdf,171,Published numeric Airtek table - verify source page,Numeric Pa / m3/h / rpm / W point printed on original Airtek V.2024 PDF page 171.
FS23E120H115-72-A0,Published P-Q table Published curve,static_pressure,1950.0,Published curve,230.0,300.0,40.0,,,Airtek Power Catalog (AC _ EC).pdf,171,Published numeric Airtek table - verify source page,Numeric Pa / m3/h / rpm / W point printed on original Airtek V.2024 PDF page 171.
FS23E120H115-72-A0,Published P-Q table Published curve,static_pressure,1920.0,Published curve,240.0,200.0,35.0,,,Airtek Power Catalog (AC _ EC).pdf,171,Published numeric Airtek table - verify source page,Numeric Pa / m3/h / rpm / W point printed on original Airtek V.2024 PDF page 171.
FS23E120H115-72-A1,Published P-Q table Published curve,static_pressure,2480.0,Published curve,200.0,200.0,70.0,,,Airtek Power Catalog (AC _ EC).pdf,172,Published numeric Airtek table - verify source page,Numeric Pa / m3/h / rpm / W point printed on original Airtek V.2024 PDF page 172.
FS23E120H115-72-A1,Published P-Q table Published curve,static_pressure,2520.0,Published curve,230.0,150.0,72.0,,,Airtek Power Catalog (AC _ EC).pdf,172,Published numeric Airtek table - verify source page,Numeric Pa / m3/h / rpm / W point printed on original Airtek V.2024 PDF page 172.
FS23E120H115-72-A1,Published P-Q table Published curve,static_pressure,2400.0,Published curve,280.0,100.0,74.0,,,Airtek Power Catalog (AC _ EC).pdf,172,Published numeric Airtek table - verify source page,Numeric Pa / m3/h / rpm / W point printed on original Airtek V.2024 PDF page 172.
FS23E120H115-72-A1,Published P-Q table Published curve,static_pressure,2410.0,Published curve,310.0,50.0,72.0,,,Airtek Power Catalog (AC _ EC).pdf,172,Published numeric Airtek table - verify source page,Numeric Pa / m3/h / rpm / W point printed on original Airtek V.2024 PDF page 172.
FS23E133H116-72-A0,Published P-Q table Published curve,static_pressure,2120.0,Published curve,220.0,500.0,45.0,,,Airtek Power Catalog (AC _ EC).pdf,173,Published numeric Airtek table - verify source page,Numeric Pa / m3/h / rpm / W point printed on original Airtek V.2024 PDF page 173.
FS23E133H116-72-A0,Published P-Q table Published curve,static_pressure,1950.0,Published curve,230.0,400.0,45.0,,,Airtek Power Catalog (AC _ EC).pdf,173,Published numeric Airtek table - verify source page,Numeric Pa / m3/h / rpm / W point printed on original Airtek V.2024 PDF page 173.
FS23E133H116-72-A0,Published P-Q table Published curve,static_pressure,1932.0,Published curve,240.0,300.0,45.0,,,Airtek Power Catalog (AC _ EC).pdf,173,Published numeric Airtek table - verify source page,Numeric Pa / m3/h / rpm / W point printed on original Airtek V.2024 PDF page 173.
FS23E133H116-72-A0,Published P-Q table Published curve,static_pressure,1820.0,Published curve,250.0,200.0,45.0,,,Airtek Power Catalog (AC _ EC).pdf,173,Published numeric Airtek table - verify source page,Numeric Pa / m3/h / rpm / W point printed on original Airtek V.2024 PDF page 173.
FS23E133H116-72-A1,Published P-Q table Published curve,static_pressure,2130.0,Published curve,170.0,250.0,65.0,,,Airtek Power Catalog (AC _ EC).pdf,174,Published numeric Airtek table - verify source page,Numeric Pa / m3/h / rpm / W point printed on original Airtek V.2024 PDF page 174.
FS23E133H116-72-A1,Published P-Q table Published curve,static_pressure,1958.0,Published curve,240.0,200.0,66.0,,,Airtek Power Catalog (AC _ EC).pdf,174,Published numeric Airtek table - verify source page,Numeric Pa / m3/h / rpm / W point printed on original Airtek V.2024 PDF page 174.
FS23E133H116-72-A1,Published P-Q table Published curve,static_pressure,1982.0,Published curve,260.0,150.0,65.0,,,Airtek Power Catalog (AC _ EC).pdf,174,Published numeric Airtek table - verify source page,Numeric Pa / m3/h / rpm / W point printed on original Airtek V.2024 PDF page 174.
FS23E133H116-72-A1,Published P-Q table Published curve,static_pressure,2020.0,Published curve,275.0,100.0,64.0,,,Airtek Power Catalog (AC _ EC).pdf,174,Published numeric Airtek table - verify source page,Numeric Pa / m3/h / rpm / W point printed on original Airtek V.2024 PDF page 174.
FS23E140H135-72-A0,Published P-Q table Published curve,static_pressure,1130.0,Published curve,240.0,400.0,34.0,,,Airtek Power Catalog (AC _ EC).pdf,175,Published numeric Airtek table - verify source page,Numeric Pa / m3/h / rpm / W point printed on original Airtek V.2024 PDF page 175.
FS23E140H135-72-A0,Published P-Q table Published curve,static_pressure,1258.0,Published curve,260.0,300.0,32.0,,,Airtek Power Catalog (AC _ EC).pdf,175,Published numeric Airtek table - verify source page,Numeric Pa / m3/h / rpm / W point printed on original Airtek V.2024 PDF page 175.
FS23E140H135-72-A0,Published P-Q table Published curve,static_pressure,1212.0,Published curve,280.0,200.0,30.0,,,Airtek Power Catalog (AC _ EC).pdf,175,Published numeric Airtek table - verify source page,Numeric Pa / m3/h / rpm / W point printed on original Airtek V.2024 PDF page 175.
FS23E140H135-72-A0,Published P-Q table Published curve,static_pressure,1320.0,Published curve,295.0,100.0,33.0,,,Airtek Power Catalog (AC _ EC).pdf,175,Published numeric Airtek table - verify source page,Numeric Pa / m3/h / rpm / W point printed on original Airtek V.2024 PDF page 175.
FS23E140H135-72-A1,Published P-Q table Published curve,static_pressure,1730.0,Published curve,305.0,400.0,80.0,,,Airtek Power Catalog (AC _ EC).pdf,176,Published numeric Airtek table - verify source page,Numeric Pa / m3/h / rpm / W point printed on original Airtek V.2024 PDF page 176.
FS23E140H135-72-A1,Published P-Q table Published curve,static_pressure,1828.0,Published curve,350.0,300.0,78.0,,,Airtek Power Catalog (AC _ EC).pdf,176,Published numeric Airtek table - verify source page,Numeric Pa / m3/h / rpm / W point printed on original Airtek V.2024 PDF page 176.
FS23E140H135-72-A1,Published P-Q table Published curve,static_pressure,1892.0,Published curve,370.0,200.0,80.0,,,Airtek Power Catalog (AC _ EC).pdf,176,Published numeric Airtek table - verify source page,Numeric Pa / m3/h / rpm / W point printed on original Airtek V.2024 PDF page 176.
FS23E140H135-72-A1,Published P-Q table Published curve,static_pressure,1780.0,Published curve,420.0,100.0,81.0,,,Airtek Power Catalog (AC _ EC).pdf,176,Published numeric Airtek table - verify source page,Numeric Pa / m3/h / rpm / W point printed on original Airtek V.2024 PDF page 176.
FS23E160H135-72-A0,Published P-Q table Published curve,static_pressure,1680.0,Published curve,442.0,100.0,82.0,,,Airtek Power Catalog (AC _ EC).pdf,177,Published numeric Airtek table - verify source page,Numeric Pa / m3/h / rpm / W point printed on original Airtek V.2024 PDF page 177.
FS23E160H135-72-A0,Published P-Q table Published curve,static_pressure,1658.0,Published curve,400.0,200.0,82.0,,,Airtek Power Catalog (AC _ EC).pdf,177,Published numeric Airtek table - verify source page,Numeric Pa / m3/h / rpm / W point printed on original Airtek V.2024 PDF page 177.
FS23E160H135-72-A0,Published P-Q table Published curve,static_pressure,1602.0,Published curve,371.0,300.0,80.0,,,Airtek Power Catalog (AC _ EC).pdf,177,Published numeric Airtek table - verify source page,Numeric Pa / m3/h / rpm / W point printed on original Airtek V.2024 PDF page 177.
FS23E160H135-72-A0,Published P-Q table Published curve,static_pressure,1585.0,Published curve,445.0,400.0,80.0,,,Airtek Power Catalog (AC _ EC).pdf,177,Published numeric Airtek table - verify source page,Numeric Pa / m3/h / rpm / W point printed on original Airtek V.2024 PDF page 177.
FS23E160H135-72-A1,Published P-Q table Published curve,static_pressure,1986.0,Published curve,448.0,200.0,122.0,,,Airtek Power Catalog (AC _ EC).pdf,178,Published numeric Airtek table - verify source page,Numeric Pa / m3/h / rpm / W point printed on original Airtek V.2024 PDF page 178.
FS23E160H135-72-A1,Published P-Q table Published curve,static_pressure,1968.0,Published curve,428.0,300.0,122.0,,,Airtek Power Catalog (AC _ EC).pdf,178,Published numeric Airtek table - verify source page,Numeric Pa / m3/h / rpm / W point printed on original Airtek V.2024 PDF page 178.
FS23E160H135-72-A1,Published P-Q table Published curve,static_pressure,1926.0,Published curve,411.0,400.0,121.0,,,Airtek Power Catalog (AC _ EC).pdf,178,Published numeric Airtek table - verify source page,Numeric Pa / m3/h / rpm / W point printed on original Airtek V.2024 PDF page 178.
FS23E160H135-72-A1,Published P-Q table Published curve,static_pressure,1900.0,Published curve,400.0,500.0,121.0,,,Airtek Power Catalog (AC _ EC).pdf,178,Published numeric Airtek table - verify source page,Numeric Pa / m3/h / rpm / W point printed on original Airtek V.2024 PDF page 178.
FS23E160H135-72-A2,Published P-Q table Published curve,static_pressure,1792.0,Published curve,408.0,300.0,102.0,,,Airtek Power Catalog (AC _ EC).pdf,179,Published numeric Airtek table - verify source page,Numeric Pa / m3/h / rpm / W point printed on original Airtek V.2024 PDF page 179.
FS23E160H135-72-A2,Published P-Q table Published curve,static_pressure,1769.0,Published curve,390.0,400.0,102.0,,,Airtek Power Catalog (AC _ EC).pdf,179,Published numeric Airtek table - verify source page,Numeric Pa / m3/h / rpm / W point printed on original Airtek V.2024 PDF page 179.
FS23E160H135-72-A2,Published P-Q table Published curve,static_pressure,1749.0,Published curve,361.0,500.0,101.0,,,Airtek Power Catalog (AC _ EC).pdf,179,Published numeric Airtek table - verify source page,Numeric Pa / m3/h / rpm / W point printed on original Airtek V.2024 PDF page 179.
FS23E160H135-72-A2,Published P-Q table Published curve,static_pressure,1739.0,Published curve,332.0,600.0,100.0,,,Airtek Power Catalog (AC _ EC).pdf,179,Published numeric Airtek table - verify source page,Numeric Pa / m3/h / rpm / W point printed on original Airtek V.2024 PDF page 179.
FS23E160H135-72-A3,Published P-Q table Published curve,static_pressure,1925.0,Published curve,509.0,200.0,111.0,,,Airtek Power Catalog (AC _ EC).pdf,180,Published numeric Airtek table - verify source page,Numeric Pa / m3/h / rpm / W point printed on original Airtek V.2024 PDF page 180.
FS23E160H135-72-A3,Published P-Q table Published curve,static_pressure,1906.0,Published curve,515.0,300.0,108.0,,,Airtek Power Catalog (AC _ EC).pdf,180,Published numeric Airtek table - verify source page,Numeric Pa / m3/h / rpm / W point printed on original Airtek V.2024 PDF page 180.
FS23E160H135-72-A3,Published P-Q table Published curve,static_pressure,1895.0,Published curve,502.0,400.0,106.0,,,Airtek Power Catalog (AC _ EC).pdf,180,Published numeric Airtek table - verify source page,Numeric Pa / m3/h / rpm / W point printed on original Airtek V.2024 PDF page 180.
FS23E160H135-72-A3,Published P-Q table Published curve,static_pressure,1885.0,Published curve,400.0,500.0,108.0,,,Airtek Power Catalog (AC _ EC).pdf,180,Published numeric Airtek table - verify source page,Numeric Pa / m3/h / rpm / W point printed on original Airtek V.2024 PDF page 180.
FS23E160H135-72-A4,Published P-Q table Published curve,static_pressure,2198.0,Published curve,545.0,200.0,157.0,,,Airtek Power Catalog (AC _ EC).pdf,181,Published numeric Airtek table - verify source page,Numeric Pa / m3/h / rpm / W point printed on original Airtek V.2024 PDF page 181.
FS23E160H135-72-A4,Published P-Q table Published curve,static_pressure,2168.0,Published curve,518.0,300.0,158.0,,,Airtek Power Catalog (AC _ EC).pdf,181,Published numeric Airtek table - verify source page,Numeric Pa / m3/h / rpm / W point printed on original Airtek V.2024 PDF page 181.
FS23E160H135-72-A4,Published P-Q table Published curve,static_pressure,2156.0,Published curve,505.0,400.0,155.0,,,Airtek Power Catalog (AC _ EC).pdf,181,Published numeric Airtek table - verify source page,Numeric Pa / m3/h / rpm / W point printed on original Airtek V.2024 PDF page 181.
FS23E160H135-72-A4,Published P-Q table Published curve,static_pressure,2125.0,Published curve,495.0,500.0,155.0,,,Airtek Power Catalog (AC _ EC).pdf,181,Published numeric Airtek table - verify source page,Numeric Pa / m3/h / rpm / W point printed on original Airtek V.2024 PDF page 181.
FS23E180H170-72-00,Published P-Q table Published curve,static_pressure,2004.0,Published curve,797.0,350.0,233.0,,,Airtek Power Catalog (AC _ EC).pdf,182,Published numeric Airtek table - verify source page,Numeric Pa / m3/h / rpm / W point printed on original Airtek V.2024 PDF page 182.
FS23E180H170-72-00,Published P-Q table Published curve,static_pressure,2075.0,Published curve,776.0,400.0,240.0,,,Airtek Power Catalog (AC _ EC).pdf,182,Published numeric Airtek table - verify source page,Numeric Pa / m3/h / rpm / W point printed on original Airtek V.2024 PDF page 182.
FS23E180H170-72-00,Published P-Q table Published curve,static_pressure,2223.0,Published curve,773.0,500.0,254.0,,,Airtek Power Catalog (AC _ EC).pdf,182,Published numeric Airtek table - verify source page,Numeric Pa / m3/h / rpm / W point printed on original Airtek V.2024 PDF page 182.
FS23E180H170-72-00,Published P-Q table Published curve,static_pressure,2380.0,Published curve,676.0,600.0,270.0,,,Airtek Power Catalog (AC _ EC).pdf,182,Published numeric Airtek table - verify source page,Numeric Pa / m3/h / rpm / W point printed on original Airtek V.2024 PDF page 182.
FS23E180H183-92-A0,Published P-Q table Published curve,static_pressure,1687.0,Published curve,880.0,700.0,333.0,,,Airtek Power Catalog (AC _ EC).pdf,183,Published numeric Airtek table - verify source page,Numeric Pa / m3/h / rpm / W point printed on original Airtek V.2024 PDF page 183.
FS23E180H183-92-A0,Published P-Q table Published curve,static_pressure,1712.0,Published curve,1000.0,600.0,280.0,,,Airtek Power Catalog (AC _ EC).pdf,183,Published numeric Airtek table - verify source page,Numeric Pa / m3/h / rpm / W point printed on original Airtek V.2024 PDF page 183.
FS23E180H183-92-A0,Published P-Q table Published curve,static_pressure,1811.0,Published curve,1050.0,500.0,284.0,,,Airtek Power Catalog (AC _ EC).pdf,183,Published numeric Airtek table - verify source page,Numeric Pa / m3/h / rpm / W point printed on original Airtek V.2024 PDF page 183.
FS23E180H183-92-A0,Published P-Q table Published curve,static_pressure,1623.0,Published curve,1100.0,400.0,279.0,,,Airtek Power Catalog (AC _ EC).pdf,183,Published numeric Airtek table - verify source page,Numeric Pa / m3/h / rpm / W point printed on original Airtek V.2024 PDF page 183.
FS23E200H196-92-A0,Published P-Q table Published curve,static_pressure,1582.0,Published curve,920.0,600.0,313.0,,,Airtek Power Catalog (AC _ EC).pdf,184,Published numeric Airtek table - verify source page,Numeric Pa / m3/h / rpm / W point printed on original Airtek V.2024 PDF page 184.
FS23E200H196-92-A0,Published P-Q table Published curve,static_pressure,1612.0,Published curve,1050.0,500.0,260.0,,,Airtek Power Catalog (AC _ EC).pdf,184,Published numeric Airtek table - verify source page,Numeric Pa / m3/h / rpm / W point printed on original Airtek V.2024 PDF page 184.
FS23E200H196-92-A0,Published P-Q table Published curve,static_pressure,1411.0,Published curve,1150.0,400.0,254.0,,,Airtek Power Catalog (AC _ EC).pdf,184,Published numeric Airtek table - verify source page,Numeric Pa / m3/h / rpm / W point printed on original Airtek V.2024 PDF page 184.
FS23E200H196-92-A0,Published P-Q table Published curve,static_pressure,1600.0,Published curve,1200.0,300.0,292.0,,,Airtek Power Catalog (AC _ EC).pdf,184,Published numeric Airtek table - verify source page,Numeric Pa / m3/h / rpm / W point printed on original Airtek V.2024 PDF page 184.
FS23E225H202-102-A0,Published P-Q table Published curve,static_pressure,1322.0,Published curve,700.0,700.0,413.0,,,Airtek Power Catalog (AC _ EC).pdf,185,Published numeric Airtek table - verify source page,Numeric Pa / m3/h / rpm / W point printed on original Airtek V.2024 PDF page 185.
FS23E225H202-102-A0,Published P-Q table Published curve,static_pressure,1310.0,Published curve,840.0,600.0,390.0,,,Airtek Power Catalog (AC _ EC).pdf,185,Published numeric Airtek table - verify source page,Numeric Pa / m3/h / rpm / W point printed on original Airtek V.2024 PDF page 185.
FS23E225H202-102-A0,Published P-Q table Published curve,static_pressure,1211.0,Published curve,1200.0,500.0,354.0,,,Airtek Power Catalog (AC _ EC).pdf,185,Published numeric Airtek table - verify source page,Numeric Pa / m3/h / rpm / W point printed on original Airtek V.2024 PDF page 185.
FS23E225H202-102-A0,Published P-Q table Published curve,static_pressure,1255.0,Published curve,1250.0,400.0,402.0,,,Airtek Power Catalog (AC _ EC).pdf,185,Published numeric Airtek table - verify source page,Numeric Pa / m3/h / rpm / W point printed on original Airtek V.2024 PDF page 185.
FS23E250H222-102-A0,Published P-Q table Published curve,static_pressure,1021.0,Published curve,600.0,700.0,313.0,,,Airtek Power Catalog (AC _ EC).pdf,186,Published numeric Airtek table - verify source page,Numeric Pa / m3/h / rpm / W point printed on original Airtek V.2024 PDF page 186.
FS23E250H222-102-A0,Published P-Q table Published curve,static_pressure,1010.0,Published curve,800.0,600.0,330.0,,,Airtek Power Catalog (AC _ EC).pdf,186,Published numeric Airtek table - verify source page,Numeric Pa / m3/h / rpm / W point printed on original Airtek V.2024 PDF page 186.
FS23E250H222-102-A0,Published P-Q table Published curve,static_pressure,981.0,Published curve,1000.0,500.0,314.0,,,Airtek Power Catalog (AC _ EC).pdf,186,Published numeric Airtek table - verify source page,Numeric Pa / m3/h / rpm / W point printed on original Airtek V.2024 PDF page 186.
FS23E250H222-102-A0,Published P-Q table Published curve,static_pressure,910.0,Published curve,1290.0,400.0,412.0,,,Airtek Power Catalog (AC _ EC).pdf,186,Published numeric Airtek table - verify source page,Numeric Pa / m3/h / rpm / W point printed on original Airtek V.2024 PDF page 186.
FS38E280H242-137-A0,Published P-Q table Published curve,static_pressure,1090.0,Published curve,2000.0,500.0,950.0,,,Airtek Power Catalog (AC _ EC).pdf,187,Published numeric Airtek table - verify source page,Numeric Pa / m3/h / rpm / W point printed on original Airtek V.2024 PDF page 187.
FS38E280H242-137-A0,Published P-Q table Published curve,static_pressure,1150.0,Published curve,2450.0,400.0,935.0,,,Airtek Power Catalog (AC _ EC).pdf,187,Published numeric Airtek table - verify source page,Numeric Pa / m3/h / rpm / W point printed on original Airtek V.2024 PDF page 187.
FS38E280H242-137-A0,Published P-Q table Published curve,static_pressure,1123.0,Published curve,2600.0,300.0,914.0,,,Airtek Power Catalog (AC _ EC).pdf,187,Published numeric Airtek table - verify source page,Numeric Pa / m3/h / rpm / W point printed on original Airtek V.2024 PDF page 187.
FS38E280H242-137-A0,Published P-Q table Published curve,static_pressure,1140.0,Published curve,2750.0,200.0,915.0,,,Airtek Power Catalog (AC _ EC).pdf,187,Published numeric Airtek table - verify source page,Numeric Pa / m3/h / rpm / W point printed on original Airtek V.2024 PDF page 187.
FS23A120H115-72-00,Published P-Q table Published curve,static_pressure,2182.0,Published curve,190.0,100.0,48.0,,,Airtek Power Catalog (AC _ EC).pdf,189,Published numeric Airtek table - verify source page,Numeric Pa / m3/h / rpm / W point printed on original Airtek V.2024 PDF page 189.
FS23A120H115-72-00,Published P-Q table Published curve,static_pressure,2243.0,Published curve,180.0,120.0,47.0,,,Airtek Power Catalog (AC _ EC).pdf,189,Published numeric Airtek table - verify source page,Numeric Pa / m3/h / rpm / W point printed on original Airtek V.2024 PDF page 189.
FS23A120H115-72-00,Published P-Q table Published curve,static_pressure,2308.0,Published curve,169.0,140.0,46.0,,,Airtek Power Catalog (AC _ EC).pdf,189,Published numeric Airtek table - verify source page,Numeric Pa / m3/h / rpm / W point printed on original Airtek V.2024 PDF page 189.
FS23A120H115-72-00,Published P-Q table Published curve,static_pressure,2330.0,Published curve,163.0,150.0,45.0,,,Airtek Power Catalog (AC _ EC).pdf,189,Published numeric Airtek table - verify source page,Numeric Pa / m3/h / rpm / W point printed on original Airtek V.2024 PDF page 189.
FS23A120H119-72-01,Published P-Q table 01,static_pressure,1972.0,01,228.0,75.0,58.0,,,Airtek Power Catalog (AC _ EC).pdf,190,Published numeric Airtek table - verify source page,Numeric Pa / m3/h / rpm / W point printed on original Airtek V.2024 PDF page 190.
FS23A120H119-72-01,Published P-Q table 01,static_pressure,2026.0,01,218.0,100.0,57.0,,,Airtek Power Catalog (AC _ EC).pdf,190,Published numeric Airtek table - verify source page,Numeric Pa / m3/h / rpm / W point printed on original Airtek V.2024 PDF page 190.
FS23A120H119-72-01,Published P-Q table 01,static_pressure,2176.0,01,194.0,150.0,55.0,,,Airtek Power Catalog (AC _ EC).pdf,190,Published numeric Airtek table - verify source page,Numeric Pa / m3/h / rpm / W point printed on original Airtek V.2024 PDF page 190.
FS23A120H119-72-02,Published P-Q table 02,static_pressure,1573.0,02,177.0,50.0,44.0,,,Airtek Power Catalog (AC _ EC).pdf,190,Published numeric Airtek table - verify source page,Numeric Pa / m3/h / rpm / W point printed on original Airtek V.2024 PDF page 190.
FS23A120H119-72-02,Published P-Q table 02,static_pressure,1678.0,02,169.0,75.0,43.0,,,Airtek Power Catalog (AC _ EC).pdf,190,Published numeric Airtek table - verify source page,Numeric Pa / m3/h / rpm / W point printed on original Airtek V.2024 PDF page 190.
FS23A120H119-72-02,Published P-Q table 02,static_pressure,1812.0,02,160.0,100.0,42.0,,,Airtek Power Catalog (AC _ EC).pdf,190,Published numeric Airtek table - verify source page,Numeric Pa / m3/h / rpm / W point printed on original Airtek V.2024 PDF page 190.
FS23A140H115-92-00,Published P-Q table Published curve,static_pressure,2520.0,Published curve,350.0,120.0,136.0,,,Airtek Power Catalog (AC _ EC).pdf,191,Published numeric Airtek table - verify source page,Numeric Pa / m3/h / rpm / W point printed on original Airtek V.2024 PDF page 191.
FS23A140H115-92-00,Published P-Q table Published curve,static_pressure,2545.0,Published curve,335.0,150.0,132.0,,,Airtek Power Catalog (AC _ EC).pdf,191,Published numeric Airtek table - verify source page,Numeric Pa / m3/h / rpm / W point printed on original Airtek V.2024 PDF page 191.
FS23A140H115-92-00,Published P-Q table Published curve,static_pressure,2590.0,Published curve,310.0,200.0,127.0,,,Airtek Power Catalog (AC _ EC).pdf,191,Published numeric Airtek table - verify source page,Numeric Pa / m3/h / rpm / W point printed on original Airtek V.2024 PDF page 191.
FS23A140H115-92-00,Published P-Q table Published curve,static_pressure,2620.0,Published curve,285.0,250.0,123.0,,,Airtek Power Catalog (AC _ EC).pdf,191,Published numeric Airtek table - verify source page,Numeric Pa / m3/h / rpm / W point printed on original Airtek V.2024 PDF page 191.
FS38A160H130-92-00,Published P-Q table Published curve,static_pressure,2360.0,Published curve,465.0,250.0,186.0,,,Airtek Power Catalog (AC _ EC).pdf,192,Published numeric Airtek table - verify source page,Numeric Pa / m3/h / rpm / W point printed on original Airtek V.2024 PDF page 192.
FS38A160H130-92-00,Published P-Q table Published curve,static_pressure,2350.0,Published curve,440.0,300.0,179.0,,,Airtek Power Catalog (AC _ EC).pdf,192,Published numeric Airtek table - verify source page,Numeric Pa / m3/h / rpm / W point printed on original Airtek V.2024 PDF page 192.
FS38A160H130-92-00,Published P-Q table Published curve,static_pressure,2395.0,Published curve,385.0,350.0,170.0,,,Airtek Power Catalog (AC _ EC).pdf,192,Published numeric Airtek table - verify source page,Numeric Pa / m3/h / rpm / W point printed on original Airtek V.2024 PDF page 192.
FS38A160H130-92-00,Published P-Q table Published curve,static_pressure,2450.0,Published curve,340.0,400.0,158.0,,,Airtek Power Catalog (AC _ EC).pdf,192,Published numeric Airtek table - verify source page,Numeric Pa / m3/h / rpm / W point printed on original Airtek V.2024 PDF page 192.
FS23A160H130-92-00,Published P-Q table Published curve,static_pressure,2225.0,Published curve,490.0,200.0,201.0,,,Airtek Power Catalog (AC _ EC).pdf,193,Published numeric Airtek table - verify source page,Numeric Pa / m3/h / rpm / W point printed on original Airtek V.2024 PDF page 193.
FS23A160H130-92-00,Published P-Q table Published curve,static_pressure,2285.0,Published curve,470.0,250.0,194.0,,,Airtek Power Catalog (AC _ EC).pdf,193,Published numeric Airtek table - verify source page,Numeric Pa / m3/h / rpm / W point printed on original Airtek V.2024 PDF page 193.
FS23A160H130-92-00,Published P-Q table Published curve,static_pressure,2330.0,Published curve,450.0,300.0,188.0,,,Airtek Power Catalog (AC _ EC).pdf,193,Published numeric Airtek table - verify source page,Numeric Pa / m3/h / rpm / W point printed on original Airtek V.2024 PDF page 193.
FS23A160H130-92-00,Published P-Q table Published curve,static_pressure,2385.0,Published curve,425.0,350.0,182.0,,,Airtek Power Catalog (AC _ EC).pdf,193,Published numeric Airtek table - verify source page,Numeric Pa / m3/h / rpm / W point printed on original Airtek V.2024 PDF page 193.
FS23A160H169-92-01,Published P-Q table Published curve,static_pressure,1419.0,Published curve,446.0,100.0,51.0,,,Airtek Power Catalog (AC _ EC).pdf,194,Published numeric Airtek table - verify source page,Numeric Pa / m3/h / rpm / W point printed on original Airtek V.2024 PDF page 194.
FS23A160H169-92-01,Published P-Q table Published curve,static_pressure,1558.0,Published curve,417.0,150.0,56.0,,,Airtek Power Catalog (AC _ EC).pdf,194,Published numeric Airtek table - verify source page,Numeric Pa / m3/h / rpm / W point printed on original Airtek V.2024 PDF page 194.
FS23A160H169-92-01,Published P-Q table Published curve,static_pressure,1712.0,Published curve,390.0,200.0,60.0,,,Airtek Power Catalog (AC _ EC).pdf,194,Published numeric Airtek table - verify source page,Numeric Pa / m3/h / rpm / W point printed on original Airtek V.2024 PDF page 194.
FS23A160H169-92-01,Published P-Q table Published curve,static_pressure,1746.0,Published curve,306.0,220.0,51.0,,,Airtek Power Catalog (AC _ EC).pdf,194,Published numeric Airtek table - verify source page,Numeric Pa / m3/h / rpm / W point printed on original Airtek V.2024 PDF page 194.
FS23A160H169-92-02,Published P-Q table Published curve,static_pressure,2066.0,Published curve,492.0,300.0,111.0,,,Airtek Power Catalog (AC _ EC).pdf,195,Published numeric Airtek table - verify source page,Numeric Pa / m3/h / rpm / W point printed on original Airtek V.2024 PDF page 195.
FS23A160H169-92-02,Published P-Q table Published curve,static_pressure,2200.0,Published curve,461.0,350.0,117.0,,,Airtek Power Catalog (AC _ EC).pdf,195,Published numeric Airtek table - verify source page,Numeric Pa / m3/h / rpm / W point printed on original Airtek V.2024 PDF page 195.
FS23A160H169-92-02,Published P-Q table Published curve,static_pressure,2346.0,Published curve,434.0,400.0,123.0,,,Airtek Power Catalog (AC _ EC).pdf,195,Published numeric Airtek table - verify source page,Numeric Pa / m3/h / rpm / W point printed on original Airtek V.2024 PDF page 195.
FS23A160H169-92-02,Published P-Q table Published curve,static_pressure,2358.0,Published curve,364.0,420.0,114.0,,,Airtek Power Catalog (AC _ EC).pdf,195,Published numeric Airtek table - verify source page,Numeric Pa / m3/h / rpm / W point printed on original Airtek V.2024 PDF page 195.
FS23A180H169-92-00,Published P-Q table Published curve,static_pressure,1380.0,Published curve,545.0,135.0,122.0,,,Airtek Power Catalog (AC _ EC).pdf,196,Published numeric Airtek table - verify source page,Numeric Pa / m3/h / rpm / W point printed on original Airtek V.2024 PDF page 196.
FS23A180H169-92-00,Published P-Q table Published curve,static_pressure,1455.0,Published curve,515.0,155.0,121.0,,,Airtek Power Catalog (AC _ EC).pdf,196,Published numeric Airtek table - verify source page,Numeric Pa / m3/h / rpm / W point printed on original Airtek V.2024 PDF page 196.
FS23A180H169-92-00,Published P-Q table Published curve,static_pressure,1465.0,Published curve,420.0,180.0,113.0,,,Airtek Power Catalog (AC _ EC).pdf,196,Published numeric Airtek table - verify source page,Numeric Pa / m3/h / rpm / W point printed on original Airtek V.2024 PDF page 196.
FS23A180H169-92-00,Published P-Q table Published curve,static_pressure,1475.0,Published curve,370.0,190.0,110.0,,,Airtek Power Catalog (AC _ EC).pdf,196,Published numeric Airtek table - verify source page,Numeric Pa / m3/h / rpm / W point printed on original Airtek V.2024 PDF page 196.
FS23A225H202-102-A0,Published P-Q table Published curve,static_pressure,1380.0,Published curve,980.0,200.0,398.0,,,Airtek Power Catalog (AC _ EC).pdf,197,Published numeric Airtek table - verify source page,Numeric Pa / m3/h / rpm / W point printed on original Airtek V.2024 PDF page 197.
FS23A225H202-102-A0,Published P-Q table Published curve,static_pressure,1352.0,Published curve,1265.0,150.0,378.0,,,Airtek Power Catalog (AC _ EC).pdf,197,Published numeric Airtek table - verify source page,Numeric Pa / m3/h / rpm / W point printed on original Airtek V.2024 PDF page 197.
FS23A225H202-102-A0,Published P-Q table Published curve,static_pressure,1320.0,Published curve,1450.0,100.0,402.0,,,Airtek Power Catalog (AC _ EC).pdf,197,Published numeric Airtek table - verify source page,Numeric Pa / m3/h / rpm / W point printed on original Airtek V.2024 PDF page 197.
FS38A225H202-102-A0,Published P-Q table Published curve,static_pressure,1398.0,Published curve,600.0,200.0,395.0,,,Airtek Power Catalog (AC _ EC).pdf,198,Published numeric Airtek table - verify source page,Numeric Pa / m3/h / rpm / W point printed on original Airtek V.2024 PDF page 198.
FS38A225H202-102-A0,Published P-Q table Published curve,static_pressure,1385.0,Published curve,705.0,150.0,396.0,,,Airtek Power Catalog (AC _ EC).pdf,198,Published numeric Airtek table - verify source page,Numeric Pa / m3/h / rpm / W point printed on original Airtek V.2024 PDF page 198.
FS38A225H202-102-A0,Published P-Q table Published curve,static_pressure,1380.0,Published curve,800.0,100.0,388.0,,,Airtek Power Catalog (AC _ EC).pdf,198,Published numeric Airtek table - verify source page,Numeric Pa / m3/h / rpm / W point printed on original Airtek V.2024 PDF page 198.
FS38A250H222-137-A0,Published P-Q table Published curve,static_pressure,1280.0,Published curve,1800.0,350.0,876.0,,,Airtek Power Catalog (AC _ EC).pdf,199,Published numeric Airtek table - verify source page,Numeric Pa / m3/h / rpm / W point printed on original Airtek V.2024 PDF page 199.
FS38A250H222-137-A0,Published P-Q table Published curve,static_pressure,1212.0,Published curve,2105.0,300.0,854.0,,,Airtek Power Catalog (AC _ EC).pdf,199,Published numeric Airtek table - verify source page,Numeric Pa / m3/h / rpm / W point printed on original Airtek V.2024 PDF page 199.
FS38A250H222-137-A0,Published P-Q table Published curve,static_pressure,1287.0,Published curve,2285.0,250.0,812.0,,,Airtek Power Catalog (AC _ EC).pdf,199,Published numeric Airtek table - verify source page,Numeric Pa / m3/h / rpm / W point printed on original Airtek V.2024 PDF page 199.
FS38A250H222-137-A1,Published P-Q table Published curve,static_pressure,1920.0,Published curve,1200.0,350.0,623.0,,,Airtek Power Catalog (AC _ EC).pdf,200,Published numeric Airtek table - verify source page,Numeric Pa / m3/h / rpm / W point printed on original Airtek V.2024 PDF page 200.
FS38A250H222-137-A1,Published P-Q table Published curve,static_pressure,2024.0,Published curve,1400.0,300.0,651.0,,,Airtek Power Catalog (AC _ EC).pdf,200,Published numeric Airtek table - verify source page,Numeric Pa / m3/h / rpm / W point printed on original Airtek V.2024 PDF page 200.
FS38A250H222-137-A1,Published P-Q table Published curve,static_pressure,2105.0,Published curve,1650.0,250.0,643.0,,,Airtek Power Catalog (AC _ EC).pdf,200,Published numeric Airtek table - verify source page,Numeric Pa / m3/h / rpm / W point printed on original Airtek V.2024 PDF page 200.
FS23A280H172-137-A0,Published P-Q table 50Hz,static_pressure,2012.0,50Hz,1600.0,700.0,920.0,,,Airtek Power Catalog (AC _ EC).pdf,201,Published numeric Airtek table - verify source page,Numeric Pa / m3/h / rpm / W point printed on original Airtek V.2024 PDF page 201.
FS23A280H172-137-A0,Published P-Q table 50Hz,static_pressure,2076.0,50Hz,1920.0,600.0,958.0,,,Airtek Power Catalog (AC _ EC).pdf,201,Published numeric Airtek table - verify source page,Numeric Pa / m3/h / rpm / W point printed on original Airtek V.2024 PDF page 201.
FS23A280H172-137-A0,Published P-Q table 50Hz,static_pressure,2102.0,50Hz,810.0,500.0,840.0,,,Airtek Power Catalog (AC _ EC).pdf,201,Published numeric Airtek table - verify source page,Numeric Pa / m3/h / rpm / W point printed on original Airtek V.2024 PDF page 201.
FS23A280H172-137-A0,Published P-Q table 60Hz,static_pressure,2196.0,60Hz,1550.0,700.0,955.0,,,Airtek Power Catalog (AC _ EC).pdf,201,Published numeric Airtek table - verify source page,Numeric Pa / m3/h / rpm / W point printed on original Airtek V.2024 PDF page 201.
FS23A280H172-137-A0,Published P-Q table 60Hz,static_pressure,2159.0,60Hz,1950.0,600.0,952.0,,,Airtek Power Catalog (AC _ EC).pdf,201,Published numeric Airtek table - verify source page,Numeric Pa / m3/h / rpm / W point printed on original Airtek V.2024 PDF page 201.
FS23A280H172-137-A0,Published P-Q table 60Hz,static_pressure,2110.0,60Hz,2010.0,500.0,943.0,,,Airtek Power Catalog (AC _ EC).pdf,201,Published numeric Airtek table - verify source page,Numeric Pa / m3/h / rpm / W point printed on original Airtek V.2024 PDF page 201.
FS38A280H242-137-A0,Published P-Q table Published curve,static_pressure,1120.0,Published curve,2100.0,400.0,1231.0,,,Airtek Power Catalog (AC _ EC).pdf,202,Published numeric Airtek table - verify source page,Numeric Pa / m3/h / rpm / W point printed on original Airtek V.2024 PDF page 202.
FS38A280H242-137-A0,Published P-Q table Published curve,static_pressure,1235.0,Published curve,2850.0,300.0,1276.0,,,Airtek Power Catalog (AC _ EC).pdf,202,Published numeric Airtek table - verify source page,Numeric Pa / m3/h / rpm / W point printed on original Airtek V.2024 PDF page 202.
FS38A280H242-137-A0,Published P-Q table Published curve,static_pressure,1287.0,Published curve,3120.0,250.0,1398.0,,,Airtek Power Catalog (AC _ EC).pdf,202,Published numeric Airtek table - verify source page,Numeric Pa / m3/h / rpm / W point printed on original Airtek V.2024 PDF page 202.
FS38A315H262-188-A0,Published P-Q table Published curve,static_pressure,1228.0,Published curve,3200.0,500.0,2019.0,,,Airtek Power Catalog (AC _ EC).pdf,203,Published numeric Airtek table - verify source page,Numeric Pa / m3/h / rpm / W point printed on original Airtek V.2024 PDF page 203.
FS38A315H262-188-A0,Published P-Q table Published curve,static_pressure,1287.0,Published curve,3550.0,400.0,2102.0,,,Airtek Power Catalog (AC _ EC).pdf,203,Published numeric Airtek table - verify source page,Numeric Pa / m3/h / rpm / W point printed on original Airtek V.2024 PDF page 203.
FS38A315H262-188-A0,Published P-Q table Published curve,static_pressure,1312.0,Published curve,3920.0,300.0,2198.0,,,Airtek Power Catalog (AC _ EC).pdf,203,Published numeric Airtek table - verify source page,Numeric Pa / m3/h / rpm / W point printed on original Airtek V.2024 PDF page 203.
FD23E120H180-92-A0,Published P-Q table Published curve,static_pressure,2152.0,Published curve,330.0,200.0,70.0,,,Airtek Power Catalog (AC _ EC).pdf,205,Published numeric Airtek table - verify source page,Numeric Pa / m3/h / rpm / W point printed on original Airtek V.2024 PDF page 205.
FD23E120H180-92-A0,Published P-Q table Published curve,static_pressure,2142.0,Published curve,350.0,150.0,71.0,,,Airtek Power Catalog (AC _ EC).pdf,205,Published numeric Airtek table - verify source page,Numeric Pa / m3/h / rpm / W point printed on original Airtek V.2024 PDF page 205.
FD23E120H180-92-A0,Published P-Q table Published curve,static_pressure,2095.0,Published curve,380.0,100.0,73.0,,,Airtek Power Catalog (AC _ EC).pdf,205,Published numeric Airtek table - verify source page,Numeric Pa / m3/h / rpm / W point printed on original Airtek V.2024 PDF page 205.
FD23E120H180-92-A0,Published P-Q table Published curve,static_pressure,2012.0,Published curve,400.0,50.0,69.0,,,Airtek Power Catalog (AC _ EC).pdf,205,Published numeric Airtek table - verify source page,Numeric Pa / m3/h / rpm / W point printed on original Airtek V.2024 PDF page 205.
FD23E133H254-92-A0,Published P-Q table Published curve,static_pressure,1523.0,Published curve,380.0,200.0,79.0,,,Airtek Power Catalog (AC _ EC).pdf,206,Published numeric Airtek table - verify source page,Numeric Pa / m3/h / rpm / W point printed on original Airtek V.2024 PDF page 206.
FD23E133H254-92-A0,Published P-Q table Published curve,static_pressure,1598.0,Published curve,460.0,150.0,79.0,,,Airtek Power Catalog (AC _ EC).pdf,206,Published numeric Airtek table - verify source page,Numeric Pa / m3/h / rpm / W point printed on original Airtek V.2024 PDF page 206.
FD23E133H254-92-A0,Published P-Q table Published curve,static_pressure,1521.0,Published curve,500.0,100.0,78.0,,,Airtek Power Catalog (AC _ EC).pdf,206,Published numeric Airtek table - verify source page,Numeric Pa / m3/h / rpm / W point printed on original Airtek V.2024 PDF page 206.
FD23E133H254-92-A0,Published P-Q table Published curve,static_pressure,1589.0,Published curve,510.0,50.0,81.0,,,Airtek Power Catalog (AC _ EC).pdf,206,Published numeric Airtek table - verify source page,Numeric Pa / m3/h / rpm / W point printed on original Airtek V.2024 PDF page 206.
FD23E133H254-92-A1,Published P-Q table Published curve,static_pressure,1738.0,Published curve,485.0,250.0,110.0,,,Airtek Power Catalog (AC _ EC).pdf,207,Published numeric Airtek table - verify source page,Numeric Pa / m3/h / rpm / W point printed on original Airtek V.2024 PDF page 207.
FD23E133H254-92-A1,Published P-Q table Published curve,static_pressure,1637.0,Published curve,490.0,200.0,123.0,,,Airtek Power Catalog (AC _ EC).pdf,207,Published numeric Airtek table - verify source page,Numeric Pa / m3/h / rpm / W point printed on original Airtek V.2024 PDF page 207.
FD23E133H254-92-A1,Published P-Q table Published curve,static_pressure,1690.0,Published curve,520.0,150.0,118.0,,,Airtek Power Catalog (AC _ EC).pdf,207,Published numeric Airtek table - verify source page,Numeric Pa / m3/h / rpm / W point printed on original Airtek V.2024 PDF page 207.
FD23E133H254-92-A1,Published P-Q table Published curve,static_pressure,1721.0,Published curve,600.0,100.0,115.0,,,Airtek Power Catalog (AC _ EC).pdf,207,Published numeric Airtek table - verify source page,Numeric Pa / m3/h / rpm / W point printed on original Airtek V.2024 PDF page 207.
FD23E146H309-92-A0,Published P-Q table Published curve,static_pressure,1268.0,Published curve,475.0,400.0,90.0,,,Airtek Power Catalog (AC _ EC).pdf,208,Published numeric Airtek table - verify source page,Numeric Pa / m3/h / rpm / W point printed on original Airtek V.2024 PDF page 208.
FD23E146H309-92-A0,Published P-Q table Published curve,static_pressure,1427.0,Published curve,600.0,300.0,83.0,,,Airtek Power Catalog (AC _ EC).pdf,208,Published numeric Airtek table - verify source page,Numeric Pa / m3/h / rpm / W point printed on original Airtek V.2024 PDF page 208.
FD23E146H309-92-A0,Published P-Q table Published curve,static_pressure,1390.0,Published curve,630.0,200.0,88.0,,,Airtek Power Catalog (AC _ EC).pdf,208,Published numeric Airtek table - verify source page,Numeric Pa / m3/h / rpm / W point printed on original Airtek V.2024 PDF page 208.
FD23E146H309-92-A0,Published P-Q table Published curve,static_pressure,1211.0,Published curve,720.0,100.0,89.0,,,Airtek Power Catalog (AC _ EC).pdf,208,Published numeric Airtek table - verify source page,Numeric Pa / m3/h / rpm / W point printed on original Airtek V.2024 PDF page 208.
FD23E146H309-92-A1,Published P-Q table Published curve,static_pressure,1268.0,Published curve,475.0,500.0,90.0,,,Airtek Power Catalog (AC _ EC).pdf,209,Published numeric Airtek table - verify source page,Numeric Pa / m3/h / rpm / W point printed on original Airtek V.2024 PDF page 209.
FD23E146H309-92-A1,Published P-Q table Published curve,static_pressure,1427.0,Published curve,600.0,400.0,83.0,,,Airtek Power Catalog (AC _ EC).pdf,209,Published numeric Airtek table - verify source page,Numeric Pa / m3/h / rpm / W point printed on original Airtek V.2024 PDF page 209.
FD23E146H309-92-A1,Published P-Q table Published curve,static_pressure,1390.0,Published curve,630.0,300.0,88.0,,,Airtek Power Catalog (AC _ EC).pdf,209,Published numeric Airtek table - verify source page,Numeric Pa / m3/h / rpm / W point printed on original Airtek V.2024 PDF page 209.
FD23E146H309-92-A1,Published P-Q table Published curve,static_pressure,1211.0,Published curve,720.0,200.0,89.0,,,Airtek Power Catalog (AC _ EC).pdf,209,Published numeric Airtek table - verify source page,Numeric Pa / m3/h / rpm / W point printed on original Airtek V.2024 PDF page 209.
FD23E160H310-92-A0,Published P-Q table Published curve,static_pressure,1163.0,Published curve,605.0,600.0,110.0,,,Airtek Power Catalog (AC _ EC).pdf,210,Published numeric Airtek table - verify source page,Numeric Pa / m3/h / rpm / W point printed on original Airtek V.2024 PDF page 210.
FD23E160H310-92-A0,Published P-Q table Published curve,static_pressure,1022.0,Published curve,640.0,500.0,119.0,,,Airtek Power Catalog (AC _ EC).pdf,210,Published numeric Airtek table - verify source page,Numeric Pa / m3/h / rpm / W point printed on original Airtek V.2024 PDF page 210.
FD23E160H310-92-A0,Published P-Q table Published curve,static_pressure,1332.0,Published curve,750.0,400.0,129.0,,,Airtek Power Catalog (AC _ EC).pdf,210,Published numeric Airtek table - verify source page,Numeric Pa / m3/h / rpm / W point printed on original Airtek V.2024 PDF page 210.
FD23E160H310-92-A0,Published P-Q table Published curve,static_pressure,1219.0,Published curve,820.0,300.0,119.0,,,Airtek Power Catalog (AC _ EC).pdf,210,Published numeric Airtek table - verify source page,Numeric Pa / m3/h / rpm / W point printed on original Airtek V.2024 PDF page 210.
FD23E160H310-92-A1,Published P-Q table Published curve,static_pressure,1563.0,Published curve,815.0,600.0,235.0,,,Airtek Power Catalog (AC _ EC).pdf,211,Published numeric Airtek table - verify source page,Numeric Pa / m3/h / rpm / W point printed on original Airtek V.2024 PDF page 211.
FD23E160H310-92-A1,Published P-Q table Published curve,static_pressure,1729.0,Published curve,1128.0,500.0,229.0,,,Airtek Power Catalog (AC _ EC).pdf,211,Published numeric Airtek table - verify source page,Numeric Pa / m3/h / rpm / W point printed on original Airtek V.2024 PDF page 211.
FD23E160H310-92-A1,Published P-Q table Published curve,static_pressure,1739.0,Published curve,1230.0,400.0,256.0,,,Airtek Power Catalog (AC _ EC).pdf,211,Published numeric Airtek table - verify source page,Numeric Pa / m3/h / rpm / W point printed on original Airtek V.2024 PDF page 211.
FD23E160H310-92-A1,Published P-Q table Published curve,static_pressure,1819.0,Published curve,1336.0,300.0,260.0,,,Airtek Power Catalog (AC _ EC).pdf,211,Published numeric Airtek table - verify source page,Numeric Pa / m3/h / rpm / W point printed on original Airtek V.2024 PDF page 211.
FD23E180H270-102-A0,Published P-Q table Published curve,static_pressure,1565.0,Published curve,815.0,600.0,324.0,,,Airtek Power Catalog (AC _ EC).pdf,212,Published numeric Airtek table - verify source page,Numeric Pa / m3/h / rpm / W point printed on original Airtek V.2024 PDF page 212.
FD23E180H270-102-A0,Published P-Q table Published curve,static_pressure,1630.0,Published curve,1310.0,500.0,345.0,,,Airtek Power Catalog (AC _ EC).pdf,212,Published numeric Airtek table - verify source page,Numeric Pa / m3/h / rpm / W point printed on original Airtek V.2024 PDF page 212.
FD23E180H270-102-A0,Published P-Q table Published curve,static_pressure,1671.0,Published curve,1520.0,400.0,385.0,,,Airtek Power Catalog (AC _ EC).pdf,212,Published numeric Airtek table - verify source page,Numeric Pa / m3/h / rpm / W point printed on original Airtek V.2024 PDF page 212.
FD23E180H270-102-A0,Published P-Q table Published curve,static_pressure,1823.0,Published curve,1623.0,300.0,365.0,,,Airtek Power Catalog (AC _ EC).pdf,212,Published numeric Airtek table - verify source page,Numeric Pa / m3/h / rpm / W point printed on original Airtek V.2024 PDF page 212.
FD23E200H265-102-A0,Published P-Q table Published curve,static_pressure,1168.0,Published curve,835.0,600.0,304.0,,,Airtek Power Catalog (AC _ EC).pdf,213,Published numeric Airtek table - verify source page,Numeric Pa / m3/h / rpm / W point printed on original Airtek V.2024 PDF page 213.
FD23E200H265-102-A0,Published P-Q table Published curve,static_pressure,1236.0,Published curve,1280.0,500.0,355.0,,,Airtek Power Catalog (AC _ EC).pdf,213,Published numeric Airtek table - verify source page,Numeric Pa / m3/h / rpm / W point printed on original Airtek V.2024 PDF page 213.
FD23E200H265-102-A0,Published P-Q table Published curve,static_pressure,1351.0,Published curve,1580.0,400.0,315.0,,,Airtek Power Catalog (AC _ EC).pdf,213,Published numeric Airtek table - verify source page,Numeric Pa / m3/h / rpm / W point printed on original Airtek V.2024 PDF page 213.
FD23E200H265-102-A0,Published P-Q table Published curve,static_pressure,1093.0,Published curve,1725.0,300.0,345.0,,,Airtek Power Catalog (AC _ EC).pdf,213,Published numeric Airtek table - verify source page,Numeric Pa / m3/h / rpm / W point printed on original Airtek V.2024 PDF page 213.
FD23E225H298-137-A0,Published P-Q table Published curve,static_pressure,1268.0,Published curve,2100.0,300.0,645.0,,,Airtek Power Catalog (AC _ EC).pdf,214,Published numeric Airtek table - verify source page,Numeric Pa / m3/h / rpm / W point printed on original Airtek V.2024 PDF page 214.
FD23E225H298-137-A0,Published P-Q table Published curve,static_pressure,1332.0,Published curve,2680.0,250.0,693.0,,,Airtek Power Catalog (AC _ EC).pdf,214,Published numeric Airtek table - verify source page,Numeric Pa / m3/h / rpm / W point printed on original Airtek V.2024 PDF page 214.
FD23E225H298-137-A0,Published P-Q table Published curve,static_pressure,1319.0,Published curve,2920.0,200.0,718.0,,,Airtek Power Catalog (AC _ EC).pdf,214,Published numeric Airtek table - verify source page,Numeric Pa / m3/h / rpm / W point printed on original Airtek V.2024 PDF page 214.
FD23E225H298-137-A0,Published P-Q table Published curve,static_pressure,1293.0,Published curve,3025.0,150.0,745.0,,,Airtek Power Catalog (AC _ EC).pdf,214,Published numeric Airtek table - verify source page,Numeric Pa / m3/h / rpm / W point printed on original Airtek V.2024 PDF page 214.
FD38E225H290-137-A0,Published P-Q table Published curve,static_pressure,1618.0,Published curve,1200.0,400.0,985.0,,,Airtek Power Catalog (AC _ EC).pdf,215,Published numeric Airtek table - verify source page,Numeric Pa / m3/h / rpm / W point printed on original Airtek V.2024 PDF page 215.
FD38E225H290-137-A0,Published P-Q table Published curve,static_pressure,1682.0,Published curve,2800.0,300.0,1093.0,,,Airtek Power Catalog (AC _ EC).pdf,215,Published numeric Airtek table - verify source page,Numeric Pa / m3/h / rpm / W point printed on original Airtek V.2024 PDF page 215.
FD38E225H290-137-A0,Published P-Q table Published curve,static_pressure,1634.0,Published curve,3120.0,200.0,998.0,,,Airtek Power Catalog (AC _ EC).pdf,215,Published numeric Airtek table - verify source page,Numeric Pa / m3/h / rpm / W point printed on original Airtek V.2024 PDF page 215.
FD38E225H290-137-A0,Published P-Q table Published curve,static_pressure,1532.0,Published curve,3395.0,100.0,1051.0,,,Airtek Power Catalog (AC _ EC).pdf,215,Published numeric Airtek table - verify source page,Numeric Pa / m3/h / rpm / W point printed on original Airtek V.2024 PDF page 215.
FD23E250H317-137-A0,Published P-Q table Published curve,static_pressure,982.0,Published curve,3000.0,400.0,985.0,,,Airtek Power Catalog (AC _ EC).pdf,216,Published numeric Airtek table - verify source page,Numeric Pa / m3/h / rpm / W point printed on original Airtek V.2024 PDF page 216.
FD23E250H317-137-A0,Published P-Q table Published curve,static_pressure,1021.0,Published curve,3200.0,300.0,1093.0,,,Airtek Power Catalog (AC _ EC).pdf,216,Published numeric Airtek table - verify source page,Numeric Pa / m3/h / rpm / W point printed on original Airtek V.2024 PDF page 216.
FD23E250H317-137-A0,Published P-Q table Published curve,static_pressure,1634.0,Published curve,3620.0,200.0,998.0,,,Airtek Power Catalog (AC _ EC).pdf,216,Published numeric Airtek table - verify source page,Numeric Pa / m3/h / rpm / W point printed on original Airtek V.2024 PDF page 216.
FD23E250H317-137-A0,Published P-Q table Published curve,static_pressure,1532.0,Published curve,3895.0,100.0,1051.0,,,Airtek Power Catalog (AC _ EC).pdf,216,Published numeric Airtek table - verify source page,Numeric Pa / m3/h / rpm / W point printed on original Airtek V.2024 PDF page 216.
FD38E250H17-137-A0,Published P-Q table Published curve,static_pressure,899.0,Published curve,1980.0,600.0,765.0,,,Airtek Power Catalog (AC _ EC).pdf,217,Published numeric Airtek table - verify source page,Numeric Pa / m3/h / rpm / W point printed on original Airtek V.2024 PDF page 217.
FD38E250H17-137-A0,Published P-Q table Published curve,static_pressure,998.0,Published curve,3120.0,500.0,693.0,,,Airtek Power Catalog (AC _ EC).pdf,217,Published numeric Airtek table - verify source page,Numeric Pa / m3/h / rpm / W point printed on original Airtek V.2024 PDF page 217.
FD38E250H17-137-A0,Published P-Q table Published curve,static_pressure,982.0,Published curve,3290.0,400.0,698.0,,,Airtek Power Catalog (AC _ EC).pdf,217,Published numeric Airtek table - verify source page,Numeric Pa / m3/h / rpm / W point printed on original Airtek V.2024 PDF page 217.
FD38E250H17-137-A0,Published P-Q table Published curve,static_pressure,1023.0,Published curve,3559.0,300.0,751.0,,,Airtek Power Catalog (AC _ EC).pdf,217,Published numeric Airtek table - verify source page,Numeric Pa / m3/h / rpm / W point printed on original Airtek V.2024 PDF page 217.
FD23E280H340-137-A0,Published P-Q table Published curve,static_pressure,810.0,Published curve,2960.0,500.0,750.0,,,Airtek Power Catalog (AC _ EC).pdf,218,Published numeric Airtek table - verify source page,Numeric Pa / m3/h / rpm / W point printed on original Airtek V.2024 PDF page 218.
FD23E280H340-137-A0,Published P-Q table Published curve,static_pressure,892.0,Published curve,3280.0,400.0,723.0,,,Airtek Power Catalog (AC _ EC).pdf,218,Published numeric Airtek table - verify source page,Numeric Pa / m3/h / rpm / W point printed on original Airtek V.2024 PDF page 218.
FD23E280H340-137-A0,Published P-Q table Published curve,static_pressure,904.0,Published curve,3520.0,300.0,798.0,,,Airtek Power Catalog (AC _ EC).pdf,218,Published numeric Airtek table - verify source page,Numeric Pa / m3/h / rpm / W point printed on original Airtek V.2024 PDF page 218.
FD23E280H340-137-A0,Published P-Q table Published curve,static_pressure,910.0,Published curve,3750.0,200.0,782.0,,,Airtek Power Catalog (AC _ EC).pdf,218,Published numeric Airtek table - verify source page,Numeric Pa / m3/h / rpm / W point printed on original Airtek V.2024 PDF page 218.
FD38E280H340-137-A0,Published P-Q table Published curve,static_pressure,835.0,Published curve,2360.0,700.0,620.0,,,Airtek Power Catalog (AC _ EC).pdf,219,Published numeric Airtek table - verify source page,Numeric Pa / m3/h / rpm / W point printed on original Airtek V.2024 PDF page 219.
FD38E280H340-137-A0,Published P-Q table Published curve,static_pressure,868.0,Published curve,3170.0,600.0,635.0,,,Airtek Power Catalog (AC _ EC).pdf,219,Published numeric Airtek table - verify source page,Numeric Pa / m3/h / rpm / W point printed on original Airtek V.2024 PDF page 219.
FD38E280H340-137-A0,Published P-Q table Published curve,static_pressure,895.0,Published curve,3390.0,500.0,698.0,,,Airtek Power Catalog (AC _ EC).pdf,219,Published numeric Airtek table - verify source page,Numeric Pa / m3/h / rpm / W point printed on original Airtek V.2024 PDF page 219.
FD38E280H340-137-A0,Published P-Q table Published curve,static_pressure,930.0,Published curve,3658.0,400.0,675.0,,,Airtek Power Catalog (AC _ EC).pdf,219,Published numeric Airtek table - verify source page,Numeric Pa / m3/h / rpm / W point printed on original Airtek V.2024 PDF page 219.
FD38E315H450-188-A0,Published P-Q table Published curve,static_pressure,1038.0,Published curve,6060.0,600.0,2335.0,,,Airtek Power Catalog (AC _ EC).pdf,220,Published numeric Airtek table - verify source page,Numeric Pa / m3/h / rpm / W point printed on original Airtek V.2024 PDF page 220.
FD38E315H450-188-A0,Published P-Q table Published curve,static_pressure,1102.0,Published curve,6780.0,500.0,2668.0,,,Airtek Power Catalog (AC _ EC).pdf,220,Published numeric Airtek table - verify source page,Numeric Pa / m3/h / rpm / W point printed on original Airtek V.2024 PDF page 220.
FD38E315H450-188-A0,Published P-Q table Published curve,static_pressure,1098.0,Published curve,7178.0,400.0,2695.0,,,Airtek Power Catalog (AC _ EC).pdf,220,Published numeric Airtek table - verify source page,Numeric Pa / m3/h / rpm / W point printed on original Airtek V.2024 PDF page 220.
FD38E315H450-188-A0,Published P-Q table Published curve,static_pressure,1088.0,Published curve,7589.0,300.0,2536.0,,,Airtek Power Catalog (AC _ EC).pdf,220,Published numeric Airtek table - verify source page,Numeric Pa / m3/h / rpm / W point printed on original Airtek V.2024 PDF page 220.
FD38E355H431-188-A0,Published P-Q table Published curve,static_pressure,732.0,Published curve,5350.0,800.0,1815.0,,,Airtek Power Catalog (AC _ EC).pdf,221,Published numeric Airtek table - verify source page,Numeric Pa / m3/h / rpm / W point printed on original Airtek V.2024 PDF page 221.
FD38E355H431-188-A0,Published P-Q table Published curve,static_pressure,785.0,Published curve,6250.0,700.0,1887.0,,,Airtek Power Catalog (AC _ EC).pdf,221,Published numeric Airtek table - verify source page,Numeric Pa / m3/h / rpm / W point printed on original Airtek V.2024 PDF page 221.
FD38E355H431-188-A0,Published P-Q table Published curve,static_pressure,835.0,Published curve,7180.0,600.0,1810.0,,,Airtek Power Catalog (AC _ EC).pdf,221,Published numeric Airtek table - verify source page,Numeric Pa / m3/h / rpm / W point printed on original Airtek V.2024 PDF page 221.
FD38E355H431-188-A0,Published P-Q table Published curve,static_pressure,876.0,Published curve,7610.0,500.0,1756.0,,,Airtek Power Catalog (AC _ EC).pdf,221,Published numeric Airtek table - verify source page,Numeric Pa / m3/h / rpm / W point printed on original Airtek V.2024 PDF page 221.
FD38E400H516-188-A0,Published P-Q table Published curve,static_pressure,732.0,Published curve,5350.0,800.0,1815.0,,,Airtek Power Catalog (AC _ EC).pdf,222,Published numeric Airtek table - verify source page,Numeric Pa / m3/h / rpm / W point printed on original Airtek V.2024 PDF page 222.
FD38E400H516-188-A0,Published P-Q table Published curve,static_pressure,785.0,Published curve,6250.0,700.0,1887.0,,,Airtek Power Catalog (AC _ EC).pdf,222,Published numeric Airtek table - verify source page,Numeric Pa / m3/h / rpm / W point printed on original Airtek V.2024 PDF page 222.
FD38E400H516-188-A0,Published P-Q table Published curve,static_pressure,835.0,Published curve,7180.0,600.0,1810.0,,,Airtek Power Catalog (AC _ EC).pdf,222,Published numeric Airtek table - verify source page,Numeric Pa / m3/h / rpm / W point printed on original Airtek V.2024 PDF page 222.
FD38E400H516-188-A0,Published P-Q table Published curve,static_pressure,876.0,Published curve,7610.0,500.0,1756.0,,,Airtek Power Catalog (AC _ EC).pdf,222,Published numeric Airtek table - verify source page,Numeric Pa / m3/h / rpm / W point printed on original Airtek V.2024 PDF page 222.
S38E850S-225-00,Published P-Q table Published curve,static_pressure,985.0,Published curve,22200.0,100.0,1847.0,,,Airtek Power Catalog (AC _ EC).pdf,298,Published numeric Airtek table - verify source page,Numeric Pa / m3/h / rpm / W point printed on original Airtek V.2024 PDF page 298.
S38E850S-225-00,Published P-Q table Published curve,static_pressure,970.0,Published curve,20766.0,119.0,1848.0,,,Airtek Power Catalog (AC _ EC).pdf,298,Published numeric Airtek table - verify source page,Numeric Pa / m3/h / rpm / W point printed on original Airtek V.2024 PDF page 298.
S38E850S-225-00,Published P-Q table Published curve,static_pressure,942.0,Published curve,18125.0,146.0,1839.0,,,Airtek Power Catalog (AC _ EC).pdf,298,Published numeric Airtek table - verify source page,Numeric Pa / m3/h / rpm / W point printed on original Airtek V.2024 PDF page 298.
S38E850S-225-00,Published P-Q table Published curve,static_pressure,919.0,Published curve,14956.0,178.0,1875.0,,,Airtek Power Catalog (AC _ EC).pdf,298,Published numeric Airtek table - verify source page,Numeric Pa / m3/h / rpm / W point printed on original Airtek V.2024 PDF page 298.
S23A200S-72-01,Published P-Q table 50Hz,static_pressure,2628.0,50Hz,779.0,40.0,63.8,,,Airtek Power Catalog (AC _ EC).pdf,311,Published numeric Airtek table - verify source page,Numeric Pa / m3/h / rpm / W point printed on original Airtek V.2024 PDF page 311.
S23A200S-72-01,Published P-Q table 50Hz,static_pressure,2607.0,50Hz,711.0,60.0,65.2,,,Airtek Power Catalog (AC _ EC).pdf,311,Published numeric Airtek table - verify source page,Numeric Pa / m3/h / rpm / W point printed on original Airtek V.2024 PDF page 311.
S23A200S-72-01,Published P-Q table 50Hz,static_pressure,2590.0,50Hz,658.0,70.0,65.9,,,Airtek Power Catalog (AC _ EC).pdf,311,Published numeric Airtek table - verify source page,Numeric Pa / m3/h / rpm / W point printed on original Airtek V.2024 PDF page 311.
S23A200S-72-01,Published P-Q table 50Hz,static_pressure,2576.0,50Hz,591.0,80.0,66.5,,,Airtek Power Catalog (AC _ EC).pdf,311,Published numeric Airtek table - verify source page,Numeric Pa / m3/h / rpm / W point printed on original Airtek V.2024 PDF page 311.
S23A200S-72-01,Published P-Q table 60Hz,static_pressure,2960.0,60Hz,902.0,40.0,79.3,,,Airtek Power Catalog (AC _ EC).pdf,311,Published numeric Airtek table - verify source page,Numeric Pa / m3/h / rpm / W point printed on original Airtek V.2024 PDF page 311.
S23A200S-72-01,Published P-Q table 60Hz,static_pressure,2920.0,60Hz,840.0,60.0,81.0,,,Airtek Power Catalog (AC _ EC).pdf,311,Published numeric Airtek table - verify source page,Numeric Pa / m3/h / rpm / W point printed on original Airtek V.2024 PDF page 311.
S23A200S-72-01,Published P-Q table 60Hz,static_pressure,2872.0,60Hz,760.0,80.0,83.2,,,Airtek Power Catalog (AC _ EC).pdf,311,Published numeric Airtek table - verify source page,Numeric Pa / m3/h / rpm / W point printed on original Airtek V.2024 PDF page 311.
S23A200S-72-01,Published P-Q table 60Hz,static_pressure,2828.0,60Hz,631.0,100.0,84.9,,,Airtek Power Catalog (AC _ EC).pdf,311,Published numeric Airtek table - verify source page,Numeric Pa / m3/h / rpm / W point printed on original Airtek V.2024 PDF page 311.
A23A290S-72-00,Published P-Q table Published curve,static_pressure,1570.0,Published curve,1613.0,40.0,73.0,,,Airtek Power Catalog (AC _ EC).pdf,313,Published numeric Airtek table - verify source page,Numeric Pa / m3/h / rpm / W point printed on original Airtek V.2024 PDF page 313.
A23A290S-72-00,Published P-Q table Published curve,static_pressure,1510.0,Published curve,1241.0,50.0,75.0,,,Airtek Power Catalog (AC _ EC).pdf,313,Published numeric Airtek table - verify source page,Numeric Pa / m3/h / rpm / W point printed on original Airtek V.2024 PDF page 313.
A23A290S-72-00,Published P-Q table Published curve,static_pressure,1535.0,Published curve,1402.0,60.0,76.0,,,Airtek Power Catalog (AC _ EC).pdf,313,Published numeric Airtek table - verify source page,Numeric Pa / m3/h / rpm / W point printed on original Airtek V.2024 PDF page 313.
A23A290S-72-00,Published P-Q table Published curve,static_pressure,1445.0,Published curve,894.0,70.0,78.0,,,Airtek Power Catalog (AC _ EC).pdf,313,Published numeric Airtek table - verify source page,Numeric Pa / m3/h / rpm / W point printed on original Airtek V.2024 PDF page 313.
G23A400S-102-00,Published P-Q table Published curve,static_pressure,1380.0,Published curve,3230.0,40.0,155.0,,,Airtek Power Catalog (AC _ EC).pdf,316,Published numeric Airtek table - verify source page,Numeric Pa / m3/h / rpm / W point printed on original Airtek V.2024 PDF page 316.
G23A400S-102-00,Published P-Q table Published curve,static_pressure,1388.0,Published curve,2790.0,60.0,168.0,,,Airtek Power Catalog (AC _ EC).pdf,316,Published numeric Airtek table - verify source page,Numeric Pa / m3/h / rpm / W point printed on original Airtek V.2024 PDF page 316.
G23A400S-102-00,Published P-Q table Published curve,static_pressure,1342.0,Published curve,2225.0,80.0,188.0,,,Airtek Power Catalog (AC _ EC).pdf,316,Published numeric Airtek table - verify source page,Numeric Pa / m3/h / rpm / W point printed on original Airtek V.2024 PDF page 316.
G23A400S-102-00,Published P-Q table Published curve,static_pressure,1333.0,Published curve,1624.0,100.0,194.0,,,Airtek Power Catalog (AC _ EC).pdf,316,Published numeric Airtek table - verify source page,Numeric Pa / m3/h / rpm / W point printed on original Airtek V.2024 PDF page 316.
G38A450S-102-00,Published P-Q table Published curve,static_pressure,1364.0,Published curve,4324.0,60.0,279.0,,,Airtek Power Catalog (AC _ EC).pdf,317,Published numeric Airtek table - verify source page,Numeric Pa / m3/h / rpm / W point printed on original Airtek V.2024 PDF page 317.
G38A450S-102-00,Published P-Q table Published curve,static_pressure,1353.0,Published curve,3850.0,80.0,297.0,,,Airtek Power Catalog (AC _ EC).pdf,317,Published numeric Airtek table - verify source page,Numeric Pa / m3/h / rpm / W point printed on original Airtek V.2024 PDF page 317.
G38A450S-102-00,Published P-Q table Published curve,static_pressure,1334.0,Published curve,3336.0,100.0,318.0,,,Airtek Power Catalog (AC _ EC).pdf,317,Published numeric Airtek table - verify source page,Numeric Pa / m3/h / rpm / W point printed on original Airtek V.2024 PDF page 317.
G38A450S-102-00,Published P-Q table Published curve,static_pressure,1320.0,Published curve,2728.0,120.0,340.0,,,Airtek Power Catalog (AC _ EC).pdf,317,Published numeric Airtek table - verify source page,Numeric Pa / m3/h / rpm / W point printed on original Airtek V.2024 PDF page 317.
G40A500S-102-00,Published P-Q table Published curve,static_pressure,7000.0,Published curve,120.0,460.0,1575.0,,,Airtek Power Catalog (AC _ EC).pdf,318,Published numeric Airtek table - verify source page,Numeric Pa / m3/h / rpm / W point printed on original Airtek V.2024 PDF page 318.
G40A500S-102-00,Published P-Q table Published curve,static_pressure,6300.0,Published curve,160.0,840.0,1550.0,,,Airtek Power Catalog (AC _ EC).pdf,318,Published numeric Airtek table - verify source page,Numeric Pa / m3/h / rpm / W point printed on original Airtek V.2024 PDF page 318.
G40A500S-102-00,Published P-Q table Published curve,static_pressure,5000.0,Published curve,200.0,912.0,1530.0,,,Airtek Power Catalog (AC _ EC).pdf,318,Published numeric Airtek table - verify source page,Numeric Pa / m3/h / rpm / W point printed on original Airtek V.2024 PDF page 318.
G40A500S-102-00,Published P-Q table Published curve,static_pressure,100.0,Published curve,400.0,955.0,6300.0,,,Airtek Power Catalog (AC _ EC).pdf,318,Published numeric Airtek table - verify source page,Numeric Pa / m3/h / rpm / W point printed on original Airtek V.2024 PDF page 318.
G40A500S-102-00,Published P-Q table Published curve,static_pressure,120.0,Published curve,600.0,1384.0,5850.0,,,Airtek Power Catalog (AC _ EC).pdf,318,Published numeric Airtek table - verify source page,Numeric Pa / m3/h / rpm / W point printed on original Airtek V.2024 PDF page 318.
G40A500S-102-00,Published P-Q table Published curve,static_pressure,160.0,Published curve,620.0,1380.0,4450.0,,,Airtek Power Catalog (AC _ EC).pdf,318,Published numeric Airtek table - verify source page,Numeric Pa / m3/h / rpm / W point printed on original Airtek V.2024 PDF page 318.
G40A550S-138-00,Published P-Q table A,static_pressure,1750.0,A,9553.0,120.0,1186.0,,,Airtek Power Catalog (AC _ EC).pdf,319,Published numeric Airtek table - verify source page,Numeric Pa / m3/h / rpm / W point printed on original Airtek V.2024 PDF page 319.
G40A550S-138-00,Published P-Q table A,static_pressure,1742.0,A,8886.0,150.0,1244.0,,,Airtek Power Catalog (AC _ EC).pdf,319,Published numeric Airtek table - verify source page,Numeric Pa / m3/h / rpm / W point printed on original Airtek V.2024 PDF page 319.
G40A550S-138-00,Published P-Q table A,static_pressure,1728.0,A,8189.0,180.0,1303.0,,,Airtek Power Catalog (AC _ EC).pdf,319,Published numeric Airtek table - verify source page,Numeric Pa / m3/h / rpm / W point printed on original Airtek V.2024 PDF page 319.
G40A550S-138-00,Published P-Q table A,static_pressure,1714.0,A,6514.0,240.0,1396.0,,,Airtek Power Catalog (AC _ EC).pdf,319,Published numeric Airtek table - verify source page,Numeric Pa / m3/h / rpm / W point printed on original Airtek V.2024 PDF page 319.
G40A550S-138-00,Published P-Q table B,static_pressure,1414.0,B,8310.0,80.0,778.0,,,Airtek Power Catalog (AC _ EC).pdf,319,Published numeric Airtek table - verify source page,Numeric Pa / m3/h / rpm / W point printed on original Airtek V.2024 PDF page 319.
G40A550S-138-00,Published P-Q table B,static_pressure,1410.0,B,7828.0,100.0,805.0,,,Airtek Power Catalog (AC _ EC).pdf,319,Published numeric Airtek table - verify source page,Numeric Pa / m3/h / rpm / W point printed on original Airtek V.2024 PDF page 319.
G40A550S-138-00,Published P-Q table B,static_pressure,1403.0,B,7327.0,120.0,844.0,,,Airtek Power Catalog (AC _ EC).pdf,319,Published numeric Airtek table - verify source page,Numeric Pa / m3/h / rpm / W point printed on original Airtek V.2024 PDF page 319.
G40A550S-138-00,Published P-Q table B,static_pressure,1396.0,B,6137.0,150.0,893.0,,,Airtek Power Catalog (AC _ EC).pdf,319,Published numeric Airtek table - verify source page,Numeric Pa / m3/h / rpm / W point printed on original Airtek V.2024 PDF page 319.
S23A630S-155-00,Published P-Q table Published curve,static_pressure,906.0,Published curve,9000.0,35.0,540.0,,,Airtek Power Catalog (AC _ EC).pdf,320,Published numeric Airtek table - verify source page,Numeric Pa / m3/h / rpm / W point printed on original Airtek V.2024 PDF page 320.
S23A630S-155-00,Published P-Q table Published curve,static_pressure,895.0,Published curve,7800.0,60.0,572.0,,,Airtek Power Catalog (AC _ EC).pdf,320,Published numeric Airtek table - verify source page,Numeric Pa / m3/h / rpm / W point printed on original Airtek V.2024 PDF page 320.
S23A630S-155-00,Published P-Q table Published curve,static_pressure,873.0,Published curve,6500.0,75.0,630.0,,,Airtek Power Catalog (AC _ EC).pdf,320,Published numeric Airtek table - verify source page,Numeric Pa / m3/h / rpm / W point printed on original Airtek V.2024 PDF page 320.
S23A630S-155-00,Published P-Q table Published curve,static_pressure,872.0,Published curve,4580.0,100.0,655.0,,,Airtek Power Catalog (AC _ EC).pdf,320,Published numeric Airtek table - verify source page,Numeric Pa / m3/h / rpm / W point printed on original Airtek V.2024 PDF page 320.
G23A630S-155-00,Published P-Q table Published curve,static_pressure,906.0,Published curve,9000.0,35.0,540.0,,,Airtek Power Catalog (AC _ EC).pdf,321,Published numeric Airtek table - verify source page,Numeric Pa / m3/h / rpm / W point printed on original Airtek V.2024 PDF page 321.
G23A630S-155-00,Published P-Q table Published curve,static_pressure,895.0,Published curve,7800.0,60.0,572.0,,,Airtek Power Catalog (AC _ EC).pdf,321,Published numeric Airtek table - verify source page,Numeric Pa / m3/h / rpm / W point printed on original Airtek V.2024 PDF page 321.
G23A630S-155-00,Published P-Q table Published curve,static_pressure,873.0,Published curve,6500.0,75.0,630.0,,,Airtek Power Catalog (AC _ EC).pdf,321,Published numeric Airtek table - verify source page,Numeric Pa / m3/h / rpm / W point printed on original Airtek V.2024 PDF page 321.
G23A630S-155-00,Published P-Q table Published curve,static_pressure,872.0,Published curve,4580.0,100.0,655.0,,,Airtek Power Catalog (AC _ EC).pdf,321,Published numeric Airtek table - verify source page,Numeric Pa / m3/h / rpm / W point printed on original Airtek V.2024 PDF page 321.
S38A630S-155-00,Published P-Q table Published curve,static_pressure,906.0,Published curve,9000.0,35.0,540.0,,,Airtek Power Catalog (AC _ EC).pdf,322,Published numeric Airtek table - verify source page,Numeric Pa / m3/h / rpm / W point printed on original Airtek V.2024 PDF page 322.
S38A630S-155-00,Published P-Q table Published curve,static_pressure,895.0,Published curve,7800.0,60.0,572.0,,,Airtek Power Catalog (AC _ EC).pdf,322,Published numeric Airtek table - verify source page,Numeric Pa / m3/h / rpm / W point printed on original Airtek V.2024 PDF page 322.
S38A630S-155-00,Published P-Q table Published curve,static_pressure,873.0,Published curve,6500.0,75.0,630.0,,,Airtek Power Catalog (AC _ EC).pdf,322,Published numeric Airtek table - verify source page,Numeric Pa / m3/h / rpm / W point printed on original Airtek V.2024 PDF page 322.
S38A630S-155-00,Published P-Q table Published curve,static_pressure,872.0,Published curve,4580.0,100.0,655.0,,,Airtek Power Catalog (AC _ EC).pdf,322,Published numeric Airtek table - verify source page,Numeric Pa / m3/h / rpm / W point printed on original Airtek V.2024 PDF page 322.
G38A630S-155-00,Published P-Q table Published curve,static_pressure,906.0,Published curve,9000.0,35.0,540.0,,,Airtek Power Catalog (AC _ EC).pdf,323,Published numeric Airtek table - verify source page,Numeric Pa / m3/h / rpm / W point printed on original Airtek V.2024 PDF page 323.
G38A630S-155-00,Published P-Q table Published curve,static_pressure,895.0,Published curve,7800.0,60.0,572.0,,,Airtek Power Catalog (AC _ EC).pdf,323,Published numeric Airtek table - verify source page,Numeric Pa / m3/h / rpm / W point printed on original Airtek V.2024 PDF page 323.
G38A630S-155-00,Published P-Q table Published curve,static_pressure,873.0,Published curve,6500.0,75.0,630.0,,,Airtek Power Catalog (AC _ EC).pdf,323,Published numeric Airtek table - verify source page,Numeric Pa / m3/h / rpm / W point printed on original Airtek V.2024 PDF page 323.
G38A630S-155-00,Published P-Q table Published curve,static_pressure,872.0,Published curve,4580.0,100.0,655.0,,,Airtek Power Catalog (AC _ EC).pdf,323,Published numeric Airtek table - verify source page,Numeric Pa / m3/h / rpm / W point printed on original Airtek V.2024 PDF page 323.
G38A630S-188-00,Published P-Q table Published curve,static_pressure,1380.0,Published curve,15269.0,142.0,2230.0,,,Airtek Power Catalog (AC _ EC).pdf,324,Published numeric Airtek table - verify source page,Numeric Pa / m3/h / rpm / W point printed on original Airtek V.2024 PDF page 324.
G38A630S-188-00,Published P-Q table Published curve,static_pressure,1375.0,Published curve,14509.0,160.0,2256.0,,,Airtek Power Catalog (AC _ EC).pdf,324,Published numeric Airtek table - verify source page,Numeric Pa / m3/h / rpm / W point printed on original Airtek V.2024 PDF page 324.
G38A630S-188-00,Published P-Q table Published curve,static_pressure,1370.0,Published curve,13782.0,179.0,2312.0,,,Airtek Power Catalog (AC _ EC).pdf,324,Published numeric Airtek table - verify source page,Numeric Pa / m3/h / rpm / W point printed on original Airtek V.2024 PDF page 324.
G38A630S-188-00,Published P-Q table Published curve,static_pressure,1360.0,Published curve,12503.0,201.0,2441.0,,,Airtek Power Catalog (AC _ EC).pdf,324,Published numeric Airtek table - verify source page,Numeric Pa / m3/h / rpm / W point printed on original Airtek V.2024 PDF page 324.
S38A710S-155-00,Published P-Q table Published curve,static_pressure,702.0,Published curve,10538.0,60.0,822.0,,,Airtek Power Catalog (AC _ EC).pdf,325,Published numeric Airtek table - verify source page,Numeric Pa / m3/h / rpm / W point printed on original Airtek V.2024 PDF page 325.
S38A710S-155-00,Published P-Q table Published curve,static_pressure,752.0,Published curve,9198.0,70.0,806.0,,,Airtek Power Catalog (AC _ EC).pdf,325,Published numeric Airtek table - verify source page,Numeric Pa / m3/h / rpm / W point printed on original Airtek V.2024 PDF page 325.
S38A710S-155-00,Published P-Q table Published curve,static_pressure,763.0,Published curve,8576.0,80.0,800.0,,,Airtek Power Catalog (AC _ EC).pdf,325,Published numeric Airtek table - verify source page,Numeric Pa / m3/h / rpm / W point printed on original Airtek V.2024 PDF page 325.
S38A710S-155-00,Published P-Q table Published curve,static_pressure,748.0,Published curve,6395.0,90.0,779.0,,,Airtek Power Catalog (AC _ EC).pdf,325,Published numeric Airtek table - verify source page,Numeric Pa / m3/h / rpm / W point printed on original Airtek V.2024 PDF page 325.
G38A710S-155-00,Published P-Q table Published curve,static_pressure,702.0,Published curve,10538.0,60.0,822.0,,,Airtek Power Catalog (AC _ EC).pdf,326,Published numeric Airtek table - verify source page,Numeric Pa / m3/h / rpm / W point printed on original Airtek V.2024 PDF page 326.
G38A710S-155-00,Published P-Q table Published curve,static_pressure,752.0,Published curve,9198.0,70.0,806.0,,,Airtek Power Catalog (AC _ EC).pdf,326,Published numeric Airtek table - verify source page,Numeric Pa / m3/h / rpm / W point printed on original Airtek V.2024 PDF page 326.
G38A710S-155-00,Published P-Q table Published curve,static_pressure,763.0,Published curve,8576.0,80.0,800.0,,,Airtek Power Catalog (AC _ EC).pdf,326,Published numeric Airtek table - verify source page,Numeric Pa / m3/h / rpm / W point printed on original Airtek V.2024 PDF page 326.
G38A710S-155-00,Published P-Q table Published curve,static_pressure,748.0,Published curve,6395.0,90.0,779.0,,,Airtek Power Catalog (AC _ EC).pdf,326,Published numeric Airtek table - verify source page,Numeric Pa / m3/h / rpm / W point printed on original Airtek V.2024 PDF page 326.
S38A710S-155-01,Published P-Q table Published curve,static_pressure,893.0,Published curve,11280.0,90.0,939.0,,,Airtek Power Catalog (AC _ EC).pdf,327,Published numeric Airtek table - verify source page,Numeric Pa / m3/h / rpm / W point printed on original Airtek V.2024 PDF page 327.
S38A710S-155-01,Published P-Q table Published curve,static_pressure,917.0,Published curve,10592.0,100.0,938.0,,,Airtek Power Catalog (AC _ EC).pdf,327,Published numeric Airtek table - verify source page,Numeric Pa / m3/h / rpm / W point printed on original Airtek V.2024 PDF page 327.
S38A710S-155-01,Published P-Q table Published curve,static_pressure,935.0,Published curve,10058.0,110.0,973.0,,,Airtek Power Catalog (AC _ EC).pdf,327,Published numeric Airtek table - verify source page,Numeric Pa / m3/h / rpm / W point printed on original Airtek V.2024 PDF page 327.
S38A710S-155-01,Published P-Q table Published curve,static_pressure,906.0,Published curve,7657.0,120.0,938.0,,,Airtek Power Catalog (AC _ EC).pdf,327,Published numeric Airtek table - verify source page,Numeric Pa / m3/h / rpm / W point printed on original Airtek V.2024 PDF page 327.
G38A710S-155-01,Published P-Q table Published curve,static_pressure,893.0,Published curve,11280.0,90.0,939.0,,,Airtek Power Catalog (AC _ EC).pdf,328,Published numeric Airtek table - verify source page,Numeric Pa / m3/h / rpm / W point printed on original Airtek V.2024 PDF page 328.
G38A710S-155-01,Published P-Q table Published curve,static_pressure,917.0,Published curve,10592.0,100.0,938.0,,,Airtek Power Catalog (AC _ EC).pdf,328,Published numeric Airtek table - verify source page,Numeric Pa / m3/h / rpm / W point printed on original Airtek V.2024 PDF page 328.
G38A710S-155-01,Published P-Q table Published curve,static_pressure,935.0,Published curve,10058.0,110.0,973.0,,,Airtek Power Catalog (AC _ EC).pdf,328,Published numeric Airtek table - verify source page,Numeric Pa / m3/h / rpm / W point printed on original Airtek V.2024 PDF page 328.
G38A710S-155-01,Published P-Q table Published curve,static_pressure,906.0,Published curve,7657.0,120.0,938.0,,,Airtek Power Catalog (AC _ EC).pdf,328,Published numeric Airtek table - verify source page,Numeric Pa / m3/h / rpm / W point printed on original Airtek V.2024 PDF page 328.
S38A710S-180-01,Published P-Q table Published curve,static_pressure,927.0,Published curve,11840.0,70.0,849.0,,,Airtek Power Catalog (AC _ EC).pdf,329,Published numeric Airtek table - verify source page,Numeric Pa / m3/h / rpm / W point printed on original Airtek V.2024 PDF page 329.
S38A710S-180-01,Published P-Q table Published curve,static_pressure,925.0,Published curve,11030.0,80.0,872.0,,,Airtek Power Catalog (AC _ EC).pdf,329,Published numeric Airtek table - verify source page,Numeric Pa / m3/h / rpm / W point printed on original Airtek V.2024 PDF page 329.
S38A710S-180-01,Published P-Q table Published curve,static_pressure,922.0,Published curve,10390.0,90.0,891.0,,,Airtek Power Catalog (AC _ EC).pdf,329,Published numeric Airtek table - verify source page,Numeric Pa / m3/h / rpm / W point printed on original Airtek V.2024 PDF page 329.
S38A710S-180-01,Published P-Q table Published curve,static_pressure,917.0,Published curve,9600.0,100.0,921.0,,,Airtek Power Catalog (AC _ EC).pdf,329,Published numeric Airtek table - verify source page,Numeric Pa / m3/h / rpm / W point printed on original Airtek V.2024 PDF page 329.
S38A800S-225-00,Published P-Q table Published curve,static_pressure,897.0,Published curve,16130.0,120.0,2186.0,,,Airtek Power Catalog (AC _ EC).pdf,330,Published numeric Airtek table - verify source page,Numeric Pa / m3/h / rpm / W point printed on original Airtek V.2024 PDF page 330.
S38A800S-225-00,Published P-Q table Published curve,static_pressure,893.0,Published curve,14304.0,150.0,2263.0,,,Airtek Power Catalog (AC _ EC).pdf,330,Published numeric Airtek table - verify source page,Numeric Pa / m3/h / rpm / W point printed on original Airtek V.2024 PDF page 330.
S38A800S-225-00,Published P-Q table Published curve,static_pressure,893.0,Published curve,12499.0,180.0,2250.0,,,Airtek Power Catalog (AC _ EC).pdf,330,Published numeric Airtek table - verify source page,Numeric Pa / m3/h / rpm / W point printed on original Airtek V.2024 PDF page 330.
S38A800S-225-00,Published P-Q table Published curve,static_pressure,896.0,Published curve,10455.0,200.0,2223.0,,,Airtek Power Catalog (AC _ EC).pdf,330,Published numeric Airtek table - verify source page,Numeric Pa / m3/h / rpm / W point printed on original Airtek V.2024 PDF page 330.
G38A800S-225-00,Published P-Q table Published curve,static_pressure,897.0,Published curve,16130.0,120.0,2186.0,,,Airtek Power Catalog (AC _ EC).pdf,331,Published numeric Airtek table - verify source page,Numeric Pa / m3/h / rpm / W point printed on original Airtek V.2024 PDF page 331.
G38A800S-225-00,Published P-Q table Published curve,static_pressure,893.0,Published curve,14304.0,150.0,2263.0,,,Airtek Power Catalog (AC _ EC).pdf,331,Published numeric Airtek table - verify source page,Numeric Pa / m3/h / rpm / W point printed on original Airtek V.2024 PDF page 331.
G38A800S-225-00,Published P-Q table Published curve,static_pressure,893.0,Published curve,12499.0,180.0,2250.0,,,Airtek Power Catalog (AC _ EC).pdf,331,Published numeric Airtek table - verify source page,Numeric Pa / m3/h / rpm / W point printed on original Airtek V.2024 PDF page 331.
G38A800S-225-00,Published P-Q table Published curve,static_pressure,896.0,Published curve,10455.0,200.0,2223.0,,,Airtek Power Catalog (AC _ EC).pdf,331,Published numeric Airtek table - verify source page,Numeric Pa / m3/h / rpm / W point printed on original Airtek V.2024 PDF page 331.
G38A800S-225-01,Published P-Q table Published curve,static_pressure,1074.0,Published curve,17576.0,80.0,1430.0,,,Airtek Power Catalog (AC _ EC).pdf,332,Published numeric Airtek table - verify source page,Numeric Pa / m3/h / rpm / W point printed on original Airtek V.2024 PDF page 332.
G38A800S-225-01,Published P-Q table Published curve,static_pressure,1064.0,Published curve,16481.0,100.0,1512.0,,,Airtek Power Catalog (AC _ EC).pdf,332,Published numeric Airtek table - verify source page,Numeric Pa / m3/h / rpm / W point printed on original Airtek V.2024 PDF page 332.
G38A800S-225-01,Published P-Q table Published curve,static_pressure,1052.0,Published curve,15152.0,120.0,1613.0,,,Airtek Power Catalog (AC _ EC).pdf,332,Published numeric Airtek table - verify source page,Numeric Pa / m3/h / rpm / W point printed on original Airtek V.2024 PDF page 332.
G38A800S-225-01,Published P-Q table Published curve,static_pressure,1032.0,Published curve,13172.0,141.0,1739.0,,,Airtek Power Catalog (AC _ EC).pdf,332,Published numeric Airtek table - verify source page,Numeric Pa / m3/h / rpm / W point printed on original Airtek V.2024 PDF page 332.
S38A900S-225-00,Published P-Q table Published curve,static_pressure,941.0,Published curve,25568.0,80.0,1876.0,,,Airtek Power Catalog (AC _ EC).pdf,333,Published numeric Airtek table - verify source page,Numeric Pa / m3/h / rpm / W point printed on original Airtek V.2024 PDF page 333.
S38A900S-225-00,Published P-Q table Published curve,static_pressure,934.0,Published curve,23807.0,100.0,2097.0,,,Airtek Power Catalog (AC _ EC).pdf,333,Published numeric Airtek table - verify source page,Numeric Pa / m3/h / rpm / W point printed on original Airtek V.2024 PDF page 333.
S38A900S-225-00,Published P-Q table Published curve,static_pressure,928.0,Published curve,22097.0,119.0,2185.0,,,Airtek Power Catalog (AC _ EC).pdf,333,Published numeric Airtek table - verify source page,Numeric Pa / m3/h / rpm / W point printed on original Airtek V.2024 PDF page 333.
S38A900S-225-00,Published P-Q table Published curve,static_pressure,925.0,Published curve,20416.0,140.0,2339.0,,,Airtek Power Catalog (AC _ EC).pdf,333,Published numeric Airtek table - verify source page,Numeric Pa / m3/h / rpm / W point printed on original Airtek V.2024 PDF page 333.
D23E190D100-92-00,Published P-Q table Published curve,static_pressure,2850.0,Published curve,150.0,400.0,80.0,,,Airtek Power Catalog (AC _ EC).pdf,335,Published numeric Airtek table - verify source page,Numeric Pa / m3/h / rpm / W point printed on original Airtek V.2024 PDF page 335.
D23E190D100-92-00,Published P-Q table Published curve,static_pressure,2987.0,Published curve,180.0,300.0,79.0,,,Airtek Power Catalog (AC _ EC).pdf,335,Published numeric Airtek table - verify source page,Numeric Pa / m3/h / rpm / W point printed on original Airtek V.2024 PDF page 335.
D23E190D100-92-00,Published P-Q table Published curve,static_pressure,3123.0,Published curve,210.0,200.0,79.0,,,Airtek Power Catalog (AC _ EC).pdf,335,Published numeric Airtek table - verify source page,Numeric Pa / m3/h / rpm / W point printed on original Airtek V.2024 PDF page 335.
D23E220D125-92-00,Published P-Q table Published curve,static_pressure,3452.0,Published curve,145.0,400.0,80.0,,,Airtek Power Catalog (AC _ EC).pdf,336,Published numeric Airtek table - verify source page,Numeric Pa / m3/h / rpm / W point printed on original Airtek V.2024 PDF page 336.
D23E220D125-92-00,Published P-Q table Published curve,static_pressure,3485.0,Published curve,210.0,300.0,83.0,,,Airtek Power Catalog (AC _ EC).pdf,336,Published numeric Airtek table - verify source page,Numeric Pa / m3/h / rpm / W point printed on original Airtek V.2024 PDF page 336.
D23E220D125-92-00,Published P-Q table Published curve,static_pressure,3512.0,Published curve,250.0,200.0,80.0,,,Airtek Power Catalog (AC _ EC).pdf,336,Published numeric Airtek table - verify source page,Numeric Pa / m3/h / rpm / W point printed on original Airtek V.2024 PDF page 336.
D23E225D150-92-00,Published P-Q table Published curve,static_pressure,2530.0,Published curve,150.0,400.0,82.0,,,Airtek Power Catalog (AC _ EC).pdf,337,Published numeric Airtek table - verify source page,Numeric Pa / m3/h / rpm / W point printed on original Airtek V.2024 PDF page 337.
D23E225D150-92-00,Published P-Q table Published curve,static_pressure,2677.0,Published curve,280.0,300.0,85.0,,,Airtek Power Catalog (AC _ EC).pdf,337,Published numeric Airtek table - verify source page,Numeric Pa / m3/h / rpm / W point printed on original Airtek V.2024 PDF page 337.
D23E225D150-92-00,Published P-Q table Published curve,static_pressure,2714.0,Published curve,420.0,200.0,87.0,,,Airtek Power Catalog (AC _ EC).pdf,337,Published numeric Airtek table - verify source page,Numeric Pa / m3/h / rpm / W point printed on original Airtek V.2024 PDF page 337.
D23E225D160-92-00,Published P-Q table Published curve,static_pressure,2619.0,Published curve,140.0,400.0,68.0,,,Airtek Power Catalog (AC _ EC).pdf,338,Published numeric Airtek table - verify source page,Numeric Pa / m3/h / rpm / W point printed on original Airtek V.2024 PDF page 338.
D23E225D160-92-00,Published P-Q table Published curve,static_pressure,2752.0,Published curve,280.0,300.0,68.0,,,Airtek Power Catalog (AC _ EC).pdf,338,Published numeric Airtek table - verify source page,Numeric Pa / m3/h / rpm / W point printed on original Airtek V.2024 PDF page 338.
D23E225D160-92-00,Published P-Q table Published curve,static_pressure,2839.0,Published curve,419.0,200.0,65.0,,,Airtek Power Catalog (AC _ EC).pdf,338,Published numeric Airtek table - verify source page,Numeric Pa / m3/h / rpm / W point printed on original Airtek V.2024 PDF page 338.
D23E250D200-92-00,Published P-Q table Published curve,static_pressure,2567.0,Published curve,270.0,600.0,165.0,,,Airtek Power Catalog (AC _ EC).pdf,339,Published numeric Airtek table - verify source page,Numeric Pa / m3/h / rpm / W point printed on original Airtek V.2024 PDF page 339.
D23E250D200-92-00,Published P-Q table Published curve,static_pressure,2609.0,Published curve,350.0,500.0,171.0,,,Airtek Power Catalog (AC _ EC).pdf,339,Published numeric Airtek table - verify source page,Numeric Pa / m3/h / rpm / W point printed on original Airtek V.2024 PDF page 339.
D23E250D200-92-00,Published P-Q table Published curve,static_pressure,2679.0,Published curve,500.0,400.0,169.0,,,Airtek Power Catalog (AC _ EC).pdf,339,Published numeric Airtek table - verify source page,Numeric Pa / m3/h / rpm / W point printed on original Airtek V.2024 PDF page 339.
D23E250D250-92-00,Published P-Q table Published curve,static_pressure,2613.0,Published curve,290.0,600.0,167.0,,,Airtek Power Catalog (AC _ EC).pdf,340,Published numeric Airtek table - verify source page,Numeric Pa / m3/h / rpm / W point printed on original Airtek V.2024 PDF page 340.
D23E250D250-92-00,Published P-Q table Published curve,static_pressure,2698.0,Published curve,485.0,500.0,169.0,,,Airtek Power Catalog (AC _ EC).pdf,340,Published numeric Airtek table - verify source page,Numeric Pa / m3/h / rpm / W point printed on original Airtek V.2024 PDF page 340.
D23E250D250-92-00,Published P-Q table Published curve,static_pressure,2788.0,Published curve,550.0,400.0,171.0,,,Airtek Power Catalog (AC _ EC).pdf,340,Published numeric Airtek table - verify source page,Numeric Pa / m3/h / rpm / W point printed on original Airtek V.2024 PDF page 340.
D23E280D315-92-00,Published P-Q table Published curve,static_pressure,2618.0,Published curve,420.0,500.0,190.0,,,Airtek Power Catalog (AC _ EC).pdf,341,Published numeric Airtek table - verify source page,Numeric Pa / m3/h / rpm / W point printed on original Airtek V.2024 PDF page 341.
D23E280D315-92-00,Published P-Q table Published curve,static_pressure,2659.0,Published curve,710.0,400.0,205.0,,,Airtek Power Catalog (AC _ EC).pdf,341,Published numeric Airtek table - verify source page,Numeric Pa / m3/h / rpm / W point printed on original Airtek V.2024 PDF page 341.
D23E280D315-92-00,Published P-Q table Published curve,static_pressure,2707.0,Published curve,1033.0,300.0,209.0,,,Airtek Power Catalog (AC _ EC).pdf,341,Published numeric Airtek table - verify source page,Numeric Pa / m3/h / rpm / W point printed on original Airtek V.2024 PDF page 341.
D23A190D100-92-00,Published P-Q table 00,static_pressure,2335.0,00,235.0,0.0,50.0,,,Airtek Power Catalog (AC _ EC).pdf,343,Published numeric Airtek table - verify source page,Numeric Pa / m3/h / rpm / W point printed on original Airtek V.2024 PDF page 343.
D23A190D100-92-00,Published P-Q table 00,static_pressure,2355.0,00,200.0,40.0,49.0,,,Airtek Power Catalog (AC _ EC).pdf,343,Published numeric Airtek table - verify source page,Numeric Pa / m3/h / rpm / W point printed on original Airtek V.2024 PDF page 343.
D23A190D100-92-00,Published P-Q table 00,static_pressure,2385.0,00,170.0,80.0,48.0,,,Airtek Power Catalog (AC _ EC).pdf,343,Published numeric Airtek table - verify source page,Numeric Pa / m3/h / rpm / W point printed on original Airtek V.2024 PDF page 343.
D23A190D100-92-01,Published P-Q table 01,static_pressure,2095.0,01,180.0,0.0,44.0,,,Airtek Power Catalog (AC _ EC).pdf,343,Published numeric Airtek table - verify source page,Numeric Pa / m3/h / rpm / W point printed on original Airtek V.2024 PDF page 343.
D23A190D100-92-01,Published P-Q table 01,static_pressure,2120.0,01,160.0,20.0,44.0,,,Airtek Power Catalog (AC _ EC).pdf,343,Published numeric Airtek table - verify source page,Numeric Pa / m3/h / rpm / W point printed on original Airtek V.2024 PDF page 343.
D23A190D100-92-01,Published P-Q table 01,static_pressure,2150.0,01,140.0,45.0,43.0,,,Airtek Power Catalog (AC _ EC).pdf,343,Published numeric Airtek table - verify source page,Numeric Pa / m3/h / rpm / W point printed on original Airtek V.2024 PDF page 343.
D23A190D125-92-00,Published P-Q table 00,static_pressure,2275.0,00,325.0,0.0,51.0,,,Airtek Power Catalog (AC _ EC).pdf,344,Published numeric Airtek table - verify source page,Numeric Pa / m3/h / rpm / W point printed on original Airtek V.2024 PDF page 344.
D23A190D125-92-00,Published P-Q table 00,static_pressure,2270.0,00,270.0,40.0,51.0,,,Airtek Power Catalog (AC _ EC).pdf,344,Published numeric Airtek table - verify source page,Numeric Pa / m3/h / rpm / W point printed on original Airtek V.2024 PDF page 344.
D23A190D125-92-00,Published P-Q table 00,static_pressure,2300.0,00,220.0,79.0,50.0,,,Airtek Power Catalog (AC _ EC).pdf,344,Published numeric Airtek table - verify source page,Numeric Pa / m3/h / rpm / W point printed on original Airtek V.2024 PDF page 344.
D23A190D125-92-01,Published P-Q table 01,static_pressure,1720.0,01,245.0,0.0,44.0,,,Airtek Power Catalog (AC _ EC).pdf,344,Published numeric Airtek table - verify source page,Numeric Pa / m3/h / rpm / W point printed on original Airtek V.2024 PDF page 344.
D23A190D125-92-01,Published P-Q table 01,static_pressure,1740.0,01,175.0,40.0,44.0,,,Airtek Power Catalog (AC _ EC).pdf,344,Published numeric Airtek table - verify source page,Numeric Pa / m3/h / rpm / W point printed on original Airtek V.2024 PDF page 344.
D23A190D125-92-01,Published P-Q table 01,static_pressure,1890.0,01,125.0,80.0,42.0,,,Airtek Power Catalog (AC _ EC).pdf,344,Published numeric Airtek table - verify source page,Numeric Pa / m3/h / rpm / W point printed on original Airtek V.2024 PDF page 344.
D23A225D150-92-00,Published P-Q table 00,static_pressure,2250.0,00,466.0,0.0,65.0,,,Airtek Power Catalog (AC _ EC).pdf,345,Published numeric Airtek table - verify source page,Numeric Pa / m3/h / rpm / W point printed on original Airtek V.2024 PDF page 345.
D23A225D150-92-00,Published P-Q table 00,static_pressure,2170.0,00,400.0,40.0,67.0,,,Airtek Power Catalog (AC _ EC).pdf,345,Published numeric Airtek table - verify source page,Numeric Pa / m3/h / rpm / W point printed on original Airtek V.2024 PDF page 345.
D23A225D150-92-00,Published P-Q table 00,static_pressure,2090.0,00,350.0,80.0,69.0,,,Airtek Power Catalog (AC _ EC).pdf,345,Published numeric Airtek table - verify source page,Numeric Pa / m3/h / rpm / W point printed on original Airtek V.2024 PDF page 345.
D23A225D150-92-01,Published P-Q table 01,static_pressure,1730.0,01,355.0,0.0,57.0,,,Airtek Power Catalog (AC _ EC).pdf,345,Published numeric Airtek table - verify source page,Numeric Pa / m3/h / rpm / W point printed on original Airtek V.2024 PDF page 345.
D23A225D150-92-01,Published P-Q table 01,static_pressure,1500.0,01,260.0,40.0,59.0,,,Airtek Power Catalog (AC _ EC).pdf,345,Published numeric Airtek table - verify source page,Numeric Pa / m3/h / rpm / W point printed on original Airtek V.2024 PDF page 345.
D23A225D150-92-01,Published P-Q table 01,static_pressure,1420.0,01,200.0,65.0,60.0,,,Airtek Power Catalog (AC _ EC).pdf,345,Published numeric Airtek table - verify source page,Numeric Pa / m3/h / rpm / W point printed on original Airtek V.2024 PDF page 345.
D23A225D160-92-00,Published P-Q table 00,static_pressure,2310.0,00,495.0,0.0,64.0,,,Airtek Power Catalog (AC _ EC).pdf,346,Published numeric Airtek table - verify source page,Numeric Pa / m3/h / rpm / W point printed on original Airtek V.2024 PDF page 346.
D23A225D160-92-00,Published P-Q table 00,static_pressure,2235.0,00,435.0,40.0,65.0,,,Airtek Power Catalog (AC _ EC).pdf,346,Published numeric Airtek table - verify source page,Numeric Pa / m3/h / rpm / W point printed on original Airtek V.2024 PDF page 346.
D23A225D160-92-00,Published P-Q table 00,static_pressure,2130.0,00,370.0,80.0,68.0,,,Airtek Power Catalog (AC _ EC).pdf,346,Published numeric Airtek table - verify source page,Numeric Pa / m3/h / rpm / W point printed on original Airtek V.2024 PDF page 346.
D23A225D160-92-01,Published P-Q table 01,static_pressure,1850.0,01,395.0,0.0,56.0,,,Airtek Power Catalog (AC _ EC).pdf,346,Published numeric Airtek table - verify source page,Numeric Pa / m3/h / rpm / W point printed on original Airtek V.2024 PDF page 346.
D23A225D160-92-01,Published P-Q table 01,static_pressure,1610.0,01,290.0,40.0,59.0,,,Airtek Power Catalog (AC _ EC).pdf,346,Published numeric Airtek table - verify source page,Numeric Pa / m3/h / rpm / W point printed on original Airtek V.2024 PDF page 346.
D23A225D160-92-01,Published P-Q table 01,static_pressure,1470.0,01,185.0,80.0,60.0,,,Airtek Power Catalog (AC _ EC).pdf,346,Published numeric Airtek table - verify source page,Numeric Pa / m3/h / rpm / W point printed on original Airtek V.2024 PDF page 346.
D23A250D200-92-00,Published P-Q table 00,static_pressure,2545.0,00,920.0,0.0,163.0,,,Airtek Power Catalog (AC _ EC).pdf,347,Published numeric Airtek table - verify source page,Numeric Pa / m3/h / rpm / W point printed on original Airtek V.2024 PDF page 347.
D23A250D200-92-00,Published P-Q table 00,static_pressure,2530.0,00,850.0,50.0,165.0,,,Airtek Power Catalog (AC _ EC).pdf,347,Published numeric Airtek table - verify source page,Numeric Pa / m3/h / rpm / W point printed on original Airtek V.2024 PDF page 347.
D23A250D200-92-00,Published P-Q table 00,static_pressure,2475.0,00,730.0,150.0,174.0,,,Airtek Power Catalog (AC _ EC).pdf,347,Published numeric Airtek table - verify source page,Numeric Pa / m3/h / rpm / W point printed on original Airtek V.2024 PDF page 347.
D23A250D200-92-01,Published P-Q table 01,static_pressure,2255.0,01,815.0,0.0,156.0,,,Airtek Power Catalog (AC _ EC).pdf,347,Published numeric Airtek table - verify source page,Numeric Pa / m3/h / rpm / W point printed on original Airtek V.2024 PDF page 347.
D23A250D200-92-01,Published P-Q table 01,static_pressure,2145.0,01,675.0,80.0,166.0,,,Airtek Power Catalog (AC _ EC).pdf,347,Published numeric Airtek table - verify source page,Numeric Pa / m3/h / rpm / W point printed on original Airtek V.2024 PDF page 347.
D23A250D200-92-01,Published P-Q table 01,static_pressure,2000.0,01,485.0,160.0,172.0,,,Airtek Power Catalog (AC _ EC).pdf,347,Published numeric Airtek table - verify source page,Numeric Pa / m3/h / rpm / W point printed on original Airtek V.2024 PDF page 347.
D23A250D250-92-00,Published P-Q table 00,static_pressure,2765.0,00,920.0,0.0,156.0,,,Airtek Power Catalog (AC _ EC).pdf,348,Published numeric Airtek table - verify source page,Numeric Pa / m3/h / rpm / W point printed on original Airtek V.2024 PDF page 348.
D23A250D250-92-00,Published P-Q table 00,static_pressure,2725.0,00,805.0,100.0,168.0,,,Airtek Power Catalog (AC _ EC).pdf,348,Published numeric Airtek table - verify source page,Numeric Pa / m3/h / rpm / W point printed on original Airtek V.2024 PDF page 348.
D23A250D250-92-00,Published P-Q table 00,static_pressure,2680.0,00,690.0,200.0,177.0,,,Airtek Power Catalog (AC _ EC).pdf,348,Published numeric Airtek table - verify source page,Numeric Pa / m3/h / rpm / W point printed on original Airtek V.2024 PDF page 348.
D23A250D250-92-01,Published P-Q table 01,static_pressure,2495.0,01,830.0,0.0,131.0,,,Airtek Power Catalog (AC _ EC).pdf,348,Published numeric Airtek table - verify source page,Numeric Pa / m3/h / rpm / W point printed on original Airtek V.2024 PDF page 348.
D23A250D250-92-01,Published P-Q table 01,static_pressure,2330.0,01,655.0,100.0,152.0,,,Airtek Power Catalog (AC _ EC).pdf,348,Published numeric Airtek table - verify source page,Numeric Pa / m3/h / rpm / W point printed on original Airtek V.2024 PDF page 348.
D23A250D250-92-01,Published P-Q table 01,static_pressure,2155.0,01,435.0,200.0,166.0,,,Airtek Power Catalog (AC _ EC).pdf,348,Published numeric Airtek table - verify source page,Numeric Pa / m3/h / rpm / W point printed on original Airtek V.2024 PDF page 348.
D23A280D315-92-00,Published P-Q table 00,static_pressure,2415.0,00,1490.0,0.0,206.0,,,Airtek Power Catalog (AC _ EC).pdf,349,Published numeric Airtek table - verify source page,Numeric Pa / m3/h / rpm / W point printed on original Airtek V.2024 PDF page 349.
D23A280D315-92-00,Published P-Q table 00,static_pressure,2355.0,00,1145.0,150.0,243.0,,,Airtek Power Catalog (AC _ EC).pdf,349,Published numeric Airtek table - verify source page,Numeric Pa / m3/h / rpm / W point printed on original Airtek V.2024 PDF page 349.
D23A280D315-92-00,Published P-Q table 00,static_pressure,2105.0,00,700.0,300.0,252.0,,,Airtek Power Catalog (AC _ EC).pdf,349,Published numeric Airtek table - verify source page,Numeric Pa / m3/h / rpm / W point printed on original Airtek V.2024 PDF page 349.
D23A280D315-92-01,Published P-Q table 01,static_pressure,2190.0,01,1325.0,0.0,197.0,,,Airtek Power Catalog (AC _ EC).pdf,349,Published numeric Airtek table - verify source page,Numeric Pa / m3/h / rpm / W point printed on original Airtek V.2024 PDF page 349.
D23A280D315-92-01,Published P-Q table 01,static_pressure,1725.0,01,720.0,150.0,232.0,,,Airtek Power Catalog (AC _ EC).pdf,349,Published numeric Airtek table - verify source page,Numeric Pa / m3/h / rpm / W point printed on original Airtek V.2024 PDF page 349.
D23A280D315-92-01,Published P-Q table 01,static_pressure,1935.0,01,350.0,300.0,214.0,,,Airtek Power Catalog (AC _ EC).pdf,349,Published numeric Airtek table - verify source page,Numeric Pa / m3/h / rpm / W point printed on original Airtek V.2024 PDF page 349.
